# Blender 4.2.3 LTS
# www.blender.org
mtllib modeloLuna.mtl
o luna_-_moon
v 0.829879 1.221503 0.634857
v 0.334854 0.708912 1.160852
v 0.505479 0.779799 1.207956
v 0.735574 0.263912 0.122951
v 0.308785 0.486463 1.140926
v 0.015815 0.623065 0.534824
v 0.796223 0.805306 1.198797
v 0.328717 0.241920 0.998857
v 0.739404 0.304859 1.137284
v 0.439869 0.080649 0.862944
v 0.449789 1.190999 0.428127
v 0.645343 1.090589 0.232657
v 1.017042 0.141671 0.509014
v 0.511841 0.294037 1.125380
v 0.416853 0.470862 0.059771
v 1.134234 0.268961 0.522230
v 0.093127 0.619535 0.932177
v 0.283771 1.064382 0.898755
v 1.196903 0.410019 0.715277
v 1.071288 0.875977 0.281417
v 0.886368 1.069017 0.300745
v 1.037256 0.756059 0.182102
v 0.860227 1.018030 0.220415
v 0.537747 1.213969 0.439557
v 0.123174 0.849154 0.929031
v 0.214129 0.192995 0.446141
v 0.170881 0.957750 0.372112
v 0.928724 1.036794 0.292725
v 0.577818 0.168344 0.204313
v 0.191441 0.460361 0.200772
v 0.115803 0.895159 0.358925
v 0.556126 0.028896 0.401997
v 0.800655 0.231831 0.158075
v 0.982088 0.268915 0.233974
v 0.059336 0.816245 0.434780
v 0.303079 0.625290 0.077797
v 0.742961 0.179324 0.186537
v 0.708459 0.011853 0.723884
v 0.178336 1.035228 0.660007
v 0.455936 0.536334 1.206059
v 0.683323 0.102850 0.968959
v 1.117133 0.303150 0.782021
v 0.092175 0.573761 0.934389
v 0.947071 0.604188 0.113303
v 0.312359 0.087215 0.559855
v 0.486840 0.322259 0.095852
v 0.634623 1.006271 0.148724
v 0.892945 0.517852 1.163254
v 1.173428 0.450370 0.382072
v 0.037159 0.604400 0.417265
v 0.675018 1.225268 0.742942
v 0.731816 1.230918 0.686726
v 1.137784 0.852211 0.363268
v 0.703102 0.610433 1.232075
v 0.752893 0.936629 1.171274
v 0.208157 0.276493 0.295935
v 0.190205 0.310286 0.300034
v 0.274813 0.145963 0.456409
v 0.955949 0.096251 0.494257
v 0.766139 1.016360 1.096024
v 0.028903 0.478704 0.503066
v 1.065612 1.001269 0.458783
v 0.133253 0.322223 0.392944
v 0.915164 0.671994 0.067619
v 0.177410 0.186087 0.692176
v 0.785913 0.664934 1.218812
v 0.248870 0.118168 0.610531
v 0.026673 0.444271 0.532819
v 0.407671 0.242652 1.048054
v 0.263997 1.119074 0.602818
v 0.869770 0.220466 0.194254
v 0.881611 0.109252 0.339286
v 0.703986 0.573940 0.017232
v 0.660833 0.261254 0.127839
v 0.721866 1.204094 0.422902
v 1.088976 0.973843 0.446748
v 1.190285 0.428261 0.425167
v 0.910397 0.170429 0.270423
v 0.954357 1.159159 0.649617
v 0.718253 0.011265 0.678695
v 0.153594 0.261926 0.438822
v 0.865779 0.117092 0.941378
v 0.674922 1.205854 0.429701
v 0.345850 0.472061 1.156476
v 0.955915 0.060559 0.699693
v 0.649953 0.000041 0.545540
v 0.674148 0.683197 1.239467
v 0.902347 1.161860 0.448781
v 0.785948 0.875192 1.185923
v 0.321160 0.097663 0.489220
v 0.388949 0.482392 0.063374
v 0.297561 0.224944 0.274186
v 1.166343 0.852396 0.427009
v 0.213452 0.963807 0.314451
v 1.149888 0.367702 0.788993
v 0.484666 0.322121 1.130731
v 0.832967 0.882683 1.163423
v 0.212273 0.161044 0.550372
v 1.103311 0.452439 0.273047
v 0.088219 0.782255 0.343424
v 0.648358 0.600404 0.019379
v 1.245455 0.683540 0.657877
v 0.080852 0.522538 0.333850
v 0.895693 0.130772 0.917449
v 0.733789 0.954582 1.161630
v 0.916861 0.065863 0.778629
v 1.107854 0.471789 0.281349
v 1.149282 0.694398 0.300980
v 0.042038 0.428485 0.504123
v 0.614012 0.228149 0.144829
v 0.537148 0.212190 1.076640
v 0.942448 1.031089 0.965424
v 1.040802 1.035385 0.807993
v 0.147590 0.229413 0.699052
v 0.255806 0.305253 0.226628
v 0.006444 0.622765 0.635256
v 0.835597 0.187428 0.202524
v 1.106483 1.007396 0.657199
v 1.095099 0.958944 0.425704
v 0.296904 0.115165 0.510608
v 0.600330 1.006773 0.149606
v 0.112645 0.560573 0.278413
v 0.688512 0.353079 0.078750
v 1.057493 0.222636 0.766905
v 0.979149 0.157661 0.373864
v 0.158483 0.347869 0.910049
v 0.291148 0.818138 1.111969
v 1.087132 0.795728 0.249776
v 0.585962 0.274674 1.129384
v 0.460595 0.312547 0.107379
v 0.209479 0.765696 0.176988
v 0.019956 0.683380 0.712190
v 1.080000 0.348518 0.289023
v 0.986329 0.101885 0.681613
v 0.113558 0.496706 0.952506
v 1.119634 0.467171 0.294599
v 0.237227 0.431414 1.082485
v 0.242870 0.662732 1.104760
v 0.941486 0.870488 0.145768
v 0.171169 0.317426 0.309640
v 0.615364 0.706689 1.246039
v 0.923249 0.064737 0.583543
v 0.762885 1.179123 0.843768
v 0.503573 0.814757 1.197154
v 0.972418 1.109827 0.769951
v 1.034636 0.528604 1.052095
v 0.360308 0.263056 0.190414
v 0.095723 0.924923 0.546367
v 1.132863 0.567696 0.272995
v 0.576726 0.147425 0.230769
v 0.062696 0.740287 0.334886
v 0.195862 1.052618 0.695108
v 0.766397 0.502994 1.204903
v 0.225540 0.416754 1.061499
v 0.548178 1.239891 0.611982
v 0.852063 1.188573 0.451533
v 0.870241 1.179965 0.464628
v 0.492584 0.278805 1.108160
v 0.249654 0.433951 1.096910
v 0.914024 0.038581 0.696153
v 0.560412 0.167225 0.215921
v 0.830586 0.275308 1.093310
v 0.053710 0.388203 0.473158
v 1.127423 0.255953 0.498987
v 0.642962 0.919908 1.174618
v 0.950630 0.273554 0.200097
v 1.187543 0.903252 0.628354
v 1.213901 0.456233 0.454176
v 0.117941 0.972324 0.595606
v 1.198848 0.861960 0.573987
v 0.194449 0.678644 0.165336
v 0.510356 0.188291 1.037092
v 0.130919 0.717857 0.985985
v 0.702873 1.055930 0.204956
v 0.181540 0.551297 1.064367
v 0.835610 1.211829 0.564162
v 0.485260 0.769682 0.022790
v 0.316703 0.097489 0.770287
v 1.044085 0.990666 0.384765
v 0.260535 0.937019 1.013633
v 1.012445 0.130333 0.592316
v 0.972582 0.354189 0.168921
v 0.901623 1.161376 0.743725
v 0.526249 0.355254 0.073371
v 0.897935 0.866109 0.117955
v 1.168408 0.386562 0.774952
v 0.817051 1.185545 0.770660
v 1.040392 0.500551 1.039381
v 0.221748 0.915954 0.256837
v 0.056845 0.743505 0.361709
v 0.299104 1.125905 0.455265
v 1.239971 0.755535 0.565967
v 0.698909 0.316798 0.094113
v 1.036273 0.935507 0.964401
v 0.069980 0.779299 0.366335
v 0.515877 0.492175 0.027424
v 0.106527 0.544948 0.949248
v 0.084884 0.903881 0.503987
v 0.280090 1.048709 0.913195
v 0.715390 0.035736 0.382552
v 0.882251 0.341202 0.104432
v 1.164778 0.934468 0.656971
v 0.779203 1.229732 0.677975
v 0.194195 0.149901 0.654832
v 1.099427 0.618800 1.004728
v 0.883154 0.032614 0.633655
v 0.796023 0.178967 1.027817
v 0.946306 1.134084 0.446719
v 0.286973 0.459671 1.119368
v 0.720261 1.177266 0.374109
v 0.616689 0.007165 0.710149
v 0.073189 0.904044 0.632326
v 0.226392 1.093947 0.651431
v 0.253248 0.464942 1.098482
v 0.103033 0.289363 0.651967
v 1.058556 0.531040 0.194779
v 0.225591 0.425443 0.184173
v 0.738002 0.087283 0.304847
v 0.508562 0.199021 0.182927
v 0.022274 0.479769 0.567230
v 0.161085 0.628387 1.031822
v 0.756941 0.120133 0.268391
v 0.591600 0.571172 0.010182
v 0.257192 1.096709 0.441103
v 0.136880 0.602938 0.998890
v 0.775400 1.237200 0.527467
v 0.827534 0.021615 0.724652
v 0.147045 0.524301 1.007768
v 0.945457 0.121326 0.390081
v 0.511023 1.207676 0.429425
v 0.098258 0.731691 0.278225
v 0.679138 1.248711 0.604580
v 0.127860 0.875568 0.340104
v 0.075738 0.847891 0.428984
v 0.250025 0.178805 0.834950
v 0.816920 1.222185 0.565031
v 0.061016 0.400534 0.734700
v 0.985672 0.928643 1.026999
v 0.452058 1.219556 0.562969
v 0.961214 1.014931 0.971403
v 0.240980 1.092397 0.727176
v 0.745817 0.621088 1.226435
v 0.926519 0.626972 0.086059
v 0.335684 0.427713 1.132729
v 1.093542 0.457844 0.262816
v 0.500902 0.795882 0.028554
v 0.786834 0.283691 0.108483
v 0.186645 0.172877 0.585390
v 0.593631 0.774637 1.225739
v 0.695030 1.208121 0.799272
v 0.496685 0.649092 1.228617
v 0.040730 0.618041 0.815271
v 0.125897 0.411213 0.315912
v 0.379576 1.151286 0.414302
v 0.072935 0.348050 0.586592
v 0.442959 0.499704 0.046982
v 0.928146 0.575156 0.090049
v 1.104867 0.413729 0.299257
v 1.083580 0.720059 1.017624
v 0.027606 0.669263 0.438793
v 0.074460 0.883987 0.561742
v 0.256459 0.154655 0.471285
v 0.198055 1.059994 0.644749
v 0.393759 0.128708 0.927391
v 0.059700 0.497475 0.830286
v 0.355920 1.172055 0.745099
v 0.307501 0.724317 0.083528
v 0.635008 1.242363 0.607976
v 0.778111 1.228589 0.497425
v 0.916461 1.102075 0.844766
v 0.030436 0.707376 0.754412
v 0.572628 0.440973 1.217847
v 0.415370 1.155157 0.870787
v 0.476259 0.713010 1.215010
v 0.286401 0.351968 0.176848
v 0.304752 0.205005 0.947554
v 0.780457 0.237998 0.135268
v 0.774368 0.256766 0.125567
v 0.877928 0.866460 1.146266
v 0.459649 0.350482 0.081639
v 0.043431 0.577209 0.398527
v 0.836116 1.115547 0.906051
v 1.097561 0.558490 0.228756
v 0.754970 0.444562 1.191215
v 0.612822 0.246576 1.115119
v 0.749319 1.239712 0.578940
v 0.756239 0.065144 0.333428
v 0.777096 1.119034 0.305294
v 0.880901 0.044510 0.771571
v 0.188453 1.017644 0.803624
v 0.105514 0.893379 0.388560
v 0.700618 0.285329 0.113043
v 1.050156 0.223810 0.788563
v 0.543560 0.255572 0.127816
v 0.987469 0.158501 0.814688
v 0.630708 0.687099 1.247350
v 0.798334 0.313137 0.093494
v 0.824028 0.066171 0.378154
v 1.143820 0.969219 0.591919
v 0.560321 0.128300 0.252036
v 0.100572 0.493157 0.920316
v 0.883824 1.194100 0.571329
v 0.126344 0.976278 0.686450
v 0.053163 0.542900 0.381115
v 0.202088 1.064111 0.670588
v 0.047513 0.478798 0.404761
v 1.213529 0.552286 0.412464
v 1.195572 0.855655 0.525913
v 0.770927 0.343064 0.079704
v 0.506285 0.171582 0.209449
v 1.064239 1.035589 0.735671
v 0.750934 0.040675 0.369613
v 0.917722 0.094420 0.410960
v 0.250310 0.903785 0.224699
v 0.079212 0.497498 0.334577
v 0.502633 0.011389 0.526331
v 0.205900 0.423201 1.050458
v 0.315791 0.642737 1.155860
v 0.480453 0.379465 0.067959
v 0.287676 0.131340 0.468383
v 0.555727 1.222051 0.776799
v 0.981534 0.383615 0.160807
v 0.614012 0.185131 0.193800
v 0.781828 1.059885 1.043867
v 0.509410 0.618997 1.231217
v 0.068944 0.862485 0.507638
v 1.127031 0.435639 0.319698
v 0.410648 0.501293 0.053880
v 0.078242 0.422356 0.386149
v 0.822871 0.053142 0.811192
v 0.727184 0.109175 0.976655
v 0.554498 0.181545 1.043707
v 0.334970 0.092725 0.473895
v 0.786934 1.187037 0.410349
v 1.095585 0.286734 0.802089
v 0.880369 0.310879 0.128021
v 0.880136 0.019781 0.731575
v 0.911345 1.185895 0.560638
v 0.888122 1.076241 0.944201
v 0.158953 0.830130 0.245693
v 0.823505 1.119616 0.916322
v 0.894745 0.021294 0.689416
v 0.194503 0.346673 0.261756
v 0.916910 0.044144 0.646641
v 0.815400 0.037746 0.774950
v 0.831676 1.228612 0.594056
v 0.591728 0.234928 1.108121
v 0.265235 0.130033 0.500243
v 0.924196 0.035424 0.669989
v 0.167272 0.356259 0.282090
v 0.897596 0.938231 1.094000
v 0.327421 1.159772 0.710679
v 0.119523 0.816207 0.959710
v 0.030296 0.431148 0.521620
v 0.730080 0.463847 0.040491
v 0.951059 0.073551 0.625463
v 0.191132 0.739277 0.184747
v 0.243759 0.449954 1.086368
v 1.060210 0.783241 0.214780
v 0.820802 0.738229 1.202984
v 0.835314 0.327250 0.096259
v 0.104563 0.948446 0.572242
v 0.305652 1.137373 0.515643
v 0.157062 0.683741 0.203988
v 0.375561 0.973107 1.075994
v 0.902720 0.929800 0.156972
v 0.245374 0.975795 0.300122
v 0.306683 1.152172 0.649733
v 0.973209 0.087272 0.705440
v 0.900289 0.053843 0.772438
v 0.611839 0.073177 0.921178
v 0.585989 0.068889 0.907532
v 0.027675 0.741075 0.552569
v 0.150954 0.829041 0.263763
v 0.098595 0.933816 0.636220
v 0.690812 0.000919 0.611775
v 0.600460 0.011389 0.609513
v 0.524453 0.201863 1.053919
v 0.282932 1.073971 0.871560
v 0.937799 0.073396 0.561463
v 0.187732 0.351362 0.958058
v 0.161109 0.750778 0.209233
v 0.122300 0.896451 0.857494
v 1.206946 0.417465 0.502135
v 0.425882 0.321807 0.111721
v 0.136129 0.559535 0.997441
v 0.390559 0.141668 0.294411
v 0.476518 1.189021 0.832938
v 1.236798 0.525079 0.489969
v 1.217864 0.662423 0.787972
v 0.893344 0.138315 0.307773
v 1.060464 0.740113 0.201636
v 0.468649 0.614600 0.017281
v 0.952672 0.983827 1.020561
v 0.366463 0.437316 1.148697
v 0.952955 0.446597 0.125145
v 0.043525 0.779290 0.476166
v 0.828666 0.942580 1.135317
v 0.373817 1.012711 1.037650
v 0.239105 0.163943 0.485073
v 0.814824 1.209927 0.697103
v 0.905631 0.272420 0.168959
v 0.168484 0.702938 0.191978
v 0.659124 0.477716 1.201427
v 1.201692 0.631033 0.384700
v 0.869493 0.254981 0.173339
v 0.946062 1.157214 0.503863
v 0.973436 1.106066 0.446654
v 0.777443 0.462709 0.046077
v 0.840980 1.177952 0.429585
v 0.896827 0.300179 0.144849
v 0.879516 0.017173 0.697374
v 0.011107 0.585633 0.531546
v 0.009775 0.688128 0.664837
v 0.113887 0.939125 0.459734
v 0.388321 1.190468 0.540079
v 1.084284 0.202041 0.595905
v 0.984013 1.059314 0.861856
v 1.062630 0.299948 0.313033
v 0.158884 0.578381 1.030996
v 0.247994 0.617163 1.116767
v 0.790640 0.024426 0.728360
v 0.757399 0.730284 0.023622
v 0.914632 0.314749 0.139689
v 0.966046 0.091529 0.613041
v 0.125872 0.869227 0.899617
v 0.939040 0.049669 0.678969
v 0.023875 0.759541 0.617868
v 0.609077 0.643961 1.247305
v 0.039082 0.796185 0.614444
v 0.264344 0.975793 0.283027
v 0.106773 0.324879 0.768478
v 0.409231 1.215766 0.710213
v 0.500151 0.070212 0.870659
v 0.912569 0.053323 0.748507
v 1.008429 1.087332 0.486209
v 0.968559 0.075555 0.688558
v 1.085743 0.388817 0.282087
v 0.954320 1.176669 0.558880
v 0.751952 0.571311 1.219596
v 0.137544 0.781688 0.247453
v 0.854522 0.420348 0.079695
v 1.035018 0.316289 0.950993
v 0.594957 1.233999 0.514908
v 0.547117 0.643793 1.240685
v 0.161012 0.918029 0.325228
v 1.092580 0.947583 0.394040
v 0.933719 1.169801 0.518108
v 0.284112 0.156855 0.388869
v 0.913598 0.109128 0.358303
v 0.011997 0.543030 0.688137
v 0.036731 0.778468 0.690798
v 1.212853 0.771158 0.464935
v 0.254245 0.134990 0.547151
v 1.001228 0.867144 0.196478
v 1.105421 0.265007 0.735606
v 0.156492 0.892490 0.303904
v 0.141818 0.882178 0.317051
v 0.543139 0.021927 0.756674
v 0.512293 0.217255 1.068991
v 0.437994 0.448979 1.181927
v 0.096947 0.918958 0.720110
v 0.982183 1.117127 0.475515
v 0.143077 0.859085 0.302773
v 0.784192 1.147075 0.899003
v 0.588763 0.800999 0.021876
v 0.642388 0.317251 0.102418
v 0.994989 1.130265 0.583610
v 1.021070 0.483186 0.168439
v 0.733460 0.912228 1.179485
v 0.629711 1.168480 0.341751
v 0.880653 1.183711 0.708452
v 0.732524 0.209545 0.162811
v 0.939903 0.491403 1.125490
v 0.957136 0.657236 0.107911
v 0.588485 0.404738 0.049125
v 0.449910 0.945445 0.132322
v 0.551638 0.756207 0.008676
v 0.854398 0.693702 1.197564
v 0.815379 1.087959 0.990322
v 1.105075 0.492549 0.262831
v 0.701718 0.920488 1.172022
v 0.301509 1.068819 0.916767
v 1.059624 0.653548 0.187936
v 0.121279 0.774311 0.278768
v 0.567526 0.343406 0.079703
v 0.130349 0.741429 0.240218
v 1.111086 0.724331 0.982365
v 0.623193 0.276528 1.133584
v 0.104117 0.460663 0.906158
v 0.103100 0.928558 0.508949
v 0.751780 1.234198 0.660765
v 0.363145 1.128359 0.871321
v 0.730297 0.832294 1.205319
v 0.976976 0.088760 0.661113
v 0.644163 1.197020 0.849458
v 0.234172 1.092103 0.599400
v 0.168526 0.783658 1.017782
v 1.153489 0.333284 0.447490
v 0.535506 0.665770 1.239425
v 0.228845 0.672208 0.135238
v 0.617274 0.125360 0.249738
v 0.595824 0.365939 0.067476
v 1.204751 0.536655 0.399531
v 0.556016 0.269148 1.120168
v 0.084060 0.863201 0.784343
v 0.628116 0.743321 1.234931
v 0.669216 0.234434 0.143692
v 0.091108 0.336964 0.466507
v 0.258803 0.333804 1.025699
v 0.962223 0.593292 1.130207
v 1.173648 0.557527 0.886618
v 0.024870 0.531078 0.441334
v 0.927174 1.088664 0.363073
v 0.876558 0.592700 0.058641
v 0.267131 1.107663 0.512794
v 0.846130 1.203488 0.696187
v 0.931741 1.122428 0.782197
v 0.271820 0.151067 0.827485
v 0.234813 0.156607 0.519736
v 0.139141 0.393605 0.916741
v 0.697677 1.026672 0.173352
v 0.389107 0.077744 0.396545
v 0.270390 0.216017 0.316020
v 0.868116 1.093738 0.922534
v 0.932420 1.074696 0.887525
v 0.179736 0.618659 0.184452
v 0.054378 0.797851 0.420041
v 0.650843 0.978015 1.139118
v 0.511517 1.203558 0.814214
v 0.786961 0.911319 1.179506
v 0.757611 0.805740 0.042718
v 0.733226 1.160699 0.909744
v 0.135587 0.339767 0.361415
v 0.480353 1.222308 0.458590
v 0.037232 0.433396 0.628589
v 0.223070 1.069680 0.741936
v 0.929623 1.111334 0.813875
v 0.326396 0.393354 1.102257
v 0.104041 0.642658 0.953118
v 0.606292 0.601899 0.009516
v 0.890952 0.553112 1.171182
v 0.445725 0.130508 0.267729
v 0.950499 1.075209 0.873167
v 0.532909 0.744892 1.224157
v 1.036671 0.183276 0.751400
v 0.457549 0.256040 1.079117
v 0.279559 0.116578 0.545177
v 0.717022 0.005130 0.529417
v 0.681629 0.007373 0.476666
v 0.811493 0.045124 0.795515
v 0.640917 0.224752 0.150864
v 0.910868 0.051864 0.711954
v 0.972278 0.977545 0.258869
v 0.166707 0.876610 0.273949
v 1.142662 0.944484 0.524101
v 0.323078 0.115935 0.416614
v 0.938118 1.192535 0.570525
v 0.225203 0.886707 1.020632
v 0.296362 0.321326 1.040229
v 0.642986 0.003772 0.653565
v 1.202148 0.716046 0.403880
v 0.743848 0.593822 0.019392
v 0.188670 0.594801 1.065885
v 0.532547 0.115303 0.259657
v 0.187219 0.872256 0.993084
v 0.439531 0.052282 0.792785
v 0.332702 0.099098 0.803513
v 0.413423 1.186941 0.791477
v 0.391279 0.110171 0.328444
v 0.215417 1.021307 0.854608
v 0.357130 0.511128 1.168507
v 0.141897 0.806287 0.267706
v 0.363297 0.597571 1.178090
v 0.131507 0.947684 0.800650
v 0.811513 0.209365 0.176092
v 0.450499 0.775226 1.195562
v 0.904353 0.357923 0.118497
v 0.584763 0.584475 1.232797
v 0.113391 0.969141 0.625927
v 0.586359 0.012872 0.738284
v 0.906633 1.177749 0.675639
v 0.481215 0.267550 0.132315
v 0.932673 0.651299 0.089002
v 0.080713 0.910168 0.588906
v 0.888034 0.027119 0.707851
v 0.230757 0.322077 0.981222
v 0.087124 0.868184 0.404617
v 0.812049 0.030961 0.752434
v 0.431494 0.340505 1.118369
v 0.077563 0.657337 0.899297
v 0.285062 0.840637 1.090418
v 0.222580 0.215991 0.853334
v 0.125702 0.955080 0.500599
v 0.814737 1.005975 1.087596
v 0.984906 1.080085 0.433473
v 1.069275 0.713667 0.206537
v 0.080697 0.903831 0.684035
v 0.169406 0.316849 0.894622
v 1.044474 1.061465 0.520647
v 0.580814 0.042887 0.366991
v 0.738876 0.343275 0.080975
v 1.184729 0.886488 0.554374
v 1.187279 0.452589 0.799120
v 0.368091 0.381718 1.111087
v 0.715789 0.488341 0.034583
v 0.590209 1.133015 0.972569
v 0.167944 0.549502 1.048556
v 0.747553 0.030212 0.383328
v 0.208576 1.021800 0.420054
v 0.093475 0.698554 0.285942
v 1.141827 0.437799 0.338282
v 0.313485 0.085498 0.734307
v 0.974028 1.003782 0.292248
v 0.101851 0.678629 0.945016
v 0.911987 1.129354 0.796562
v 0.793653 0.941429 1.161660
v 0.130834 0.484321 0.268034
v 0.340975 0.063711 0.599217
v 0.810607 0.107966 0.304256
v 0.461670 0.038135 0.404583
v 0.553672 0.710087 0.004864
v 0.513184 0.773252 0.011798
v 0.151614 0.852636 0.281215
v 0.960581 0.106370 0.777035
v 0.390710 0.958424 1.097467
v 0.936633 0.128685 0.362530
v 0.850880 0.095432 0.333770
v 0.838541 0.125133 0.294840
v 1.222062 0.812985 0.571784
v 0.199912 0.536822 1.068167
v 0.810447 1.104659 0.957524
v 0.814066 0.899074 1.169383
v 1.188282 0.604066 0.357101
v 0.440938 0.888603 1.151019
v 0.372789 0.949184 1.096010
v 0.946517 1.180403 0.537081
v 0.488726 1.229151 0.573039
v 0.809481 1.228135 0.618073
v 1.100582 0.238535 0.470742
v 0.373516 0.170074 0.966099
v 1.114104 0.532151 0.255931
v 0.110709 0.694102 0.262556
v 0.960025 0.632376 1.137148
v 0.770860 1.120905 0.965140
v 0.733914 0.418763 0.051847
v 0.084430 0.327137 0.558733
v 0.838026 0.246538 0.165849
v 0.089277 0.551230 0.314771
v 0.818356 1.201925 0.451696
v 1.213192 0.588506 0.801046
v 0.230200 0.309907 0.237656
v 0.311311 0.950267 0.216539
v 0.878889 0.180131 0.236093
v 0.689201 1.237491 0.531378
v 1.232227 0.487854 0.609667
v 0.076233 0.591959 0.330033
v 1.045440 0.338058 0.258780
v 0.862857 0.559701 1.185862
v 0.083506 0.840286 0.395144
v 0.866946 1.131288 0.849593
v 1.190871 0.586966 0.858582
v 0.582042 0.246944 0.133891
v 0.452759 0.335101 1.116664
v 0.884547 1.196643 0.637096
v 0.473523 0.155813 0.996566
v 0.283801 0.254139 0.252355
v 0.141089 0.873505 0.953398
v 0.397851 0.867766 1.143698
v 0.865463 1.219110 0.613424
v 1.060632 1.063012 0.573507
v 0.512911 0.137740 0.242884
v 0.903778 0.216633 0.207988
v 0.062436 0.388523 0.447280
v 0.547539 0.925535 1.158915
v 0.051833 0.691301 0.376379
v 0.239723 0.861843 0.202033
v 0.548685 1.213112 0.812394
v 0.954480 0.923020 0.190060
v 0.907847 0.602230 1.167792
v 0.973029 0.949486 0.233411
v 0.140222 0.228955 0.626983
v 0.924072 0.493395 0.097697
v 0.026997 0.712493 0.523095
v 0.257345 1.050987 0.876350
v 0.746661 0.141807 0.235490
v 0.143979 0.755376 0.997447
v 1.142636 0.290956 0.490929
v 0.037240 0.458408 0.725856
v 1.067144 1.028915 0.511334
v 0.623113 0.403055 1.200891
v 0.332979 0.768970 0.087600
v 0.244427 0.699112 0.123903
v 0.598722 0.695584 1.240608
v 0.076350 0.800020 0.374463
v 0.071331 0.396819 0.410941
v 0.335245 0.815261 1.135596
v 1.109385 0.757341 0.974540
v 0.272925 0.732624 0.113348
v 0.454298 0.461883 0.049393
v 0.054151 0.436401 0.763041
v 0.022377 0.747936 0.589085
v 0.096523 0.767168 0.916585
v 1.069152 0.961590 0.887324
v 0.806249 1.199232 0.740358
v 0.905103 0.029632 0.679471
v 0.836059 1.150201 0.835935
v 0.761160 0.169680 0.212172
v 0.057034 0.660940 0.362536
v 0.797569 1.218764 0.483580
v 1.074165 0.462018 0.232059
v 1.144955 0.919244 0.474635
v 0.872033 0.614188 1.188205
v 1.227747 0.521009 0.459742
v 0.240887 0.130417 0.588278
v 0.693010 0.019078 0.417103
v 0.356602 0.325034 1.068732
v 1.040790 0.600817 0.170271
v 0.665398 0.131940 0.242972
v 0.038232 0.785208 0.574014
v 0.798163 1.231299 0.589531
v 0.796487 1.223040 0.516672
v 0.822433 0.845693 1.181094
v 0.210339 0.616253 0.153113
v 0.854046 0.181344 0.220970
v 0.981824 1.142454 0.589101
v 1.134033 0.624958 0.959600
v 0.121221 0.798451 0.299815
v 0.637155 0.033966 0.391950
v 1.248588 0.641879 0.647571
v 1.224121 0.521753 0.440137
v 0.452155 1.216974 0.465770
v 0.719319 1.216535 0.455869
v 0.900796 1.173756 0.494445
v 0.099910 0.467942 0.325225
v 0.604786 1.039420 0.180221
v 0.029672 0.744646 0.472914
v 0.745829 0.563660 0.021368
v 0.744704 0.502612 0.030693
v 1.006182 0.308436 0.237335
v 1.099200 0.303720 0.827234
v 0.789322 0.016494 0.674890
v 0.311077 0.372580 1.085263
v 0.419180 1.122716 0.931935
v 0.494107 0.060626 0.319471
v 0.948378 0.114206 0.798329
v 0.649118 0.559320 0.014301
v 0.062329 0.827291 0.401508
v 1.146192 0.792933 0.900704
v 0.360434 0.351677 1.085692
v 0.745189 1.219221 0.721494
v 0.123743 0.521404 0.971888
v 0.532027 0.174432 1.028872
v 1.034147 1.080104 0.657480
v 0.591448 0.633057 1.244612
v 0.884551 0.524741 0.067926
v 0.523646 0.833089 0.041630
v 0.557442 0.816975 0.028223
v 1.028965 1.038602 0.440142
v 1.010117 1.041200 0.423746
v 0.850349 1.133312 0.846469
v 0.685821 0.447677 0.037134
v 0.603457 0.872720 0.053389
v 1.089836 0.428039 0.273113
v 0.087226 0.923178 0.664448
v 0.392333 0.289565 0.151494
v 0.185536 0.739006 1.045060
v 0.516829 0.696088 1.228548
v 1.144046 0.586588 0.941339
v 0.508842 0.669104 1.230466
v 0.060332 0.436706 0.395419
v 0.695007 0.275962 0.120362
v 0.545055 0.575494 1.229552
v 0.513117 0.022733 0.445757
v 0.553309 0.223064 0.149267
v 1.150151 0.545748 0.923175
v 0.932588 0.346662 0.139920
v 0.837886 0.210736 0.185501
v 0.707541 0.190799 0.179407
v 0.445452 1.162725 0.875142
v 0.574841 1.224838 0.465553
v 0.095521 0.418447 0.854476
v 0.323991 0.415335 1.122527
v 1.248634 0.665623 0.622855
v 0.554536 0.670968 1.237322
v 1.045326 1.001937 0.418628
v 0.375432 0.543813 1.177877
v 0.646428 0.656871 0.006179
v 1.040247 0.185893 0.434383
v 0.274648 0.367623 1.061306
v 0.547488 0.323775 1.149902
v 0.788876 0.989809 1.110327
v 0.687082 1.171026 0.901376
v 0.284717 0.584515 1.140504
v 1.060728 0.196524 0.712785
v 0.386170 0.193952 0.990843
v 0.544049 1.196612 0.843018
v 0.990488 0.140010 0.434128
v 0.903740 0.587028 0.071774
v 0.831059 0.967581 1.114882
v 0.858601 0.323187 0.112495
v 0.962811 1.151895 0.528417
v 0.948268 1.146939 0.476615
v 0.486229 0.023400 0.729397
v 0.458619 0.302269 1.105837
v 0.081997 0.536403 0.900721
v 1.056734 0.835980 1.010271
v 1.151331 0.650068 0.934551
v 0.558177 1.169017 0.345095
v 0.364970 0.397152 1.121154
v 0.243148 0.502634 1.096966
v 0.013859 0.523917 0.602828
v 0.291714 1.109780 0.412458
v 1.062636 1.049076 0.536231
v 0.917978 1.178035 0.536660
v 1.006422 1.050094 0.850522
v 0.851967 0.197360 1.021329
v 0.180389 0.829086 1.014934
v 0.792226 0.560404 1.210310
v 0.386785 1.101367 0.937626
v 1.023198 0.411616 0.195773
v 0.037121 0.695439 0.421476
v 1.216648 0.487604 0.435951
v 0.677408 1.048869 0.190559
v 0.665781 1.241482 0.634828
v 0.053144 0.705395 0.832198
v 0.181041 0.485397 1.035203
v 1.006562 1.105181 0.668943
v 1.106424 0.883518 0.909185
v 0.176747 0.976510 0.856068
v 0.170771 0.270774 0.844055
v 1.113638 0.449458 0.940281
v 0.835998 1.151190 0.382413
v 1.037377 0.254851 0.881097
v 0.811029 0.057501 0.837393
v 1.050470 0.444548 1.011967
v 0.793353 1.236091 0.548496
v 0.015950 0.504929 0.512406
v 0.206491 0.925597 0.971229
v 0.377641 0.286156 1.059648
v 0.106551 0.944723 0.597390
v 0.909004 0.202529 0.229505
v 0.908210 0.056363 0.592672
v 0.897527 0.043085 0.609219
v 1.013871 0.869432 1.037841
v 1.106346 0.965940 0.790634
v 0.955328 0.060417 0.731965
v 0.412593 0.368592 0.087626
v 0.363750 0.816949 0.092134
v 0.248184 0.363577 0.191741
v 0.637722 0.451659 1.209428
v 0.945553 0.812085 1.121217
v 0.028343 0.696687 0.494667
v 0.854754 1.125137 0.879616
v 1.217665 0.505188 0.436123
v 0.776179 0.057963 0.353263
v 0.252293 0.752861 1.099892
v 0.752561 1.021424 0.180677
v 0.420314 0.358441 1.127748
v 0.168183 0.810151 1.008651
v 0.161955 0.442646 0.998905
v 0.997306 1.079928 0.455238
v 0.865307 0.064861 0.421431
v 0.692515 0.953742 1.159973
v 0.668808 0.006136 0.705859
v 0.586186 0.007221 0.685356
v 0.759255 1.229768 0.508128
v 0.542888 0.193447 1.053181
v 0.007731 0.587949 0.685961
v 0.440818 0.067824 0.334704
v 1.193365 0.464928 0.403285
v 0.352392 0.999972 1.035200
v 0.980581 1.049745 0.892950
v 0.803578 0.216177 1.058789
v 0.125527 0.922582 0.399189
v 0.256787 0.624641 0.107365
v 0.688611 0.514787 1.216584
v 0.056977 0.454571 0.411331
v 0.932926 0.077638 0.517155
v 0.597397 0.140207 0.240505
v 1.031989 0.679857 0.164675
v 0.698644 0.166128 0.203367
v 0.869184 1.132426 0.827365
v 0.507789 0.056679 0.837029
v 0.036439 0.523540 0.417387
v 0.841168 1.227631 0.609636
v 0.182042 0.853732 0.244509
v 0.628953 0.901378 0.067937
v 1.083860 0.213673 0.676979
v 1.117459 0.999529 0.621072
v 0.771202 1.179102 0.386728
v 0.991722 0.256134 0.260709
v 1.232176 0.755597 0.514547
v 0.746299 0.398899 0.058270
v 0.399252 1.210835 0.672511
v 0.039641 0.654388 0.411240
v 0.912804 1.142132 0.764995
v 0.787074 0.052512 0.381308
v 0.088321 0.360742 0.428140
v 0.137702 0.711307 0.228751
v 0.932608 0.924748 0.164995
v 0.055735 0.438501 0.452016
v 0.642393 0.401266 0.052530
v 0.922832 0.038087 0.679514
v 0.264565 0.486163 1.114686
v 0.660622 0.199207 0.175248
v 0.296347 0.122355 0.486882
v 0.447659 0.355201 1.130045
v 1.095675 1.002201 0.522119
v 0.562485 0.183227 0.196383
v 0.969410 0.191980 0.309776
v 0.280624 1.036233 0.939722
v 0.299725 0.775211 0.108839
v 0.082612 0.888280 0.721187
v 0.536634 0.206880 0.168773
v 0.642406 0.322730 1.159960
v 0.854720 0.953946 1.111589
v 0.696235 0.248822 0.133451
v 0.575733 0.566363 1.229652
v 0.320196 0.171993 0.934693
v 1.241256 0.565935 0.540045
v 0.132419 0.791570 0.977313
v 0.378084 0.705487 0.049061
v 0.962268 0.711861 0.110159
v 0.278324 1.133947 0.620853
v 0.651479 1.242807 0.571161
v 1.064084 0.244871 0.773692
v 1.176434 0.916565 0.658477
v 1.027861 0.361471 0.226057
v 0.297404 0.085904 0.612209
v 0.808199 0.073483 0.356916
v 0.714160 1.239710 0.653870
v 0.483611 0.996699 1.099894
v 0.355932 0.960796 0.192071
v 0.199111 0.627685 1.073649
v 0.886261 0.094803 0.853357
v 0.861613 0.027610 0.641273
v 0.376188 0.315635 1.072618
v 1.103570 0.997893 0.700222
v 0.047584 0.800191 0.496671
v 0.184969 0.185462 0.548475
v 0.487233 1.229913 0.486076
v 0.303531 1.021580 0.298204
v 0.912538 0.094372 0.814678
v 0.857210 0.031421 0.613026
v 0.323640 0.342015 1.067886
v 0.774394 1.057232 0.223872
v 0.717436 0.020805 0.401441
v 0.432788 0.430546 0.062559
v 0.604520 1.238249 0.546246
v 0.302595 0.993966 0.999673
v 1.222030 0.460238 0.660920
v 0.977363 0.111850 0.749478
v 0.390549 0.339953 0.117950
v 0.317933 1.140043 0.767262
v 0.454372 0.581470 0.023655
v 0.543708 0.043809 0.837682
v 1.137115 0.681376 0.951300
v 0.988532 0.604885 0.132702
v 1.039762 0.899204 0.990946
v 1.088770 1.027814 0.617018
v 0.761809 0.533809 1.207623
v 0.157546 0.343450 0.317937
v 1.060815 1.060023 0.611631
v 0.737071 0.082266 0.925929
v 1.146099 0.971156 0.620889
v 0.942959 1.175295 0.601183
v 0.360076 1.172511 0.516906
v 0.829280 1.164402 0.804670
v 1.081025 1.001617 0.786087
v 0.495735 1.062777 1.040899
v 0.780937 0.039539 0.410494
v 0.937103 0.057231 0.697653
v 1.082556 1.036544 0.566219
v 0.059696 0.615517 0.359855
v 0.690114 0.067399 0.318177
v 0.505717 0.164482 1.016378
v 1.040139 0.217205 0.372634
v 0.863261 0.753387 1.185276
v 0.990773 0.467652 1.071908
v 0.346853 0.145755 0.912823
v 1.005433 0.471864 1.053774
v 0.271629 0.427713 1.101200
v 1.120787 0.656444 0.977368
v 0.720614 0.384649 0.061330
v 0.925164 1.089827 0.857815
v 1.132201 0.975346 0.679375
v 0.467872 1.000507 0.171216
v 0.942143 0.308162 1.043472
v 0.718179 0.781471 0.027492
v 0.008699 0.547999 0.632493
v 1.232634 0.491830 0.545977
v 0.021464 0.711607 0.572141
v 1.035599 1.042552 0.478832
v 0.768267 1.206068 0.776458
v 0.747963 0.015609 0.718777
v 0.732210 1.056509 0.210404
v 0.189119 1.006975 0.446324
v 0.316528 0.112967 0.448684
v 0.018249 0.503594 0.546748
v 0.610335 0.337252 0.087184
v 0.624734 1.214761 0.447201
v 0.620973 1.065659 1.058961
v 0.129973 0.308707 0.807991
v 0.694757 0.034187 0.358409
v 0.913837 1.070442 0.326214
v 0.008583 0.588374 0.594879
v 0.441242 0.025748 0.688680
v 0.683429 0.146339 0.229078
v 0.902242 0.050498 0.759372
v 0.552803 0.776597 1.217449
v 0.232818 0.543464 1.112527
v 0.298526 1.093503 0.380244
v 0.587351 0.170321 1.044490
v 0.667577 1.155602 0.934497
v 0.523009 1.002157 0.156096
v 0.916808 1.188763 0.584180
v 1.025970 1.014045 0.882016
v 0.324182 0.895931 1.090695
v 0.884101 0.036267 0.754103
v 0.176735 0.770073 0.201236
v 0.385046 0.097804 0.865654
v 0.304641 1.032518 0.962601
v 0.581066 1.212271 0.432513
v 0.401411 0.417217 1.154613
v 0.426821 0.265794 1.069469
v 1.165845 0.471832 0.350159
v 0.240021 0.770604 0.149832
v 0.893653 0.074424 0.802964
v 0.754728 0.426757 0.050751
v 0.944178 0.246367 0.223570
v 0.109029 0.950266 0.695584
v 0.276653 0.655810 1.130657
v 0.404210 0.155405 0.963607
v 0.574379 0.640898 0.003440
v 0.927321 1.181539 0.549368
v 0.880770 1.163679 0.760347
v 0.670865 0.647359 1.240647
v 0.353745 0.088695 0.441689
v 1.232884 0.664858 0.736289
v 0.850838 1.158100 0.402806
v 0.918514 0.518829 0.088912
v 0.244495 1.107210 0.700033
v 1.163534 0.512424 0.330148
v 0.017055 0.496939 0.632037
v 0.159882 0.500976 1.024168
v 0.278102 0.285833 0.224849
v 1.146704 0.951737 0.690415
v 1.096513 0.268091 0.765119
v 0.996934 0.220824 0.310580
v 0.182837 0.364925 0.253046
v 0.899428 0.648870 0.064637
v 0.451376 1.218576 0.702025
v 0.896173 0.620118 0.065376
v 0.380789 0.230053 1.024089
v 0.723910 0.086678 0.944857
v 0.716203 0.640001 0.014007
v 0.032253 0.552143 0.773748
v 0.513017 1.193556 0.399836
v 0.949673 0.058089 0.681086
v 0.441220 1.087249 0.990436
v 1.115157 0.292784 0.415891
v 0.701239 0.811868 0.034620
v 1.113851 0.514275 0.965153
v 0.222998 0.347536 0.998534
v 0.614580 0.740429 0.007561
v 0.871094 0.042062 0.582623
v 1.018395 0.206221 0.840571
v 0.078638 0.727766 0.311667
v 0.924695 0.840901 0.121843
v 0.513644 1.119346 0.977511
v 0.689016 1.119221 0.989919
v 0.786807 0.110434 0.957026
v 0.335998 1.033579 0.984732
v 0.260857 0.453315 1.110832
v 0.240549 1.107544 0.635184
v 0.791586 0.746087 0.034594
v 0.632122 0.157762 0.220847
v 0.596668 0.020313 0.780359
v 0.772609 0.204557 0.168545
v 0.353930 0.069944 0.754385
v 0.549348 0.009507 0.494206
v 0.190806 0.645152 0.171447
v 0.421618 0.311668 1.089895
v 0.476615 0.228516 0.164742
v 0.089175 0.757228 0.318386
v 0.195858 0.281466 0.315227
v 0.990297 0.955096 1.000542
v 0.413241 0.026814 0.689405
v 0.511738 1.233130 0.664970
v 0.961972 0.203298 0.281498
v 0.807865 0.021526 0.556452
v 0.884298 0.559223 0.062275
v 0.087463 0.882935 0.429912
v 1.085383 0.596916 1.011436
v 0.378838 0.088682 0.832311
v 0.047273 0.417838 0.686923
v 0.263239 0.514948 1.124391
v 0.849366 0.550955 0.049237
v 0.434139 0.717952 0.031270
v 0.539896 1.142499 0.308122
v 0.693282 0.002956 0.658542
v 0.618565 0.144436 0.233147
v 1.248770 0.612542 0.588521
v 0.787284 0.410371 0.064765
v 0.485541 0.109766 0.270991
v 0.927677 1.179947 0.637655
v 0.146547 0.227970 0.556709
v 0.560888 0.621892 1.240539
v 0.763267 1.165521 0.873882
v 0.452184 0.908812 0.105554
v 0.264645 1.105161 0.473238
v 0.242184 0.529527 1.116899
v 0.355010 0.153703 0.937917
v 0.141736 0.918633 0.355737
v 0.242985 1.093782 0.566500
v 0.321062 0.273429 0.211245
v 1.108704 0.414516 0.928325
v 0.523783 0.539572 1.220513
v 0.664372 1.183683 0.379573
v 1.003052 0.734151 0.146412
v 0.988169 0.240720 0.274708
v 0.478977 0.374217 1.154876
v 0.055371 0.788466 0.384827
v 0.991771 0.808966 0.159015
v 0.138209 0.655364 1.002000
v 0.411932 0.700633 1.197835
v 0.219710 0.388091 0.203742
v 0.403742 0.401233 0.081642
v 0.077043 0.605771 0.904448
v 0.405735 0.027905 0.673581
v 0.191159 0.256607 0.368992
v 0.837016 0.154256 0.249735
v 0.117651 0.427986 0.907196
v 0.459206 1.149872 0.918443
v 0.355168 0.135350 0.335883
v 1.215770 0.472173 0.442339
v 0.195813 0.199114 0.471152
v 0.997349 0.118614 0.651189
v 0.260712 0.196308 0.352930
v 0.699780 0.886621 0.068247
v 0.879702 0.039396 0.609738
v 0.926993 0.145173 0.327095
v 0.325052 0.675646 0.068594
v 1.208024 0.845722 0.614487
v 0.212636 0.291069 0.288182
v 0.368698 0.364834 1.105244
v 0.241937 0.837790 0.186461
v 1.179836 0.912451 0.583003
v 0.483216 0.194577 1.039477
v 0.813783 1.181562 0.416887
v 0.088924 0.671829 0.296877
v 0.611504 0.212956 0.163195
v 0.589260 1.229908 0.487616
v 0.881454 1.150320 0.416534
v 0.206736 0.883915 0.244393
v 0.939332 1.138539 0.742524
v 0.230926 0.942766 0.273926
v 0.243172 1.078719 0.776595
v 0.932243 0.907462 0.151235
v 0.782824 0.149000 0.237335
v 0.045107 0.616813 0.391198
v 0.204516 0.494656 0.172617
v 0.801726 0.628909 0.027856
v 0.131401 0.583822 0.247649
v 0.719050 0.046126 0.358851
v 0.978076 0.131797 0.778617
v 1.134954 0.470466 0.313695
v 0.265235 1.126115 0.675527
v 0.514570 0.046154 0.814452
v 0.836974 0.658250 0.038499
v 0.672356 1.156653 0.327754
v 0.164822 0.949169 0.879755
v 0.891319 0.041050 0.741208
v 0.645249 0.002321 0.620259
v 0.245945 0.645718 0.114786
v 0.852332 0.030103 0.751767
v 0.606268 0.457334 0.030416
v 0.988153 1.056624 0.401126
v 0.350981 1.091684 0.343355
v 0.443515 1.221309 0.673843
v 0.331272 0.136132 0.883863
v 0.428324 0.300590 0.127873
v 1.223160 0.781517 0.505303
v 0.653706 1.105074 1.014408
v 0.983025 0.419148 1.066200
v 0.131650 0.855096 0.322654
v 1.031569 0.799797 1.051443
v 0.847756 0.076039 0.857847
v 0.403594 0.449442 1.167963
v 0.094683 0.327778 0.731609
v 0.189628 0.192526 0.744339
v 0.794938 0.251864 0.140113
v 0.337898 0.074566 0.537092
v 0.304490 0.160560 0.887153
v 0.537849 0.007245 0.640709
v 1.223961 0.802108 0.602774
v 1.129346 0.358295 0.365072
v 0.954268 1.116374 0.773463
v 0.969580 0.527964 0.122601
v 0.305839 0.137958 0.864425
v 0.529398 0.241411 1.095794
v 0.511517 0.702257 0.008761
v 0.389203 0.038283 0.705527
v 0.519504 0.006982 0.601285
v 0.814073 0.096064 0.925259
v 0.343964 0.560824 1.167178
v 0.080401 0.877035 0.474559
v 0.760948 0.274605 1.114037
v 0.691270 0.823568 1.213065
v 0.617899 0.567316 0.013208
v 0.101014 0.734768 0.933795
v 0.665688 0.026930 0.390718
v 0.687328 1.106867 0.256540
v 1.243479 0.713097 0.620906
v 1.136945 0.498439 0.300811
v 0.653809 0.105829 0.269503
v 0.062737 0.852368 0.564288
v 0.962549 1.158259 0.613864
v 0.904042 0.907355 0.138576
v 1.023025 0.543708 1.067764
v 0.035530 0.501802 0.424731
v 0.921649 0.540449 1.151385
v 0.536288 0.791539 0.014490
v 0.830469 0.025455 0.630677
v 1.133401 0.267702 0.608885
v 0.220238 0.332973 0.232437
v 0.234641 0.546278 0.137463
v 0.747904 1.236230 0.546233
v 0.610617 0.451585 1.218432
v 0.236481 1.053845 0.828021
v 0.674456 1.240579 0.549839
v 0.081492 0.473552 0.349838
v 0.199887 0.355124 0.236626
v 0.207127 0.928520 0.274792
v 1.177415 0.695715 0.881243
v 0.614048 1.200576 0.411120
v 0.009075 0.553505 0.564011
v 0.237088 0.275400 0.940773
v 1.218784 0.445386 0.492939
v 1.151639 0.295953 0.623432
v 0.605264 1.034137 1.090125
v 0.715579 1.231603 0.509700
v 0.909996 0.785999 1.154039
v 0.850476 0.052189 0.800727
v 0.512637 1.232054 0.531049
v 0.360808 0.253606 1.029501
v 1.158891 0.935610 0.620591
v 0.886486 1.095336 0.336013
v 0.166328 1.022198 0.619366
v 0.726274 1.041783 1.080014
v 1.235754 0.497348 0.515256
v 1.056181 0.481917 0.201857
v 0.824120 0.110678 0.943709
v 0.779537 0.486759 0.041858
v 0.590665 0.534614 0.014133
v 0.705250 0.706988 1.232202
v 0.151680 0.983575 0.505423
v 0.516260 0.544484 0.018078
v 0.557607 0.524476 1.221307
v 0.496086 0.616006 0.011470
v 0.499818 1.233448 0.631889
v 0.433521 0.319171 1.101362
v 0.891054 1.096550 0.904257
v 0.694776 0.593522 0.013428
v 1.030750 1.062860 0.491638
v 1.241040 0.544980 0.515844
v 0.261277 1.081600 0.402075
v 0.330109 0.069404 0.678431
v 0.249065 0.723050 0.126124
v 0.451176 0.403173 1.160231
v 0.845410 1.107625 0.319952
v 1.083365 0.510982 1.001720
v 0.466438 0.627156 1.215968
v 0.778963 1.188245 0.812761
v 0.212091 0.384899 1.019798
v 0.761510 1.154748 0.347028
v 0.894826 1.110764 0.365050
v 0.930673 0.591525 1.151016
v 1.117757 0.898780 0.868457
v 1.006244 0.335743 0.214700
v 1.158259 0.296229 0.541061
v 1.057317 0.480372 1.017912
v 0.130410 0.309310 0.418555
v 0.420280 0.132515 0.941663
v 0.709533 0.018528 0.441247
v 1.219858 0.820583 0.538272
v 1.066243 0.185097 0.538877
v 0.658625 0.068031 0.324288
v 0.682814 0.053244 0.335811
v 0.833413 1.206221 0.531823
v 1.137575 0.883032 0.398888
v 0.179484 0.541464 0.193338
v 0.123891 0.932705 0.420540
v 0.159665 0.796156 0.229200
v 0.579910 0.965751 0.117492
v 0.019701 0.549258 0.725278
v 0.961742 0.193329 0.916566
v 1.093305 0.988377 0.481740
v 0.607169 0.637210 0.005164
v 0.070763 0.759598 0.347850
v 0.805391 0.145913 0.254632
v 0.586758 0.361556 1.176190
v 0.866104 0.929540 0.142525
v 0.066295 0.415272 0.426824
v 1.031153 0.281525 0.920359
v 0.427927 1.214341 0.599947
v 1.237726 0.725381 0.657255
v 0.253334 0.408969 1.077310
v 1.191606 0.573083 0.372840
v 0.155809 0.949725 0.389469
v 1.144286 0.274151 0.548260
v 1.178869 0.346739 0.534992
v 0.902115 1.120368 0.819979
v 0.539444 0.479522 1.214360
v 1.209652 0.741377 0.778411
v 0.899391 0.471573 0.089873
v 0.667629 0.538341 1.222687
v 1.222650 0.789722 0.664852
v 0.545021 0.153715 0.226143
v 0.839794 0.506282 0.055670
v 0.772752 1.211444 0.460273
v 0.856196 1.092982 0.937991
v 0.442203 1.211305 0.511222
v 0.800446 0.023271 0.702444
v 0.837830 0.476444 1.178583
v 1.207395 0.585671 0.400498
v 0.119745 0.371920 0.859851
v 0.220125 0.663075 1.086002
v 0.682517 0.022932 0.796559
v 0.084877 0.907730 0.559802
v 0.752051 0.367722 0.067318
v 1.017684 1.053211 0.459316
v 0.865383 0.387287 0.093769
v 0.289578 0.536668 1.140411
v 0.852634 0.916449 1.136781
v 0.054541 0.774858 0.792712
v 1.164848 0.521889 0.890269
v 0.887100 1.125870 0.849976
v 0.854024 0.161792 0.986798
v 1.094762 0.378767 0.924769
v 1.092496 0.222060 0.493786
v 0.901072 1.079978 0.910296
v 0.319324 0.519286 1.155250
v 1.028044 0.296414 0.273142
v 1.022075 0.804216 0.182711
v 0.022837 0.615737 0.492682
v 0.971907 1.082747 0.409749
v 0.473387 0.075124 0.861115
v 0.625461 0.264884 0.122889
v 0.875162 0.155728 0.968028
v 0.549596 0.852655 1.193977
v 0.426399 0.766808 0.045978
v 0.370465 1.191749 0.681935
v 0.405712 0.305445 1.080005
v 0.950172 0.411790 0.131897
v 0.742134 0.022370 0.443267
v 0.436831 0.068459 0.830612
v 0.932159 0.198891 0.958333
v 0.468182 0.684966 1.215065
v 0.690681 0.199093 1.070931
v 0.543949 0.370002 1.175118
v 0.251265 0.498856 0.134803
v 1.187219 0.389328 0.471943
v 0.911891 0.545972 0.079864
v 0.414627 0.244963 0.176051
v 0.989039 0.561429 0.133338
v 0.868209 1.065995 0.985309
v 1.225389 0.459435 0.587959
v 0.739287 0.012708 0.497501
v 0.970666 0.681829 0.116023
v 0.478669 0.907124 1.153147
v 0.597597 0.678936 0.003419
v 0.089539 0.609956 0.299861
v 0.541086 1.223347 0.748233
v 1.118085 0.685265 0.257194
v 0.058239 0.851718 0.636046
v 1.227161 0.807940 0.540502
v 0.613376 0.942579 0.098365
v 0.179522 0.282325 0.341861
v 0.121185 0.451852 0.941812
v 0.730117 0.849385 0.054905
v 0.121963 0.371533 0.347391
v 0.891155 1.181245 0.521970
v 0.734104 0.877139 1.191466
v 1.059444 0.577163 0.194882
v 0.349283 0.280262 1.039253
v 0.167667 0.991912 0.467726
v 0.143349 0.424238 0.957665
v 0.392015 0.655205 0.038887
v 0.351768 1.019088 0.251276
v 0.020212 0.738005 0.671996
v 0.991998 0.323635 0.197164
v 0.993311 1.034112 0.364083
v 0.545908 0.701966 1.238317
v 0.411608 0.155451 0.265227
v 0.653959 0.350883 0.077320
v 0.730972 0.167498 0.204049
v 1.074032 0.194431 0.640459
v 0.261769 0.243638 0.281133
v 0.938195 0.062317 0.713235
v 0.761607 0.313129 0.097271
v 1.170349 0.610664 0.328372
v 0.924015 0.237448 0.213615
v 0.366511 1.072072 0.962929
v 0.484028 0.527108 0.028729
v 0.254550 0.575730 1.120332
v 0.486857 0.253448 1.090383
v 0.565244 0.100819 0.956997
v 0.776789 0.841104 1.196053
v 0.974678 1.148878 0.556479
v 0.204644 0.285700 0.912425
v 0.539504 0.087364 0.286902
v 0.370445 0.767280 0.068384
v 0.800267 1.140144 0.346446
v 1.048768 0.243092 0.829001
v 0.290509 0.692780 0.078099
v 0.565457 0.203060 1.079336
v 0.557671 0.470852 0.028365
v 0.277132 0.612602 1.133826
v 1.245792 0.649154 0.683994
v 1.029083 1.057670 0.779141
v 0.395367 0.110239 0.898670
v 0.573949 0.590374 0.006965
v 0.389698 0.611864 1.191692
v 0.393486 0.202656 0.227210
v 1.227803 0.651599 0.453745
v 0.266941 0.322076 0.203661
v 0.535542 0.051676 0.336859
v 0.568677 1.237856 0.557413
v 1.111058 0.233734 0.573971
v 0.629789 0.640686 0.008055
v 0.809151 1.031735 0.209728
v 0.832234 0.374567 0.083857
v 0.766761 0.649631 0.019163
v 0.469539 1.227170 0.611275
v 0.846184 1.076583 0.281646
v 0.904542 1.058017 0.964410
v 0.794564 0.180312 0.203086
v 0.237098 0.289303 0.255760
v 0.699742 0.154820 1.028792
v 1.017781 0.180924 0.394591
v 0.215202 0.197195 0.808775
v 0.824430 1.127740 0.889843
v 0.398080 1.188928 0.488246
v 0.276201 1.115541 0.743921
v 0.987646 0.636311 0.128823
v 0.753804 0.042031 0.832783
v 0.993771 0.544620 1.093788
v 1.198890 0.497195 0.398508
v 0.399580 0.268319 1.056148
v 0.563318 1.199290 0.402590
v 0.603178 0.006756 0.593290
v 0.017697 0.746173 0.646840
v 0.684889 0.267071 1.123838
v 0.815425 0.459612 0.057533
v 0.874498 1.192689 0.677966
v 0.320227 0.578085 0.073658
v 0.984581 0.707637 0.127615
v 1.156344 0.635814 0.303502
v 1.002336 1.089593 0.754494
v 0.169186 0.457085 1.022215
v 0.435385 1.213271 0.530845
v 0.876261 0.811960 0.084908
v 1.163060 0.924809 0.552513
v 0.029706 0.745588 0.713043
v 0.370891 0.345175 1.097223
v 0.945759 1.108669 0.412899
v 0.860923 0.021701 0.716473
v 0.871046 0.106585 0.919112
v 0.150102 0.256041 0.775979
v 1.008200 0.916324 0.240730
v 1.031436 0.544602 0.166877
v 0.640385 1.144024 0.958243
v 0.718372 0.145823 0.229645
v 0.918343 0.460823 0.103785
v 0.771884 0.101771 0.296065
v 0.031268 0.507804 0.450640
v 0.041366 0.477302 0.462185
v 1.050167 0.843438 0.232924
v 0.236724 0.270434 0.272813
v 0.428893 0.381585 1.135867
v 0.810954 0.388115 1.156541
v 1.175810 0.857571 0.766703
v 1.190350 0.508809 0.382809
v 0.344984 1.120425 0.389093
v 0.270358 0.158472 0.417527
v 0.595735 1.164668 0.323597
v 0.068773 0.667028 0.336163
v 0.893836 0.164721 0.961303
v 0.129391 0.329963 0.835229
v 0.351259 0.125492 0.897541
v 0.154071 1.001635 0.754130
v 0.677740 0.778350 1.225142
v 0.838616 0.035480 0.768991
v 0.075207 0.405190 0.788229
v 0.919176 0.286467 0.155798
v 1.221789 0.448248 0.550122
v 0.179946 0.527762 1.048090
v 0.863613 0.488865 0.067436
v 0.289284 0.787297 1.123212
v 0.275516 0.338488 1.038909
v 0.018224 0.631004 0.731291
v 0.149280 0.219388 0.665116
v 0.114875 0.275814 0.565005
v 0.938961 0.055674 0.656614
v 1.121984 0.439132 0.303045
v 1.137282 0.932435 0.761735
v 1.144586 0.707091 0.937906
v 0.079951 0.466626 0.858738
v 0.135522 0.436629 0.294250
v 0.625833 0.667185 1.247195
v 0.430342 1.141120 0.355001
v 0.930980 0.064648 0.739561
v 0.612118 0.112750 0.982226
v 0.916269 0.110832 0.843518
v 0.296511 0.125407 0.812247
v 0.461931 0.150114 0.246107
v 0.183280 0.424520 1.024622
v 0.869020 1.130149 0.375731
v 0.794066 1.165975 0.840629
v 0.902788 0.322354 1.081969
v 1.163193 0.914533 0.710753
v 0.923454 0.408315 0.115753
v 0.598271 1.077392 0.217774
v 0.392051 1.074792 0.977495
v 0.857116 0.092540 0.889212
v 1.238322 0.620458 0.495241
v 0.238157 0.168883 0.463299
v 0.032237 0.450779 0.516049
v 0.898713 1.197603 0.619781
v 0.805507 0.284116 0.123713
v 0.022186 0.555890 0.473084
v 0.262230 1.012632 0.941169
v 0.644050 0.456364 0.031667
v 1.167486 0.848527 0.804897
v 0.104136 0.782052 0.316901
v 0.157707 0.306154 0.361070
v 0.991137 1.007617 0.315009
v 0.581383 1.052736 0.194007
v 0.164537 0.382116 0.954698
v 0.956428 1.049092 0.922875
v 0.366725 1.188236 0.696521
v 1.125989 0.249426 0.524463
v 0.728584 0.300060 0.102336
v 0.231950 0.531268 1.099919
v 0.277954 1.087895 0.828084
v 0.960048 0.268483 0.993677
v 0.419302 0.039101 0.728429
v 1.068056 0.268966 0.831129
v 0.147570 0.767411 0.229415
v 0.734219 1.196164 0.819865
v 0.485301 0.842101 0.055264
v 0.211350 0.144870 0.609269
v 1.242851 0.692092 0.539752
v 0.077033 0.817954 0.386116
v 0.709700 0.079659 0.308284
v 0.945129 0.078011 0.593901
v 0.293939 0.364470 1.076767
v 0.978443 0.102986 0.722197
v 0.341904 0.120445 0.879362
v 0.792801 1.127663 0.931253
v 1.225006 0.452782 0.511707
v 0.869752 0.286563 0.147111
v 0.057536 0.838769 0.591431
v 1.031381 0.752023 1.066831
v 0.286285 1.010741 0.965925
v 0.191478 0.437412 1.036029
v 1.247427 0.662884 0.574504
v 0.884927 0.364744 0.106740
v 0.712116 1.241086 0.556574
v 0.109281 0.323856 0.445946
v 1.019959 0.257372 0.301764
v 0.482129 0.082191 0.889641
v 0.527602 1.231594 0.508339
v 0.029212 0.770188 0.648474
v 0.137517 0.895817 0.908878
v 0.351542 0.069130 0.514287
v 1.207920 0.805184 0.482155
v 0.932392 0.133679 0.866246
v 0.713806 0.045041 0.340633
v 0.981957 0.403584 0.154986
v 0.261997 0.109219 0.661524
v 0.914343 1.066987 0.936310
v 0.866018 0.240543 1.052272
v 0.350656 1.179911 0.625994
v 0.774927 0.034227 0.781960
v 0.365829 0.457143 0.078114
v 0.841958 1.192396 0.474420
v 1.012920 0.573474 1.084470
v 0.282276 0.603997 0.091924
v 0.278289 0.723610 1.122099
v 1.056683 0.265319 0.855405
v 0.486798 1.045900 0.206845
v 0.324065 0.702531 0.067871
v 1.025381 0.701688 1.080598
v 0.502057 1.148793 0.929745
v 0.678012 0.654390 0.009961
v 0.995455 0.198206 0.870602
v 0.762042 0.764238 0.031365
v 0.090897 0.310010 0.609798
v 0.997304 0.795228 1.084289
v 0.901243 0.076979 0.435802
v 0.589759 0.850727 1.200473
v 0.863439 0.200464 0.199836
v 0.729186 0.397373 1.180928
v 0.872877 0.086919 0.354883
v 0.923224 0.253744 0.181266
v 0.859303 1.185848 0.732310
v 0.634424 0.176943 0.203227
v 0.010711 0.660380 0.675027
v 1.201030 0.501819 0.801207
v 0.270862 0.392347 0.162971
v 0.192318 0.859549 1.009965
v 0.648457 0.883458 1.191506
v 0.142073 0.996130 0.595594
v 0.656488 0.022844 0.416089
v 0.798962 0.440293 0.061221
v 0.153998 0.234128 0.740317
v 0.432143 0.099502 0.303465
v 0.282659 1.130076 0.708061
v 0.671352 0.373940 0.067185
v 0.806968 1.224878 0.539112
v 0.293437 0.454711 0.119425
v 0.662561 0.711707 1.240049
v 0.639843 0.561741 1.228257
v 0.215755 0.585959 0.147886
v 1.007490 0.192742 0.359989
v 0.089368 0.808602 0.873430
v 0.984663 0.912815 0.212686
v 0.111781 0.399271 0.346659
v 1.068346 0.320774 0.912734
v 0.578479 0.628247 1.245567
v 0.664968 0.938133 0.095717
v 1.225510 0.689725 0.443568
v 0.810279 1.147994 0.874427
v 0.412814 0.349036 0.099687
v 0.794358 0.354268 0.080869
v 0.012092 0.612543 0.572352
v 0.679496 1.248270 0.585487
v 0.624271 0.004789 0.665668
v 0.591836 0.495235 0.021037
v 0.109564 0.868774 0.368370
v 0.011182 0.725208 0.624981
v 0.291549 0.925145 1.048825
v 0.930965 0.094176 0.795234
v 0.877830 0.348562 1.109812
v 1.171754 0.329068 0.591178
v 0.094609 0.377864 0.807470
v 0.220093 0.446798 1.061697
v 1.179233 0.574485 0.344961
v 0.852393 0.611365 0.046827
v 1.067686 0.972518 0.392541
v 0.684748 0.209495 0.159934
v 0.673698 0.038445 0.360789
v 0.706511 0.674267 0.010120
v 0.891747 0.322385 0.117436
v 0.462800 0.177449 0.218032
v 0.934757 0.178591 0.284227
v 0.996456 0.246802 0.932535
v 0.253917 1.024583 0.349773
v 1.159766 0.454042 0.865954
v 0.919787 0.684655 1.166349
v 1.146867 0.660946 0.292027
v 0.272267 0.122082 0.525529
v 0.346969 0.959932 1.066611
v 1.109668 0.284450 0.764304
v 0.984798 0.369856 1.043427
v 0.111659 0.632649 0.261661
v 0.825417 0.025545 0.597660
v 0.806006 1.179249 0.808829
v 0.976351 1.137116 0.668398
v 1.210599 0.436552 0.467156
v 0.263608 1.041148 0.913715
v 0.948825 0.108975 0.427954
v 0.652402 0.298126 0.114750
v 0.844542 0.771558 0.057539
v 0.404788 1.075784 0.278562
v 0.315310 0.302990 0.187499
v 0.154330 0.482070 0.240561
v 0.068272 0.844917 0.458642
v 1.235618 0.724708 0.516760
v 0.964749 0.463608 1.096215
v 0.649502 0.198025 1.073236
v 0.094551 0.318157 0.507318
v 0.807140 0.019898 0.647133
v 0.520702 0.060261 0.859261
v 1.075300 0.411108 0.255141
v 1.015435 1.097627 0.519027
v 0.227616 1.032312 0.388372
v 0.320880 0.651323 0.067333
v 0.542397 0.295283 0.101819
v 1.034223 1.072443 0.710228
v 0.404424 0.980675 1.083298
v 0.310832 1.114614 0.823903
v 0.652095 1.037906 0.179004
v 0.337532 1.064054 0.319258
v 0.154311 0.594935 0.215066
v 0.910998 1.095587 0.882661
v 0.617620 0.198878 1.076011
v 0.534703 1.060810 0.209652
v 0.374832 1.149082 0.838912
v 0.392385 0.388001 1.124994
v 0.207155 0.223165 0.398623
v 0.926018 1.164006 0.705299
v 1.119600 0.693082 0.977340
v 0.838523 1.042961 1.034736
v 0.580881 0.728731 0.005588
v 0.762001 0.029669 0.429244
v 0.361961 0.070711 0.478384
v 1.068708 0.612443 0.195645
v 1.067643 0.990798 0.434939
v 1.102023 0.374048 0.308667
v 1.099162 0.738110 0.245483
v 0.010792 0.670205 0.613419
v 0.015457 0.721624 0.604012
v 0.906736 1.030023 0.999340
v 0.046387 0.397134 0.520449
v 1.026370 0.450582 1.035944
v 0.631083 0.024163 0.802926
v 0.894432 0.027472 0.657699
v 0.350674 0.394225 0.110751
v 0.363005 0.671302 0.051311
v 0.124910 0.753349 0.248338
v 1.055315 1.011302 0.439105
v 0.702721 0.332171 0.086722
v 0.239656 0.454331 0.159099
v 0.044894 0.663461 0.821827
v 0.986016 1.130855 0.638254
v 1.075146 0.418695 0.974353
v 0.554880 1.007871 0.155507
v 1.004095 0.135360 0.716325
v 0.659086 0.527116 0.017416
v 0.466295 0.056888 0.815039
v 0.058860 0.559043 0.855016
v 0.138423 0.841913 0.975386
v 0.158756 0.429904 0.257297
v 1.213779 0.481274 0.742527
v 0.959932 0.227682 0.258535
v 1.044601 0.590897 1.059546
v 1.120859 0.846192 0.330139
v 0.575773 0.283906 0.110446
v 0.573834 0.131891 0.999779
v 0.406517 1.171676 0.820346
v 0.738078 0.057202 0.877530
v 0.035469 0.721569 0.448036
v 1.103966 0.244684 0.695586
v 0.894508 0.429858 0.099373
v 0.447452 0.101187 0.912118
v 0.555632 0.918237 0.086365
v 0.098667 0.437423 0.336519
v 0.636491 0.818250 0.030104
v 0.488919 1.177478 0.381534
v 0.210670 0.809067 1.048713
v 0.889295 0.656824 1.189007
v 0.221493 0.836931 1.046364
v 0.379101 0.586281 0.045736
v 0.650440 0.052273 0.881285
v 0.917110 1.143756 0.432005
v 0.930055 1.007303 0.258238
v 0.619705 0.519919 0.017212
v 0.586409 0.088969 0.944872
v 0.008515 0.614999 0.673326
v 1.134849 0.603120 0.272756
v 0.671421 0.495373 0.024561
v 0.870548 0.685030 0.050784
v 1.000536 0.607106 1.101699
v 0.800037 1.166172 0.385458
v 0.969283 1.079287 0.841779
v 0.917123 1.195111 0.614556
v 0.200712 1.040101 0.498387
v 0.517415 0.114359 0.961698
v 0.774836 0.386930 0.065325
v 1.169116 0.341463 0.486807
v 0.199718 0.462162 1.045359
v 0.086457 0.884883 0.405219
v 0.221060 1.052073 0.795816
v 0.473532 0.422013 1.180115
v 0.182655 0.927113 0.940011
v 0.834762 1.195238 0.728912
v 0.530524 1.024614 1.085549
v 1.180623 0.691932 0.352749
v 0.860258 1.158288 0.786726
v 0.297960 1.055558 0.936098
v 1.170047 0.616374 0.901950
v 0.659487 0.622690 0.017438
v 0.686899 0.628083 0.013259
v 0.773760 0.012646 0.638155
v 0.420380 1.006482 0.195601
v 0.195507 0.672329 1.061109
v 0.570242 0.006106 0.611164
v 0.323203 0.817365 0.115611
v 0.603692 0.592535 1.237486
v 1.119387 0.575441 0.975105
v 0.966218 0.765182 1.119371
v 0.020298 0.516816 0.478477
v 0.262589 0.571315 0.111685
v 0.240406 0.994726 0.327121
v 0.850881 0.139867 0.967612
v 0.723187 0.354036 0.075643
v 0.185634 0.160266 0.629686
v 0.933823 0.375984 0.131846
v 0.594330 0.205892 1.084951
v 0.775995 0.432950 0.051524
v 0.232944 0.146396 0.549449
v 0.500058 1.215284 0.765759
v 1.115977 0.954613 0.460177
v 0.047863 0.401034 0.612977
v 0.322415 0.122738 0.858462
v 0.591342 0.408760 1.208541
v 0.426802 0.209142 1.028401
v 0.452189 0.376838 0.073519
v 0.686525 0.540840 0.017932
v 0.310495 0.574693 1.151659
v 0.710036 0.659900 1.232868
v 0.597323 0.902836 1.178634
v 0.256386 1.114528 0.691743
v 0.440025 0.641569 0.023835
v 1.238545 0.783464 0.546244
v 0.112713 0.910650 0.808245
v 0.790480 0.015598 0.602612
v 0.269491 0.671557 0.088347
v 0.137967 0.960695 0.455301
v 1.014240 0.836225 0.187119
v 0.494748 0.396890 1.173600
v 0.950264 0.326810 0.163799
v 0.337167 0.316738 0.163588
v 0.167530 0.708798 1.029480
v 0.799705 0.081404 0.902813
v 0.990797 0.293329 0.979835
v 0.608022 0.098147 0.279900
v 0.930698 0.609204 0.093249
v 0.895340 0.397734 0.106566
v 0.652925 1.174447 0.903403
v 0.820010 1.002010 0.185058
v 0.050884 0.768712 0.406791
v 0.535090 0.179851 0.201215
v 0.014933 0.707946 0.681186
v 0.318423 1.085658 0.357311
v 0.780879 0.839622 0.061896
v 0.407904 0.494617 1.184152
v 0.797109 0.066271 0.870795
v 0.959105 1.043177 0.331033
v 0.164619 0.995230 0.793462
v 0.743921 0.670386 0.014215
v 0.341895 1.140559 0.433496
v 0.886364 1.036547 0.257913
v 0.308544 0.509486 0.093275
v 0.236965 0.230559 0.890257
v 0.266470 1.126878 0.655354
v 0.823590 0.350232 1.135785
v 1.179787 0.896016 0.689496
v 0.434069 0.476040 0.054259
v 1.082112 0.562989 1.016458
v 0.923126 0.049770 0.632595
v 0.801752 0.379307 0.076810
v 0.729491 0.991858 1.127526
v 0.588069 1.238911 0.674826
v 0.508182 0.089201 0.922138
v 0.813597 0.342361 0.088191
v 0.701261 1.191692 0.394361
v 0.630506 0.050221 0.356255
v 1.125508 0.251512 0.580830
v 0.693806 1.233872 0.686391
v 0.154630 0.624999 0.206658
v 0.221842 0.714300 1.079471
v 0.597470 0.007474 0.667907
v 0.502897 0.594122 1.223077
v 0.374007 0.100097 0.373019
v 0.217896 1.087744 0.668582
v 0.009593 0.696640 0.630794
v 0.016621 0.532119 0.504953
v 0.484620 1.157598 0.351152
v 0.876896 1.200144 0.594606
v 0.813478 0.407847 0.069912
v 0.248179 0.168948 0.435717
v 0.529708 1.235944 0.556685
v 0.787006 0.982798 0.155820
v 0.231829 0.240962 0.325373
v 0.786261 0.532505 0.033636
v 0.883237 1.139962 0.810027
v 0.461411 0.505723 0.038306
v 0.238002 1.080769 0.497179
v 0.397466 1.143814 0.384454
v 0.681793 0.176348 0.195855
v 1.027472 1.019619 0.414758
v 0.891076 0.962028 0.180418
v 0.273631 0.491548 1.130308
v 0.370792 0.053281 0.548814
v 0.835724 1.134432 0.864062
v 0.435383 1.161031 0.385640
v 1.084945 0.535843 0.219193
v 1.175958 0.652126 0.890449
v 0.390933 1.200362 0.611279
v 0.577336 1.129761 0.280755
v 0.602616 0.952573 1.151014
v 0.899510 1.175527 0.460302
v 0.515758 0.960744 0.124772
v 0.865840 0.134573 0.294343
v 0.559168 0.052407 0.868861
v 0.693425 0.024550 0.382411
v 0.877665 0.926707 1.111672
v 1.083664 0.307712 0.868753
v 0.434199 0.663234 1.207418
v 0.484684 0.737522 0.018196
v 0.793649 0.784496 0.044626
v 0.298245 0.107649 0.528119
v 1.234661 0.524678 0.472684
v 0.551918 1.080418 1.034709
v 0.014576 0.522470 0.667793
v 1.227493 0.617440 0.450798
v 0.608119 0.291511 0.107521
v 0.026509 0.496331 0.711387
v 1.049288 0.164187 0.580735
v 0.455206 0.048445 0.366407
v 1.040663 0.987287 0.358215
v 0.647017 0.499172 1.212279
v 0.836350 0.411795 0.073239
v 0.256307 0.784803 1.092896
v 0.612526 0.176657 1.051546
v 0.477693 1.202955 0.428018
v 0.851260 1.121545 0.347285
v 0.030363 0.463549 0.669673
v 0.153436 0.321014 0.873416
v 1.001552 0.676037 1.104274
v 0.675869 0.991712 0.140104
v 0.416667 1.189274 0.454984
v 0.028337 0.448660 0.554372
v 0.508690 0.901446 0.084692
v 0.107434 0.593607 0.962267
v 0.400444 0.524570 0.047469
v 0.432147 0.531585 0.038486
v 0.267146 0.215993 0.913241
v 0.655979 1.220622 0.463730
v 0.713611 0.229751 0.147457
v 1.171354 0.327016 0.558972
v 0.057507 0.405991 0.463127
v 0.859953 0.075322 0.839489
v 0.295331 0.138413 0.419487
v 0.599108 1.220207 0.779176
v 0.431350 0.382628 0.075744
v 0.863590 1.111847 0.902751
v 0.570777 0.748256 1.232015
v 1.181060 0.638178 0.346165
v 0.868925 0.654871 0.049123
v 0.590679 0.191499 0.190679
v 0.938488 0.689477 0.089963
v 0.942119 0.540143 0.100155
v 0.845722 0.033571 0.554235
v 0.623589 0.371556 0.066110
v 1.172032 0.887216 0.498723
v 1.031712 0.236961 0.334670
v 0.373112 0.053259 0.721203
v 0.256872 0.889238 0.204995
v 1.185325 0.373588 0.506316
v 0.433051 1.208124 0.475578
v 0.708388 0.711053 0.012034
v 0.823882 0.124522 0.960444
v 0.854363 1.209735 0.646977
v 1.019203 1.016191 0.383962
v 0.802110 0.711434 0.030432
v 0.079417 0.768852 0.872981
v 0.638173 1.211877 0.803949
v 0.336881 0.307105 1.047758
v 0.179044 0.645252 1.049299
v 0.460409 1.176173 0.396787
v 0.714974 1.246361 0.630861
v 1.202515 0.481267 0.776233
v 0.727567 0.537092 1.216676
v 1.230403 0.470725 0.517228
v 0.530346 0.888500 1.174783
v 0.979186 1.127630 0.502699
v 0.032248 0.569566 0.439964
v 0.674961 0.408720 0.051297
v 0.214465 0.711396 0.154971
v 0.464353 1.128053 0.315983
v 0.923573 0.062463 0.760948
v 0.623894 1.138027 0.293833
v 0.582608 0.317901 0.096689
v 0.687890 0.090629 0.294166
v 0.686102 0.993601 1.127241
v 0.805954 0.516705 1.198642
v 0.676148 1.228980 0.488422
v 1.118014 0.757987 0.276701
v 0.979856 0.847240 0.165598
v 0.228036 0.627686 1.098551
v 0.752065 1.210508 0.753386
v 0.760627 1.143404 0.924732
v 0.679370 0.035082 0.837275
v 0.616246 0.696483 -0.000231
v 1.080096 0.237625 0.742363
v 1.031092 0.161316 0.711787
v 0.481779 0.838256 1.183956
v 0.653178 0.081065 0.303585
v 0.431100 1.017475 1.061391
v 0.695315 0.730549 1.229440
v 0.027642 0.634885 0.452111
v 1.113565 0.977743 0.737226
v 0.057224 0.367893 0.544079
v 1.106565 0.805905 0.282165
v 1.001209 0.669555 0.139422
v 0.109894 0.849855 0.893023
v 0.240107 1.015920 0.904850
v 0.113460 0.952276 0.533340
v 0.001453 0.571984 0.644366
v 0.545571 1.227567 0.484399
v 0.471788 0.112685 0.941309
v 1.187954 0.520921 0.843560
v 0.422111 0.750657 1.191506
v 0.796963 1.235397 0.575289
v 0.068149 0.871973 0.673873
v 0.687817 0.694590 0.009098
v 0.032722 0.748539 0.495060
v 0.790757 1.216328 0.702343
v 0.754563 0.249428 0.130246
v 0.385104 0.033487 0.671533
v 0.780941 0.970151 1.135484
v 0.052404 0.391595 0.488471
v 0.503044 0.339558 1.147292
v 1.009404 0.280229 0.944143
v 0.813684 0.046388 0.421532
v 0.627590 0.599875 0.015948
v 0.255334 0.863881 1.059252
v 0.844259 0.061613 0.405236
v 0.721514 0.746922 0.019328
v 0.491526 0.746778 1.214441
v 1.238316 0.684474 0.701053
v 1.003994 0.148254 0.758093
v 1.130581 0.911556 0.820881
v 0.060482 0.846920 0.534410
v 0.887976 0.482997 0.081239
v 1.028022 0.982043 0.926620
v 0.152848 0.549631 1.024588
v 0.937183 0.064747 0.624585
v 0.264446 0.296979 0.989986
v 0.878610 1.178981 0.483353
v 1.067675 0.433464 0.232963
v 0.822199 0.685912 0.031637
v 0.229497 1.064030 0.436574
v 1.221137 0.717075 0.456445
v 0.968712 0.525115 1.111236
v 0.624437 1.111194 0.257941
v 0.313500 0.291877 1.027283
v 0.457482 1.139013 0.934095
v 0.587464 0.772447 0.012879
v 0.025131 0.653078 0.757948
v 0.962953 1.167506 0.579428
v 0.948902 0.803350 0.123305
v 1.037149 0.717900 0.175284
v 0.827060 0.311801 0.109106
v 0.219942 0.516357 0.155153
v 0.298811 0.090687 0.704084
v 0.533886 0.154084 1.013425
v 0.756998 0.300905 0.102895
v 0.133833 0.827805 0.300172
v 1.032331 0.391600 1.008843
v 1.002558 0.127052 0.681466
v 0.022777 0.600750 0.757226
v 0.997149 1.121770 0.543579
v 0.868155 0.277354 1.076458
v 1.144453 0.342167 0.782333
v 0.332686 1.043545 0.295312
v 0.139624 0.984511 0.737108
v 0.045974 0.817725 0.665034
v 0.756292 0.954830 1.163301
v 0.938168 0.291316 0.172683
v 0.326507 0.165917 0.921344
v 0.162866 0.198328 0.607496
v 0.437115 0.338277 0.094540
v 0.040634 0.479501 0.757261
v 0.691930 0.080867 0.934887
v 0.998475 0.501567 1.066948
v 1.156982 0.955153 0.650512
v 0.606028 0.220894 1.097779
v 0.358100 0.132332 0.914525
v 0.898163 0.245909 0.190235
v 1.022169 0.638012 0.154314
v 0.169232 0.188317 0.646566
v 1.071060 0.620592 1.034558
v 0.268836 0.550479 1.129776
v 1.035384 1.081072 0.546746
v 0.919697 0.259121 1.025634
v 0.223814 1.088138 0.695425
v 0.193377 0.797765 0.206189
v 0.725068 0.052436 0.334860
v 0.772434 0.013270 0.545010
v 1.119213 0.968964 0.513071
v 0.556195 0.222677 1.091363
v 1.203552 0.402826 0.532639
v 0.199268 0.167018 0.701892
v 0.349904 1.144264 0.814891
v 0.647952 0.710644 0.005086
v 0.813574 0.639316 1.211026
v 0.744804 0.009206 0.663212
v 0.450101 0.033158 0.463796
v 0.473653 0.473381 0.039823
v 1.197889 0.437743 0.751204
v 0.790002 0.681779 0.024945
v 1.239816 0.531041 0.543460
v 0.492232 0.355162 0.077642
v 0.058817 0.377249 0.593558
v 0.057771 0.838815 0.704242
v 0.733743 1.121909 0.289737
v 0.436761 0.228620 1.049403
v 0.422289 0.027498 0.654325
v 1.136035 0.273514 0.479706
v 0.338332 1.078587 0.932778
v 0.887481 0.109179 0.896351
v 0.055715 0.626806 0.854595
v 0.197435 0.987651 0.383790
v 0.777593 0.388862 1.167887
v 0.830856 0.842646 0.079490
v 0.053985 0.747212 0.384459
v 0.547990 1.157274 0.927654
v 0.638427 1.069781 0.209384
v 1.148809 0.300217 0.475066
v 0.361250 0.654066 1.178294
v 0.695157 0.492199 1.208117
v 0.588967 0.483853 1.222141
v 0.859492 0.344294 0.097063
v 0.624677 1.229158 0.739933
v 1.236792 0.678926 0.500715
v 0.217396 1.000833 0.369593
v 0.640105 0.858050 0.046452
v 1.217977 0.519860 0.757482
v 0.665097 1.238254 0.667927
v 0.191042 0.952191 0.331113
v 0.891599 0.682271 0.058797
v 0.062225 0.870070 0.600883
v 0.729662 1.103566 1.005623
v 0.553342 0.561397 0.010646
v 0.191903 0.827714 0.221172
v 0.281518 0.222930 0.937482
v 0.362057 0.050451 0.672543
v 0.906378 0.884736 1.119696
v 0.465450 0.068713 0.842649
v 0.337120 1.119496 0.858243
v 1.015746 0.948912 0.278302
v 0.640969 1.234800 0.522568
v 0.637592 0.007987 0.463416
v 0.664280 0.454081 1.197940
v 0.595284 0.037950 0.841728
v 1.105838 1.012236 0.576315
v 0.323601 1.052818 0.955234
v 0.927028 0.436145 0.115634
v 0.100594 0.954552 0.652556
v 0.391923 1.171936 0.802974
v 0.265314 0.122845 0.739615
v 0.740861 0.709374 0.016988
v 0.455803 1.216919 0.515510
v 0.343863 0.937744 1.081026
v 1.082058 0.974181 0.835660
v 1.231026 0.496871 0.658479
v 0.859025 0.021597 0.667864
v 0.736176 0.027139 0.393810
v 0.001768 0.559837 0.665250
v 0.045004 0.402278 0.549284
v 0.131930 0.648097 0.230578
v 0.833868 0.719427 0.042757
v 0.205169 0.605136 1.086322
v 0.192740 0.187562 0.515928
v 0.750745 0.276555 0.114065
v 0.947323 1.065307 0.350386
v 0.290716 0.153220 0.868099
v 0.144821 0.391016 0.296384
v 0.278997 0.963769 0.257349
v 0.835072 1.087424 0.971038
v 0.957732 0.170510 0.324212
v 1.032056 0.352017 0.984217
v 0.216276 0.964643 0.938843
v 0.646323 0.013339 0.760732
v 1.229651 0.553316 0.460331
v 0.869807 1.008887 1.051468
v 0.210556 1.071027 0.616195
v 0.696954 1.030305 1.094849
v 1.069762 0.196187 0.502839
v 0.271578 0.106323 0.598526
v 1.199764 0.550497 0.826951
v 0.751561 0.229770 0.147467
v 0.911987 0.779083 0.091603
v 0.948252 0.631665 0.110921
v 1.152779 0.592192 0.297547
v 0.881558 1.171972 0.444720
v 1.234450 0.554685 0.707881
v 0.448688 1.206611 0.758252
v 0.374285 1.176168 0.767188
v 0.253475 0.978645 0.966607
v 0.101797 0.911798 0.445597
v 0.823502 0.195323 0.181560
v 1.097488 0.298603 0.367489
v 0.544113 0.013896 0.724405
v 0.922791 1.073186 0.910742
v 1.083998 0.585388 0.215816
v 1.097489 0.254242 0.437602
v 0.851598 0.892154 0.112069
v 0.100787 0.748152 0.292179
v 1.091662 0.675252 1.013162
v 0.413490 1.175205 0.423817
v 0.914410 0.138670 0.907125
v 0.564085 0.641996 1.239694
v 0.064024 0.560729 0.351116
v 0.117056 0.288495 0.496351
v 0.344822 0.786835 1.148121
v 0.197820 0.407657 1.025538
v 0.143202 0.999633 0.661171
v 0.959949 0.889994 0.170598
v 0.604501 0.553331 1.227518
v 0.422926 0.091413 0.872225
v 0.805129 1.079823 0.263189
v 0.898982 0.986398 1.053188
v 0.921759 0.700249 0.071857
v 0.658491 0.402583 1.191834
v 0.937886 0.074039 0.771099
v 0.958451 0.572270 0.113066
v 0.396236 1.102029 0.319374
v 1.066687 0.252306 0.370767
v 0.488938 0.565355 1.216979
v 1.096509 0.797018 0.979006
v 0.907774 0.632825 1.167257
v 1.069842 0.379966 0.262382
v 0.216003 0.177476 0.496856
v 1.169403 0.341721 0.690755
v 0.788262 1.198711 0.436553
v 1.135420 0.762373 0.935619
v 1.140291 0.944524 0.719421
v 0.307321 0.885244 0.166983
v 0.962754 0.076879 0.648497
v 0.245157 1.046886 0.379582
v 0.184730 0.900950 0.273929
v 0.894286 0.062217 0.485129
v 0.830285 0.018992 0.684452
v 0.054583 0.744442 0.820427
v 0.895704 0.091170 0.363934
v 0.331343 0.859083 1.113197
v 1.238200 0.571552 0.495221
v 1.122312 0.276041 0.449021
v 1.218502 0.559835 0.776334
v 0.228826 0.130949 0.664975
v 0.882890 0.079884 0.394099
v 0.537733 0.639175 0.005161
v 0.254727 0.929173 0.242492
v 1.136166 0.310234 0.434778
v 1.062418 0.255510 0.796609
v 0.981961 0.104061 0.622333
v 0.510908 0.370316 1.167115
v 0.110348 0.841523 0.352167
v 0.397399 0.318942 1.094769
v 1.069545 0.946921 0.351907
v 0.919431 1.163391 0.473405
v 0.950871 0.498446 0.115494
v 1.243044 0.722016 0.566743
v 0.049595 0.814933 0.536709
v 0.986915 0.475955 0.144167
v 1.186630 0.533659 0.369463
v 0.659954 0.754967 1.228987
v 0.488526 0.059872 0.830046
v 0.837695 0.674962 1.203494
v 0.616073 0.501047 1.219485
v 0.485262 0.044116 0.797192
v 1.170487 0.537221 0.337015
v 0.634143 0.226725 1.098303
v 0.153625 0.721957 0.208329
v 1.055892 1.010386 0.835211
v 0.177208 0.218897 0.778476
v 0.687286 0.868399 1.197365
v 0.848414 0.806471 1.180934
v 0.765880 0.698801 1.222233
v 1.194721 0.884322 0.598589
v 0.377072 0.040294 0.688780
v 0.996107 0.980469 0.965732
v 0.273482 0.792223 0.135132
v 0.286538 0.832280 0.147179
v 0.941926 0.901497 1.083172
v 0.789036 0.572242 0.029719
v 1.186294 0.724967 0.850493
v 1.077869 0.453452 0.987542
v 0.534782 1.160319 0.338286
v 1.142959 0.765913 0.314935
v 1.064017 1.052931 0.669956
v 0.628294 1.240529 0.572765
v 0.853612 1.212034 0.592003
v 0.975480 0.439080 0.144108
v 0.832256 0.242063 1.068445
v 0.999076 1.070047 0.812603
v 0.133499 0.976185 0.538540
v 1.026835 1.091659 0.572377
v 0.496438 0.011966 0.656459
v 0.836428 0.616341 1.203669
v 0.738091 0.065788 0.322116
v 0.824397 0.578299 1.203190
v 0.419338 0.029484 0.598258
v 1.180404 0.876209 0.711744
v 1.152883 0.428080 0.356515
v 0.389181 1.201434 0.734555
v 0.744827 1.083704 0.243864
v 0.825361 1.203750 0.502617
v 0.729275 0.020684 0.765767
v 0.355935 0.528834 0.063565
v 0.813188 1.215127 0.674073
v 0.591494 0.993618 1.120340
v 0.420995 1.199620 0.763622
v 0.440492 0.802098 0.052049
v 1.239299 0.520014 0.592496
v 0.499752 0.038499 0.368746
v 0.473512 0.490919 1.201350
v 1.117796 0.639036 0.250485
v 0.546758 0.864473 0.054444
v 1.062469 1.012183 0.473954
v 0.326865 1.100092 0.892430
v 0.145306 0.980054 0.773070
v 0.217260 0.544622 1.089085
v 1.049157 1.032233 0.482387
v 0.792516 0.080097 0.334656
v 1.132547 0.724114 0.284686
v 0.663586 1.047749 1.079145
v 0.295660 0.179452 0.911583
v 0.910448 0.154628 0.932205
v 0.886072 0.722866 0.063380
v 0.959704 0.728256 1.132545
v 1.101489 0.940420 0.849427
v 0.853798 0.421605 1.152817
v 1.127968 0.264058 0.646265
v 0.985782 0.108579 0.553995
v 0.792245 0.133419 0.983768
v 1.197466 0.650006 0.844772
v 0.371620 1.163147 0.454263
v 1.181862 0.487397 0.837645
v 0.150559 0.846626 0.257411
v 0.988785 1.112735 0.714467
v 1.006926 0.374255 0.194720
v 1.089362 0.683251 0.222855
v 0.380593 0.906880 1.117942
v 0.809749 0.978967 1.116842
v 1.236878 0.605116 0.722788
v 0.074423 0.822666 0.810988
v 0.345787 0.105277 0.404044
v 0.937220 0.944160 0.194998
v 0.977872 0.841931 1.085334
v 0.978597 0.299457 0.209408
v 0.577184 0.210449 0.164701
v 0.105795 0.505163 0.300104
v 1.123025 0.399504 0.325563
v 1.102851 0.851341 0.938832
v 1.199325 0.832750 0.492472
v 1.083279 0.906496 0.325706
v 1.125525 0.512230 0.278130
v 0.837084 0.096606 0.911145
v 0.861329 0.593721 1.189728
v 0.669027 0.751277 0.013501
v 0.942053 0.468402 0.117125
v 0.762753 0.930129 0.108409
v 0.560847 0.711431 1.238577
v 0.354418 0.875125 0.129421
v 0.317011 0.227521 0.974957
v 0.714242 0.612942 0.014681
v 1.077535 0.747298 0.224155
v 0.106995 0.811603 0.918088
v 0.592626 1.181187 0.362740
v 0.841885 0.514838 1.186520
v 1.174995 0.787389 0.843361
v 1.214137 0.676912 0.418138
v 0.598784 0.012779 0.630754
v 0.934379 0.084013 0.477869
v 1.228758 0.730651 0.711022
v 0.156035 1.005391 0.713223
v 1.006490 1.035908 0.396878
v 0.701119 0.052972 0.877444
v 0.743223 0.627404 0.016186
v 0.943503 0.665856 1.148562
v 0.344061 0.192493 0.964870
v 1.141647 0.524643 0.292584
v 1.176547 0.414502 0.411921
v 0.399142 0.341915 1.111896
v 0.700017 1.195392 0.839899
v 0.958934 1.097406 0.816315
v 0.642959 0.614109 1.240678
v 1.048614 0.404447 0.225351
v 1.034906 0.206329 0.801106
v 1.241034 0.562500 0.670893
v 0.958858 0.068157 0.726701
v 0.026319 0.659302 0.491319
v 0.653909 0.001216 0.590664
v 0.608098 1.168753 0.913930
v 0.373376 0.476529 1.167259
v 0.851013 1.172195 0.767279
v 0.350782 0.909068 0.154162
v 0.190297 0.413744 0.219774
v 0.745091 0.044518 0.350217
v 0.729985 1.158342 0.346457
v 0.672699 1.186688 0.868539
v 0.072351 0.714201 0.310420
v 0.699746 0.584189 1.231244
v 1.223695 0.584430 0.445109
v 0.204549 0.903648 0.986405
v 0.466188 0.699019 0.018836
v 0.515656 1.227268 0.479761
v 0.234007 0.193235 0.401186
v 1.086942 0.254003 0.409562
v 0.815917 0.030266 0.493942
v 0.707356 1.138020 0.956481
v 0.720175 1.177497 0.876349
v 0.834045 0.292489 0.130376
v 0.299187 0.395434 1.094261
v 0.437903 1.056008 1.025078
v 0.239118 0.375214 1.039890
v 0.952756 0.563675 1.132971
v 0.526621 0.418422 1.194969
v 0.528765 0.739009 0.009753
v 0.323025 0.187639 0.295766
v 1.072858 0.764261 1.018870
v 0.637090 0.645129 1.244565
v 0.589055 0.719615 1.241549
v 0.891939 0.054309 0.540399
v 0.529611 0.976115 1.123316
v 0.917061 1.122862 0.403614
v 0.185974 1.034120 0.545564
v 0.562281 0.154597 1.021336
v 0.065425 0.460372 0.379530
v 0.631745 0.823591 1.212666
v 0.450115 1.195840 0.798742
v 0.076559 0.343098 0.512722
v 0.210563 1.063859 0.724511
v 0.140129 0.253232 0.498444
v 1.162625 0.735426 0.895823
v 1.137767 0.467268 0.913015
v 0.102388 0.816456 0.346361
v 0.286999 0.174118 0.896270
v 0.072975 0.354520 0.684418
v 1.130374 0.812571 0.321156
v 1.205750 0.411690 0.659072
v 0.688399 0.427220 1.195299
v 0.451289 1.215095 0.738093
v 0.917311 0.734681 0.080270
v 0.431149 1.050847 0.234467
v 0.309367 1.152216 0.579862
v 0.761063 0.742283 1.219075
v 1.131394 0.974101 0.553818
v 0.734064 0.773918 1.218181
v 0.144123 0.531042 0.240591
v 0.932131 1.004764 1.017721
v 0.287543 1.054996 0.348925
v 0.710371 0.439357 1.195653
v 0.331387 1.146982 0.483025
v 1.019746 1.000440 0.346615
v 0.540826 0.075093 0.908555
v 0.427301 0.811910 1.176439
v 0.482572 1.226488 0.525509
v 0.694895 0.350504 1.167150
v 0.406645 1.137519 0.894990
v 1.136522 0.376197 0.846261
v 0.393917 0.038958 0.637152
v 0.606980 0.002790 0.511287
v 0.323992 0.242951 0.235114
v 1.216636 0.467748 0.477204
v 0.878990 0.462957 1.155084
v 0.813955 1.111607 0.310661
v 0.517785 0.034697 0.787915
v 0.218939 0.160058 0.737061
v 1.194522 0.869557 0.655925
v 0.651149 0.897104 0.066938
v 0.467697 1.081124 0.252352
v 1.090352 0.497917 0.236082
v 1.203285 0.832433 0.694255
v 0.354035 0.099444 0.832591
v 0.871069 0.061655 0.798295
v 0.718796 0.523500 0.022510
v 0.846586 0.458072 0.067689
v 0.038907 0.780027 0.537969
v 0.456984 0.991046 1.095982
v 1.097561 0.219082 0.543239
v 0.270406 0.181028 0.873451
v 0.310853 0.745363 1.139804
v 0.049090 0.821721 0.492006
v 0.027009 0.601164 0.457375
v 0.394895 0.927739 0.143055
v 0.397350 0.063604 0.432328
v 0.065206 0.707212 0.336592
v 0.386797 0.378164 0.099989
v 0.891943 0.038341 0.722264
v 0.377821 0.763243 1.169595
v 0.509495 1.175480 0.884752
v 0.410356 0.397768 1.141891
v 0.522363 0.416690 0.048656
v 1.158033 0.944017 0.572624
v 1.227674 0.502930 0.694847
v 0.542911 1.232929 0.696857
v 0.114186 0.935875 0.752714
v 0.941826 0.418625 1.100184
v 0.224299 0.140494 0.692111
v 0.405977 0.031917 0.705191
v 0.434388 0.028282 0.522928
v 0.375140 1.050452 0.996816
v 1.004287 0.582362 0.143064
v 0.672019 0.583925 0.016192
v 0.526242 1.086612 0.239732
v 0.135346 0.902358 0.326309
v 0.587752 0.003088 0.550638
v 0.381841 0.406655 1.135566
v 0.875372 1.192506 0.550495
v 1.168681 0.735588 0.343495
v 0.887732 0.711833 1.182017
v 0.573513 0.187661 1.061676
v 0.637624 0.085348 0.944754
v 0.752236 0.206938 1.066744
v 0.871008 0.438808 0.080603
v 1.046463 0.649766 1.063438
v 0.916519 0.469808 1.134943
v 0.909460 0.227837 1.007540
v 0.151864 0.487401 1.013715
v 1.150062 0.846674 0.852896
v 0.046991 0.794726 0.736294
v 0.551641 0.028666 0.791688
v 1.162604 0.310569 0.503018
v 0.620186 0.324066 0.099190
v 1.204084 0.788274 0.757127
v 1.234836 0.769888 0.600495
v 0.427060 0.854680 0.083067
v 0.475799 1.223779 0.709706
v 0.656363 0.586844 1.232337
v 0.223153 0.568120 1.099980
v 0.588202 0.010423 0.467476
v 0.173052 0.981448 0.424610
v 1.212605 0.422331 0.552507
v 0.201875 0.565673 1.080663
v 1.178310 0.804136 0.404016
v 0.947383 0.938358 1.057450
v 0.736465 0.004956 0.594801
v 0.107645 0.355083 0.390744
v 0.117250 0.768260 0.958075
v 0.593459 0.074914 0.309004
v 0.266766 0.141427 0.788360
v 0.743358 1.243427 0.616898
v 0.547228 0.518267 0.018626
v 0.177634 0.399198 0.987360
v 1.160616 0.344531 0.737419
v 0.711832 0.116190 0.264723
v 0.998871 0.515967 0.144799
v 0.594722 1.209262 0.815743
v 1.158185 0.566194 0.309172
v 0.446421 0.950115 1.119403
v 0.469648 0.015623 0.574953
v 0.062767 0.495859 0.373305
v 0.647704 0.149616 1.026800
v 1.246715 0.590068 0.642083
v 0.208386 0.769327 1.057293
v 0.819807 0.151618 0.992864
v 0.566589 0.239294 1.106912
v 0.598135 1.100353 1.017380
v 0.066000 0.701870 0.868596
v 0.477490 0.430760 0.051578
v 0.548946 1.185845 0.872269
v 0.892535 0.758326 0.074141
v 0.730621 0.131308 0.997819
v 0.855025 0.641570 1.196866
v 1.175278 0.391640 0.436517
v 0.549833 0.004772 0.563822
v 1.133381 0.292731 0.715232
v 0.704315 0.468784 1.203116
v 0.043417 0.503933 0.403567
v 0.431933 0.599572 1.206426
v 0.563469 0.007460 0.661438
v 0.159736 1.002782 0.548995
v 1.122451 0.344729 0.838504
v 0.578886 0.113329 0.262706
v 0.224175 1.069828 0.532058
v 0.920481 0.949976 0.187297
v 0.210028 1.045541 0.459497
v 1.200251 0.391106 0.627712
v 0.776234 1.233534 0.636723
v 0.956868 1.143174 0.699858
v 0.978934 0.501564 1.092612
v 0.948022 0.071862 0.754586
v 1.155344 0.395300 0.824473
v 0.042304 0.721683 0.789272
v 0.722887 0.964180 0.124315
v 0.873161 0.829061 1.162218
v 1.021408 1.096819 0.617851
v 1.034796 0.152973 0.644460
v 0.525194 1.118258 0.279303
v 0.957220 0.758355 0.115086
v 1.173081 0.408690 0.797332
v 0.807172 0.601749 0.031774
v 0.690991 1.080627 0.227090
v 0.356245 1.180480 0.577015
vn 0.7252 0.6264 -0.2857
vn 0.7071 0.6063 -0.3639
vn 0.7203 0.6351 -0.2789
vn -0.5870 -0.1452 -0.7964
vn -0.5389 -0.1039 -0.8359
vn -0.5021 -0.2105 -0.8388
vn -0.4228 -0.5850 0.6921
vn -0.3769 -0.4983 0.7808
vn -0.2686 -0.5664 0.7791
vn 0.9351 0.3511 0.0469
vn 0.9395 0.3309 0.0889
vn 0.9095 0.4107 0.0646
vn -0.3386 -0.9402 -0.0355
vn -0.3285 -0.9371 -0.1183
vn -0.2163 -0.9760 -0.0268
vn 0.9737 -0.2250 0.0350
vn 0.9545 -0.2795 0.1036
vn 0.9590 -0.2829 0.0134
vn 0.0314 -0.2062 0.9780
vn 0.1744 -0.2201 0.9597
vn 0.1387 -0.1467 0.9794
vn 0.7996 0.1670 -0.5769
vn 0.8197 0.2491 -0.5157
vn 0.8558 0.2026 -0.4760
vn -0.0509 -0.5626 -0.8251
vn -0.0398 -0.6501 -0.7588
vn 0.0134 -0.5953 -0.8034
vn 0.0768 -0.1679 0.9828
vn -0.0562 -0.0504 0.9971
vn -0.0333 -0.0332 0.9989
vn -0.9646 -0.2497 0.0848
vn -0.9449 -0.2745 0.1784
vn -0.9620 -0.2019 0.1840
vn 0.2591 -0.9319 -0.2539
vn 0.4560 -0.8401 -0.2937
vn 0.2762 -0.9253 -0.2599
vn 0.3881 0.1748 0.9049
vn 0.2961 0.1329 0.9459
vn 0.3911 -0.0134 0.9202
vn 0.0745 -0.2896 0.9543
vn 0.1779 -0.2488 0.9521
vn 0.6065 -0.6952 -0.3858
vn 0.6574 -0.6705 -0.3439
vn 0.6262 -0.7356 -0.2584
vn -0.0332 0.0258 0.9991
vn -0.1424 0.0502 0.9885
vn -0.0716 -0.0010 0.9974
vn -0.5324 -0.5671 0.6284
vn -0.6472 -0.5291 0.5488
vn -0.6236 -0.5652 0.5400
vn -0.3648 -0.5173 0.7742
vn -0.2297 -0.6648 0.7108
vn -0.3032 -0.5530 0.7761
vn -0.6272 -0.6280 0.4607
vn -0.4961 -0.8079 0.3181
vn -0.4473 -0.7253 0.5233
vn 0.6615 -0.0811 -0.7455
vn 0.7002 -0.0869 -0.7086
vn 0.6894 -0.0829 -0.7196
vn 0.8758 -0.1225 0.4668
vn 0.9098 -0.0642 0.4100
vn 0.8730 -0.0261 0.4871
vn 0.7017 -0.5303 0.4758
vn 0.5663 -0.7289 0.3846
vn 0.7781 -0.5543 0.2954
vn -0.1389 -0.9747 -0.1753
vn -0.2980 -0.9387 -0.1734
vn -0.0935 -0.9494 -0.2998
vn -0.7522 0.1067 -0.6502
vn -0.7061 0.2588 -0.6591
vn -0.6588 0.2071 -0.7233
vn -0.9152 0.2292 0.3314
vn -0.8595 0.3988 0.3197
vn -0.9104 0.2686 0.3147
vn -0.6685 0.2006 -0.7161
vn -0.5757 0.3021 -0.7598
vn -0.6038 0.0513 -0.7955
vn 0.8088 -0.5718 -0.1374
vn 0.8413 -0.5075 -0.1861
vn 0.8451 -0.5328 -0.0431
vn 0.7944 -0.6045 0.0582
vn 0.7971 -0.5986 -0.0787
vn 0.8333 -0.5518 -0.0340
vn -0.8739 0.2711 -0.4034
vn -0.7374 0.3992 -0.5449
vn -0.8680 0.0552 -0.4935
vn -0.5295 -0.8480 0.0212
vn -0.5307 -0.8314 0.1645
vn -0.4306 -0.8666 0.2520
vn -0.5897 0.5753 0.5668
vn -0.6311 0.5664 0.5300
vn -0.6472 0.5965 0.4747
vn -0.5805 -0.7784 -0.2390
vn -0.6006 -0.7470 -0.2851
vn -0.5748 -0.7942 -0.1970
vn -0.7646 0.6379 0.0923
vn -0.7622 0.6243 0.1712
vn -0.7021 0.6861 0.1906
vn 0.0810 0.9933 -0.0828
vn 0.0988 0.9845 0.1451
vn 0.1394 0.9891 0.0467
vn 0.0409 -0.0287 -0.9988
vn 0.0400 -0.0005 -0.9992
vn 0.0970 -0.0338 -0.9947
vn -0.4299 0.4712 -0.7702
vn -0.5028 0.4994 -0.7055
vn -0.4536 0.5261 -0.7194
vn -0.8026 -0.0508 -0.5943
vn -0.8139 0.2255 -0.5355
vn 0.0550 -0.9392 -0.3389
vn -0.0047 -0.9872 -0.1594
vn -0.1835 -0.9403 -0.2868
vn 0.2600 -0.6111 0.7476
vn 0.2390 -0.6681 0.7047
vn 0.3768 -0.6247 0.6839
vn 0.7680 -0.5898 0.2498
vn 0.7904 -0.5544 0.2606
vn 0.8422 -0.4652 0.2727
vn 0.9830 0.0053 -0.1835
vn 0.9785 0.0736 -0.1929
vn 0.9890 0.0666 -0.1318
vn -0.8630 0.0415 0.5035
vn -0.8988 0.0541 0.4349
vn -0.8866 0.0340 0.4612
vn 0.0421 -0.8869 -0.4601
vn -0.1282 -0.8198 -0.5581
vn 0.0081 -0.7510 -0.6602
vn -0.1920 -0.9140 0.3574
vn -0.1823 -0.9603 0.2112
vn -0.1821 -0.9328 0.3110
vn -0.5660 0.8202 0.0829
vn -0.5346 0.8447 0.0250
vn -0.5563 0.8188 0.1416
vn 0.7262 0.1538 -0.6701
vn 0.7235 0.1217 -0.6795
vn 0.6864 0.1137 -0.7183
vn -0.5190 -0.8090 -0.2760
vn -0.4006 -0.7841 -0.4741
vn -0.3343 -0.8978 -0.2867
vn -0.9389 -0.0216 -0.3435
vn -0.8804 -0.0840 -0.4668
vn -0.8960 -0.0819 -0.4365
vn 0.7233 0.6301 -0.2824
vn 0.7308 0.5800 -0.3598
vn 0.7033 0.6333 -0.3229
vn 0.0964 -0.1485 -0.9842
vn 0.1174 -0.1674 -0.9789
vn 0.0054 0.0107 -0.9999
vn -0.7554 0.6129 -0.2319
vn -0.7519 0.6454 -0.1343
vn -0.7959 0.5828 -0.1639
vn -0.5306 0.3799 0.7577
vn -0.6392 0.2440 0.7293
vn -0.5381 0.2109 0.8161
vn 0.3910 -0.8001 -0.4549
vn 0.2835 -0.8466 -0.4504
vn 0.3726 -0.8594 -0.3501
vn -0.3777 -0.5111 0.7721
vn -0.2195 -0.5021 0.8365
vn -0.2827 -0.5978 0.7501
vn -0.0274 0.9062 -0.4220
vn -0.0710 0.8874 -0.4554
vn -0.0287 0.9304 -0.3654
vn 0.0445 -0.7328 -0.6790
vn -0.0037 -0.6733 -0.7394
vn -0.0496 -0.7228 -0.6893
vn 0.7830 -0.2549 -0.5674
vn 0.7976 -0.2478 -0.5500
vn 0.7618 -0.2598 -0.5934
vn -0.1017 -0.6855 -0.7210
vn 0.0984 0.8793 -0.4659
vn 0.0833 0.8007 -0.5933
vn 0.0042 0.8583 -0.5131
vn -0.8237 0.4328 -0.3664
vn -0.8637 0.2797 -0.4192
vn -0.9715 0.2244 -0.0767
vn -0.4052 -0.8768 0.2588
vn -0.2368 -0.9243 0.2995
vn -0.5216 0.4716 -0.7110
vn -0.6906 0.3074 -0.6546
vn -0.8444 0.2904 -0.4502
vn -0.4051 0.6925 0.5969
vn -0.3929 0.6614 0.6389
vn -0.2983 0.6668 0.6829
vn 0.1445 0.1764 0.9737
vn 0.1519 0.1646 0.9746
vn 0.1721 0.1001 0.9800
vn 0.7939 0.5445 0.2705
vn 0.8421 0.4766 0.2526
vn 0.8786 0.4728 0.0665
vn -0.1484 -0.9864 0.0713
vn -0.0130 -0.9995 0.0282
vn -0.1056 -0.9813 0.1609
vn -0.7272 0.3324 0.6005
vn -0.5967 0.4471 0.6663
vn -0.5882 0.5086 0.6288
vn 0.3897 -0.8140 0.4307
vn 0.3008 -0.8241 0.4800
vn 0.4666 -0.8480 0.2516
vn -0.5469 -0.8026 -0.2382
vn -0.4597 -0.8630 -0.2097
vn 0.2664 0.9109 0.3150
vn 0.3151 0.9198 0.2341
vn 0.2713 0.9279 0.2556
vn 0.5167 -0.8544 0.0557
vn 0.8486 -0.5075 0.1494
vn 0.8825 -0.4338 0.1817
vn -0.5339 -0.4885 0.6902
vn -0.5736 -0.5184 0.6342
vn 0.7009 0.6596 -0.2714
vn 0.6408 0.6762 -0.3634
vn 0.7489 0.6001 -0.2812
vn 0.6755 -0.4316 -0.5978
vn 0.7077 -0.4448 -0.5489
vn 0.6359 -0.4937 -0.5932
vn 0.9316 0.3575 -0.0656
vn 0.8839 0.4649 0.0506
vn 0.9315 0.3374 0.1355
vn -0.5766 -0.2163 -0.7879
vn -0.5930 -0.3044 -0.7455
vn -0.6984 -0.1950 -0.6886
vn 0.2926 0.9544 -0.0601
vn 0.0959 0.9674 -0.2344
vn -0.0377 0.9847 -0.1699
vn 0.5696 0.4059 0.7147
vn 0.6296 0.4547 0.6300
vn 0.5689 0.4583 0.6829
vn 0.6758 -0.4339 0.5958
vn 0.7283 -0.3199 0.6060
vn 0.6792 -0.3338 0.6537
vn 0.5265 0.7854 0.3254
vn 0.4445 0.8127 0.3768
vn 0.3875 0.8376 0.3850
vn -0.8712 0.4831 -0.0873
vn -0.9200 0.3785 -0.1021
vn -0.9577 0.2784 -0.0736
vn -0.5260 -0.7993 0.2905
vn -0.6138 -0.7370 0.2829
vn -0.5844 -0.7704 0.2548
vn -0.2744 -0.0134 -0.9615
vn -0.2366 -0.1256 -0.9634
vn -0.3291 0.0247 -0.9440
vn -0.2288 -0.0486 -0.9722
vn -0.2588 0.0692 -0.9635
vn -0.1600 0.0491 -0.9859
vn 0.5150 -0.6440 -0.5657
vn 0.5472 -0.6695 -0.5024
vn 0.4410 -0.7300 -0.5222
vn 0.6480 -0.5058 -0.5694
vn 0.5769 -0.6107 -0.5424
vn 0.3761 -0.6184 -0.6900
vn 0.1826 -0.5000 -0.8466
vn 0.2716 -0.5476 -0.7914
vn -0.1653 -0.9509 0.2617
vn -0.1382 -0.9623 0.2344
vn 0.4430 -0.8651 -0.2354
vn 0.5216 -0.8182 -0.2417
vn 0.5376 -0.8191 -0.2001
vn 0.6811 0.6962 -0.2267
vn 0.5739 0.7595 -0.3063
vn 0.5398 0.7779 -0.3217
vn 0.2365 0.0122 0.9716
vn 0.2166 0.0605 0.9744
vn 0.1925 -0.0555 0.9797
vn -0.8759 -0.3087 -0.3709
vn -0.8259 -0.2140 -0.5216
vn -0.7566 -0.3565 -0.5482
vn 0.3099 0.8766 0.3681
vn 0.4358 0.8200 0.3710
vn 0.3609 0.8461 0.3923
vn -0.6768 0.7066 -0.2064
vn -0.7234 0.6239 -0.2955
vn -0.7651 0.6187 -0.1785
vn 0.3429 -0.1403 0.9288
vn -0.0073 -0.4170 0.9089
vn 0.1690 -0.3560 0.9191
vn -0.9398 0.1740 -0.2940
vn -0.6993 0.4043 -0.5895
vn -0.7688 0.4733 -0.4300
vn 0.2436 -0.6231 -0.7432
vn 0.3043 -0.6062 -0.7348
vn 0.3261 -0.6665 -0.6704
vn -0.2932 0.4251 -0.8564
vn -0.0851 0.3636 -0.9277
vn -0.2257 0.2274 -0.9473
vn 0.1671 -0.2804 0.9452
vn -0.7327 0.0763 0.6763
vn -0.6798 0.1274 0.7222
vn -0.7534 0.1046 0.6492
vn 0.6156 -0.6617 0.4279
vn 0.6019 -0.6158 0.5084
vn 0.3894 -0.7292 0.5627
vn 0.0308 0.9642 0.2633
vn 0.0219 0.9813 0.1914
vn -0.0702 0.9791 0.1908
vn -0.2880 -0.5439 0.7882
vn -0.3172 -0.6724 0.6688
vn -0.2747 -0.6061 0.7464
vn -0.1217 -0.3513 -0.9283
vn -0.0850 -0.4382 -0.8948
vn -0.1775 -0.4345 -0.8830
vn 0.8477 -0.4694 -0.2470
vn 0.8685 -0.4653 -0.1708
vn 0.8976 0.3772 0.2282
vn 0.8578 0.5013 0.1133
vn -0.6997 -0.6256 -0.3450
vn -0.6101 -0.6804 -0.4061
vn -0.6820 -0.6431 -0.3483
vn 0.6783 -0.7245 0.1224
vn 0.4312 -0.8167 0.3835
vn 0.0785 -0.8488 -0.5228
vn 0.1634 -0.9704 -0.1776
vn 0.0584 -0.9033 -0.4250
vn -0.6850 0.1968 0.7015
vn 0.0152 -0.1455 -0.9892
vn 0.0020 -0.0880 -0.9961
vn -0.0342 -0.0098 -0.9994
vn 0.5718 0.6671 0.4775
vn 0.6457 0.5572 0.5221
vn 0.6669 0.5779 0.4704
vn 0.6191 0.7509 0.2300
vn 0.3557 0.9204 0.1621
vn 0.4977 0.8307 0.2495
vn -0.8840 0.4608 0.0784
vn -0.9095 0.3912 0.1408
vn -0.8671 0.4564 0.1996
vn -0.2103 0.2961 0.9317
vn -0.3312 0.2982 0.8952
vn -0.2935 0.2487 0.9230
vn 0.0067 -0.6747 -0.7381
vn -0.0354 -0.7272 -0.6855
vn -0.0065 -0.6536 -0.7568
vn 0.9754 -0.2003 0.0921
vn 0.3775 -0.8910 0.2523
vn -0.0851 -0.9860 0.1432
vn 0.2026 -0.9781 0.0479
vn -0.7124 0.0943 -0.6954
vn 0.7859 0.2203 -0.5778
vn 0.4065 0.7698 0.4922
vn 0.4279 0.6523 0.6257
vn 0.4260 0.7166 0.5522
vn 0.1715 -0.4727 -0.8644
vn 0.2818 -0.4852 -0.8277
vn 0.0093 0.9239 -0.3824
vn 0.0013 0.9670 -0.2547
vn 0.0524 0.9401 -0.3369
vn 0.3136 -0.5037 0.8049
vn 0.1787 -0.6264 0.7587
vn -0.5674 -0.7932 -0.2213
vn -0.5421 -0.8021 -0.2507
vn -0.6157 -0.7609 -0.2047
vn 0.4945 0.4622 0.7361
vn 0.4960 0.4411 0.7480
vn 0.6771 0.6736 -0.2964
vn 0.7427 0.6152 -0.2644
vn -0.9575 0.2824 -0.0590
vn -0.9543 0.2987 -0.0067
vn -0.9419 0.3272 -0.0754
vn -0.3792 -0.0095 -0.9253
vn -0.3338 0.0392 -0.9418
vn -0.3643 0.0639 -0.9291
vn -0.4947 0.8092 0.3169
vn -0.4848 0.7779 0.3997
vn -0.4188 0.8237 0.3821
vn -0.6867 -0.1171 0.7174
vn -0.5283 0.0391 0.8482
vn -0.6517 -0.0084 0.7585
vn -0.3794 0.8852 -0.2693
vn -0.3430 0.8100 -0.4756
vn -0.4650 0.8169 -0.3413
vn -0.2893 -0.7099 0.6422
vn -0.4343 -0.6965 0.5712
vn -0.2657 -0.7721 0.5773
vn -0.9470 0.0023 -0.3212
vn -0.9471 0.0040 -0.3210
vn -0.9350 -0.0109 -0.3545
vn 0.2670 0.9070 0.3255
vn 0.2861 0.9189 0.2717
vn -0.1592 0.5586 0.8140
vn -0.1128 0.5991 0.7927
vn -0.1445 0.6563 0.7405
vn -0.4305 0.8109 -0.3964
vn -0.4227 0.8527 -0.3071
vn -0.4768 0.8345 -0.2761
vn 0.7157 -0.1138 -0.6891
vn 0.5054 -0.4191 0.7543
vn 0.6182 -0.3725 0.6921
vn 0.5600 -0.2997 0.7724
vn 0.1560 -0.2165 0.9638
vn 0.1963 -0.1650 0.9666
vn 0.1141 -0.1479 0.9824
vn 0.2363 -0.3597 0.9027
vn 0.1824 -0.2711 0.9451
vn 0.1469 -0.3391 0.9292
vn -0.0404 -0.8812 -0.4710
vn -0.1031 -0.9307 -0.3509
vn -0.9771 0.1298 -0.1685
vn -0.9559 0.2781 -0.0940
vn -0.6106 0.1292 0.7813
vn -0.5641 0.1201 0.8170
vn -0.6418 0.1141 0.7583
vn 0.5512 -0.7677 0.3269
vn 0.4246 -0.8139 0.3966
vn 0.9609 0.1949 0.1968
vn 0.9713 0.1406 0.1918
vn 0.9874 0.1246 0.0978
vn -0.9021 -0.0290 -0.4305
vn 0.2274 -0.9583 -0.1729
vn 0.1342 -0.9720 -0.1928
vn -0.9264 -0.1122 0.3594
vn -0.8868 -0.2691 0.3757
vn -0.8997 -0.1618 0.4054
vn -0.6973 -0.6070 0.3811
vn -0.6641 -0.6095 0.4329
vn -0.6586 -0.6394 0.3967
vn -0.9921 0.0946 -0.0822
vn -0.9778 0.1846 -0.0989
vn -0.9962 0.0499 -0.0709
vn 0.7439 -0.6247 0.2374
vn 0.7080 -0.6466 0.2838
vn -0.4128 0.6795 0.6065
vn -0.4696 0.6502 0.5973
vn -0.4130 0.7203 0.5572
vn 0.4990 0.7942 0.3469
vn 0.3738 0.8421 0.3887
vn 0.5305 0.7530 0.3893
vn -0.0187 -0.6877 -0.7257
vn -0.0117 -0.7414 -0.6709
vn 0.0232 -0.7108 -0.7030
vn -0.3942 -0.4655 -0.7924
vn -0.2058 -0.3372 -0.9187
vn 0.5822 -0.4570 0.6725
vn -0.5734 -0.7771 -0.2596
vn -0.5419 -0.7765 -0.3217
vn 0.4808 -0.0640 -0.8745
vn 0.5335 -0.0548 -0.8440
vn 0.4047 -0.0460 -0.9133
vn 0.6761 -0.1062 -0.7291
vn 0.7241 -0.0617 -0.6869
vn 0.3637 -0.4998 -0.7861
vn 0.1645 -0.7006 -0.6943
vn -0.7811 -0.5532 -0.2897
vn -0.7645 -0.5126 -0.3909
vn -0.7778 -0.5612 -0.2829
vn 0.4153 0.8433 0.3411
vn 0.4843 0.8133 0.3224
vn 0.3801 0.8666 0.3233
vn 0.6222 0.5286 -0.5775
vn 0.6327 0.4871 -0.6020
vn 0.6433 0.3959 -0.6553
vn -0.9523 -0.0582 -0.2995
vn -0.9360 0.2535 0.2443
vn -0.9385 0.2975 0.1754
vn -0.9560 0.2341 0.1769
vn -0.2421 -0.9157 0.3206
vn 0.7456 0.5346 -0.3978
vn 0.6790 0.6001 -0.4229
vn 0.6983 0.6423 -0.3160
vn -0.7406 -0.4162 -0.5275
vn -0.7356 -0.5191 -0.4353
vn 0.0248 -0.9625 0.2700
vn 0.0687 -0.9297 0.3617
vn 0.0550 -0.9476 0.3145
vn 0.7080 0.6328 0.3137
vn 0.7338 0.5371 0.4160
vn 0.7634 0.5646 0.3136
vn -0.2703 -0.5501 0.7902
vn -0.2191 -0.5881 0.7786
vn -0.1947 -0.5358 0.8216
vn -0.5531 -0.8109 -0.1913
vn -0.5535 -0.8031 -0.2208
vn -0.5678 -0.8076 -0.1591
vn 0.2216 -0.7615 -0.6091
vn 0.2367 -0.7621 -0.6027
vn 0.2971 -0.7814 -0.5487
vn 0.3084 0.8919 -0.3308
vn 0.3087 0.8024 -0.5107
vn 0.2283 0.8577 -0.4608
vn -0.0111 -0.7082 -0.7060
vn -0.0606 -0.6738 -0.7364
vn -0.8344 -0.5512 -0.0068
vn -0.8788 -0.4771 -0.0115
vn -0.7997 -0.5858 -0.1316
vn -0.7889 -0.1324 -0.6001
vn -0.7936 -0.1342 -0.5934
vn -0.7617 -0.1288 -0.6350
vn -0.6475 -0.2643 0.7148
vn -0.6742 -0.1050 0.7311
vn -0.7406 -0.3841 0.5514
vn 0.7189 0.6386 -0.2746
vn -0.8503 -0.1216 0.5121
vn -0.8609 -0.1866 0.4734
vn -0.8390 -0.0745 0.5389
vn 0.4384 0.8865 -0.1484
vn 0.3376 0.9072 -0.2510
vn 0.4655 0.8618 -0.2014
vn -0.6603 0.7083 0.2496
vn -0.5491 -0.2158 0.8074
vn -0.4256 -0.2701 0.8637
vn -0.4213 -0.1149 0.8996
vn -0.8881 0.3453 -0.3034
vn -0.9279 0.1641 -0.3349
vn 0.2083 -0.9749 -0.0784
vn 0.1766 -0.9735 -0.1454
vn 0.2917 -0.9434 -0.1576
vn -0.6909 -0.1004 0.7160
vn -0.6518 -0.1462 0.7442
vn 0.3621 -0.0656 -0.9298
vn 0.0439 -0.6337 -0.7724
vn 0.2146 -0.6280 -0.7480
vn 0.3372 -0.5265 -0.7804
vn -0.9804 0.0445 -0.1921
vn -0.9575 -0.0286 -0.2870
vn -0.9647 -0.1791 -0.1928
vn -0.6363 -0.7176 -0.2830
vn -0.6425 -0.6881 -0.3373
vn 0.3568 0.8781 0.3188
vn 0.2421 0.9048 0.3505
vn 0.1790 0.9688 0.1717
vn 0.7305 -0.5424 -0.4150
vn 0.7724 -0.4809 -0.4148
vn 0.7592 -0.5640 -0.3249
vn 0.7284 0.6786 0.0950
vn -0.8774 -0.0816 0.4728
vn -0.8392 -0.0264 0.5431
vn 0.8987 0.3786 0.2213
vn 0.0019 -0.1811 0.9835
vn -0.0323 -0.1638 0.9860
vn 0.1242 -0.0927 0.9879
vn 0.0450 0.9749 -0.2179
vn -0.9186 -0.1956 0.3434
vn 0.1783 0.9311 0.3181
vn 0.3128 0.8716 0.3774
vn 0.2048 0.9531 0.2231
vn 0.4202 0.8535 -0.3083
vn 0.2881 0.9536 -0.0873
vn 0.3189 0.9401 -0.1206
vn 0.1878 -0.2547 -0.9486
vn 0.0660 -0.4010 -0.9137
vn 0.2101 -0.2722 -0.9390
vn -0.4683 -0.6341 -0.6153
vn -0.5056 -0.5478 -0.6666
vn -0.4885 -0.5905 -0.6424
vn 0.4602 -0.8565 0.2337
vn 0.2853 -0.9481 0.1403
vn -0.2890 -0.2505 -0.9240
vn -0.2716 -0.2115 -0.9389
vn -0.2522 -0.2141 -0.9437
vn -0.0921 0.0112 0.9957
vn -0.1470 -0.1308 0.9804
vn -0.0771 -0.2286 0.9705
vn 0.4459 0.6011 0.6632
vn 0.5818 0.5416 0.6067
vn 0.4370 0.6746 0.5949
vn 0.6924 0.6698 -0.2682
vn 0.6494 0.6479 -0.3980
vn 0.6043 -0.7636 -0.2275
vn 0.5864 -0.8029 -0.1069
vn 0.6804 -0.6876 -0.2534
vn -0.9901 0.0825 0.1139
vn -0.9970 0.0747 -0.0210
vn -0.9988 -0.0350 -0.0350
vn -0.9904 0.0402 0.1322
vn -0.1653 -0.9775 0.1311
vn -0.2290 -0.9292 0.2900
vn -0.2204 -0.9751 -0.0239
vn 0.2261 0.9359 0.2700
vn 0.2234 0.9681 0.1136
vn 0.3016 0.9354 0.1845
vn -0.4690 -0.4401 -0.7657
vn -0.5354 -0.3938 -0.7472
vn -0.5253 -0.3739 -0.7644
vn -0.5257 -0.8224 -0.2174
vn -0.6022 -0.7735 -0.1977
vn -0.2715 -0.8522 0.4471
vn -0.4906 -0.7608 0.4248
vn -0.2819 -0.8944 0.3472
vn 0.3095 0.6341 -0.7086
vn 0.5177 0.4422 -0.7324
vn 0.3243 0.4986 -0.8039
vn -0.2231 0.2469 0.9430
vn -0.2493 0.1950 0.9486
vn -0.2757 0.1283 0.9526
vn 0.5593 -0.7904 -0.2499
vn 0.7292 0.6808 0.0685
vn 0.6552 0.7406 0.1490
vn 0.1754 0.9470 -0.2690
vn -0.9859 0.1066 -0.1293
vn -0.9936 0.0671 -0.0913
vn -0.9831 0.0987 -0.1539
vn -0.4655 0.3906 0.7942
vn -0.3947 0.3177 0.8621
vn -0.3696 0.3579 0.8575
vn -0.3958 -0.4578 0.7961
vn -0.4021 -0.5787 0.7095
vn -0.3922 -0.4994 0.7725
vn -0.9498 -0.3128 0.0010
vn -0.9170 -0.2582 -0.3042
vn -0.1219 -0.7067 -0.6969
vn 0.3462 0.8088 -0.4753
vn 0.3355 0.7910 -0.5116
vn 0.3806 0.8866 -0.2628
vn -0.4648 -0.5386 0.7028
vn -0.4205 -0.4802 0.7698
vn 0.9889 0.0256 0.1466
vn 0.9983 0.0569 0.0125
vn 0.6613 0.6264 -0.4126
vn 0.5844 0.7258 -0.3629
vn -0.3410 -0.4861 0.8046
vn -0.3587 -0.4720 0.8053
vn 0.8912 0.4198 -0.1717
vn 0.9079 0.4070 -0.1004
vn 0.4363 -0.0737 -0.8968
vn 0.6080 0.0234 -0.7936
vn -0.6584 0.2044 -0.7244
vn -0.5891 0.2225 -0.7768
vn -0.7395 0.4412 -0.5084
vn -0.7929 0.4314 -0.4304
vn 0.2877 0.9389 -0.1888
vn -0.5235 0.7889 0.3219
vn -0.4257 0.8392 0.3383
vn -0.4662 0.8524 0.2366
vn 0.7299 0.6439 0.2292
vn 0.7924 0.5591 0.2439
vn -0.8015 -0.1063 0.5885
vn -0.6939 -0.2656 0.6693
vn -0.6247 -0.2656 0.7343
vn 0.1786 -0.9533 0.2436
vn 0.1166 -0.9188 0.3771
vn 0.1146 -0.9553 0.2727
vn -0.7196 -0.0229 -0.6941
vn -0.7132 -0.0620 -0.6982
vn -0.7105 -0.0372 -0.7027
vn 0.6707 -0.6865 0.2809
vn 0.4185 -0.9053 0.0733
vn 0.5358 -0.7288 0.4264
vn -0.8125 0.5223 0.2590
vn -0.7384 0.6007 0.3064
vn -0.8038 0.5426 0.2438
vn -0.1962 0.9295 0.3124
vn -0.2777 0.8929 0.3543
vn -0.2111 0.9130 0.3490
vn -0.4652 0.0105 0.8851
vn 0.1289 -0.6822 -0.7197
vn 0.0992 -0.8071 -0.5820
vn 0.1720 -0.7582 -0.6290
vn 0.6762 0.7180 0.1649
vn 0.6424 0.7301 0.2328
vn 0.6621 0.7067 0.2494
vn 0.2376 -0.9200 0.3118
vn 0.2513 -0.8673 0.4296
vn 0.6960 0.6500 -0.3053
vn -0.0935 -0.4799 -0.8723
vn -0.1151 -0.5356 -0.8366
vn -0.0640 -0.5025 -0.8622
vn -0.2757 -0.8961 0.3477
vn -0.2843 -0.9032 0.3216
vn -0.2297 -0.9204 0.3162
vn 0.7076 -0.0089 0.7065
vn 0.6989 -0.1197 0.7051
vn 0.7401 -0.0888 0.6666
vn -0.2542 -0.9075 0.3343
vn -0.9756 0.1897 -0.1108
vn -0.9824 0.1065 -0.1535
vn -0.0597 -0.4187 -0.9061
vn -0.0404 -0.4931 -0.8690
vn -0.1330 -0.5088 -0.8506
vn -0.6075 -0.2982 0.7362
vn -0.6505 -0.1808 0.7377
vn -0.5891 -0.3125 0.7452
vn -0.2842 -0.4472 0.8480
vn -0.1873 -0.4776 0.8584
vn -0.2686 -0.3556 0.8952
vn -0.1252 -0.6942 -0.7088
vn -0.1612 -0.6908 -0.7048
vn -0.0136 -0.7282 -0.6852
vn -0.3510 0.2629 -0.8987
vn -0.6654 -0.7013 -0.2557
vn -0.6969 0.0726 0.7135
vn -0.7302 0.1359 0.6696
vn -0.7581 0.0577 0.6496
vn -0.8643 0.1226 -0.4878
vn -0.8022 0.1688 -0.5727
vn -0.8440 0.2772 -0.4592
vn 0.8777 -0.1073 -0.4670
vn 0.8832 -0.0833 -0.4616
vn 0.8859 -0.0921 -0.4546
vn -0.0068 -0.7707 -0.6372
vn 0.0516 -0.7601 -0.6478
vn 0.0035 -0.8186 -0.5743
vn 0.1010 -0.0678 -0.9926
vn 0.6562 0.5056 0.5602
vn 0.6991 0.4250 0.5751
vn 0.3905 0.8344 0.3890
vn 0.4146 0.8761 0.2459
vn 0.3698 0.8649 0.3395
vn 0.7475 -0.2913 -0.5970
vn 0.7021 -0.3104 -0.6409
vn -0.7526 0.4774 0.4536
vn -0.8221 0.4786 0.3085
vn -0.8509 0.4312 0.2999
vn -0.6614 -0.1038 0.7428
vn -0.1437 0.2871 0.9470
vn -0.1310 0.1271 0.9832
vn 0.8228 0.5669 -0.0408
vn 0.7120 0.7018 0.0218
vn 0.7228 0.6812 0.1163
vn -0.6049 -0.5560 -0.5700
vn -0.7192 -0.3597 -0.5944
vn -0.6786 -0.5642 -0.4703
vn 0.4364 0.8266 0.3554
vn 0.4781 0.7861 0.3917
vn 0.4764 0.7916 0.3826
vn 0.5930 -0.1657 -0.7880
vn 0.3246 0.9299 -0.1728
vn 0.2637 0.9646 0.0096
vn 0.1728 0.9686 0.1788
vn 0.1189 0.9556 0.2697
vn 0.0466 0.9362 0.3483
vn 0.0998 0.9254 0.3655
vn 0.9531 -0.0162 -0.3023
vn 0.9134 -0.0183 -0.4067
vn 0.9590 0.0091 -0.2833
vn 0.2345 0.2127 0.9486
vn 0.2089 0.2210 0.9526
vn 0.3569 0.2421 0.9022
vn 0.5964 0.2130 -0.7739
vn 0.6036 0.2646 -0.7521
vn 0.6397 0.1468 -0.7544
vn 0.4363 0.7329 -0.5220
vn 0.4675 0.7138 -0.5215
vn 0.4296 0.7203 -0.5446
vn 0.6433 -0.1581 0.7491
vn 0.6094 -0.2168 0.7626
vn 0.6792 -0.2287 0.6974
vn 0.0357 0.6796 -0.7327
vn -0.0263 0.6880 -0.7253
vn 0.0244 0.7213 -0.6922
vn 0.6240 -0.2082 0.7532
vn 0.2435 -0.2503 -0.9370
vn 0.1654 -0.2578 -0.9519
vn 0.2346 -0.2485 -0.9398
vn 0.3941 -0.7696 0.5024
vn 0.4751 -0.8185 0.3230
vn 0.3819 -0.8513 0.3597
vn -0.7574 -0.4028 -0.5139
vn -0.7562 -0.4181 -0.5034
vn -0.1263 0.8714 -0.4741
vn 0.3212 0.9337 0.1583
vn 0.3996 0.8658 0.3013
vn 0.4154 0.8881 0.1969
vn 0.7340 -0.0715 -0.6754
vn 0.7952 -0.0197 -0.6061
vn 0.7768 -0.1752 -0.6049
vn 0.7197 -0.6882 -0.0918
vn 0.6609 -0.7351 -0.1510
vn 0.7106 -0.6846 -0.1625
vn -0.0829 -0.1861 -0.9790
vn -0.0648 -0.1282 -0.9896
vn 0.0169 -0.1374 -0.9904
vn -0.3949 -0.0524 0.9172
vn -0.4567 -0.0362 0.8889
vn 0.1045 0.6971 -0.7093
vn -0.9476 -0.1332 0.2905
vn -0.9466 -0.0106 0.3222
vn -0.9647 -0.0241 0.2621
vn 0.0429 -0.3718 -0.9273
vn 0.1019 -0.2756 -0.9559
vn 0.0676 -0.2750 -0.9591
vn -0.3272 -0.4182 0.8474
vn -0.3413 -0.5723 0.7456
vn -0.3311 -0.4967 0.8023
vn 0.1180 -0.2745 -0.9543
vn 0.1052 -0.2661 -0.9582
vn -0.2046 0.7149 0.6686
vn -0.3035 0.7013 0.6451
vn -0.2015 0.6019 0.7728
vn -0.9016 -0.0749 -0.4260
vn -0.9218 -0.0200 -0.3871
vn -0.3764 -0.2905 0.8797
vn -0.3207 -0.2735 0.9068
vn -0.3430 -0.1298 0.9303
vn -0.3041 0.1260 0.9443
vn -0.2892 0.0749 0.9543
vn -0.3225 0.0147 0.9465
vn -0.7360 0.6692 -0.1022
vn -0.7203 0.6925 -0.0402
vn -0.7471 0.6641 0.0280
vn -0.4610 0.6458 -0.6086
vn -0.5041 0.6232 -0.5979
vn -0.5197 0.6386 -0.5676
vn 0.7700 -0.5649 0.2968
vn -0.8005 0.4546 -0.3906
vn -0.8408 0.5077 -0.1877
vn -0.0021 -0.9998 -0.0219
vn 0.0441 -0.9988 0.0210
vn -0.0611 -0.9978 0.0258
vn -0.3761 -0.5514 -0.7446
vn -0.4285 -0.4800 -0.7655
vn -0.3168 -0.5709 -0.7574
vn 0.7502 -0.5377 0.3848
vn 0.7310 -0.4893 0.4757
vn 0.7511 -0.5816 0.3124
vn -0.0045 0.9941 -0.1085
vn 0.0378 0.9711 -0.2356
vn -0.1515 0.9830 -0.1042
vn -0.9478 0.3151 -0.0479
vn -0.9301 0.3673 -0.0058
vn 0.6673 0.6559 -0.3530
vn 0.7440 0.5505 -0.3786
vn 0.9233 -0.3773 -0.0719
vn 0.9062 -0.3628 -0.2171
vn 0.5798 -0.0472 0.8134
vn 0.5051 -0.0684 0.8604
vn 0.5478 -0.1095 0.8294
vn -0.8370 -0.3782 0.3954
vn -0.8728 -0.3003 0.3848
vn -0.8573 -0.3524 0.3752
vn -0.0495 0.9970 0.0590
vn -0.0628 0.9908 0.1202
vn 0.8339 -0.2855 -0.4724
vn 0.8540 -0.1452 -0.4995
vn 0.8425 -0.1694 -0.5114
vn 0.3624 0.8926 0.2681
vn 0.5597 -0.6228 0.5467
vn 0.5309 -0.6861 0.4974
vn 0.6330 -0.6268 0.4544
vn -0.6771 -0.6835 0.2728
vn -0.7032 -0.6586 0.2677
vn -0.7635 -0.6077 0.2186
vn 0.1471 -0.0760 -0.9862
vn 0.1497 -0.0908 -0.9845
vn 0.0478 -0.1165 -0.9920
vn 0.1244 -0.9798 0.1565
vn 0.5343 -0.8006 0.2711
vn -0.8220 0.4021 -0.4033
vn -0.7857 0.2539 -0.5641
vn -0.8774 -0.0437 -0.4778
vn -0.8262 -0.0979 -0.5548
vn 0.1165 0.8946 0.4314
vn 0.1847 0.9076 0.3770
vn 0.9934 -0.1144 -0.0092
vn 0.9763 -0.1942 -0.0950
vn 0.9968 -0.0297 -0.0738
vn -0.6388 -0.5140 -0.5725
vn -0.7394 -0.5819 -0.3385
vn 0.5819 -0.6741 -0.4550
vn 0.6044 -0.6770 -0.4200
vn 0.4727 0.3081 0.8256
vn 0.4592 0.3061 0.8339
vn -0.0840 0.0745 0.9937
vn 0.6839 0.2541 0.6839
vn 0.6837 0.1664 0.7105
vn 0.7401 0.1963 0.6432
vn 0.7225 -0.3010 -0.6224
vn 0.7008 -0.2738 -0.6587
vn 0.7069 -0.3326 -0.6242
vn 0.4151 -0.5777 -0.7028
vn 0.3111 0.7969 -0.5179
vn 0.0706 -0.1000 -0.9925
vn 0.0893 0.0346 -0.9954
vn 0.0561 -0.1191 -0.9913
vn -0.6908 0.5935 0.4130
vn -0.6773 0.6449 0.3540
vn 0.3847 0.3617 -0.8493
vn 0.2856 0.4761 -0.8317
vn -0.7215 -0.2404 0.6494
vn 0.4577 -0.5939 0.6617
vn 0.3624 -0.6375 0.6799
vn -0.1225 -0.6624 -0.7390
vn -0.0294 -0.6698 -0.7419
vn -0.1909 -0.6681 -0.7191
vn -0.4791 -0.7065 0.5209
vn -0.4904 -0.7281 0.4790
vn -0.7005 -0.6841 -0.2031
vn -0.7099 -0.6771 -0.1941
vn -0.9028 0.0044 0.4300
vn -0.0256 -0.2331 0.9721
vn 0.0747 0.9836 -0.1640
vn -0.0203 0.9948 -0.0999
vn 0.9078 -0.0244 -0.4186
vn 0.9521 -0.0038 -0.3059
vn -0.8177 0.3249 -0.4753
vn 0.1060 -0.4297 -0.8968
vn 0.0475 -0.4823 -0.8747
vn 0.0516 -0.5722 -0.8185
vn -0.9011 0.4266 -0.0773
vn -0.9087 0.3885 -0.1531
vn -0.9355 0.3506 -0.0433
vn 0.7301 0.6127 -0.3024
vn -0.0706 -0.1297 0.9890
vn -0.2053 -0.1569 0.9660
vn -0.0041 -0.0297 0.9996
vn -0.1355 0.9816 0.1342
vn -0.1663 0.9456 0.2795
vn -0.0943 0.9847 0.1467
vn 0.2149 0.8728 0.4383
vn 0.0191 0.3454 0.9383
vn -0.0314 0.3048 0.9519
vn 0.0655 0.2734 0.9597
vn -0.3195 -0.5773 0.7514
vn 0.8963 -0.4295 -0.1106
vn 0.9100 -0.3468 -0.2270
vn 0.9357 -0.2823 -0.2116
vn -0.6341 -0.4491 0.6295
vn -0.5093 -0.4880 0.7088
vn -0.4489 -0.5101 0.7337
vn 0.9509 0.2778 0.1363
vn -0.5945 0.7514 0.2862
vn -0.5631 0.7758 0.2846
vn -0.0149 -0.4565 -0.8896
vn -0.0406 -0.4828 -0.8748
vn 0.4928 0.8346 -0.2461
vn 0.4418 0.7516 -0.4898
vn 0.4875 0.7064 -0.5131
vn 0.1552 0.9666 0.2039
vn -0.7064 0.6759 -0.2100
vn -0.6883 0.6704 -0.2771
vn 0.7700 -0.6321 0.0867
vn 0.7479 -0.6638 -0.0034
vn 0.7078 -0.7021 0.0785
vn 0.0921 -0.9837 0.1546
vn 0.1327 -0.9819 0.1351
vn 0.0972 -0.9890 0.1115
vn -0.1009 -0.9940 0.0413
vn -0.6426 0.1877 0.7428
vn -0.6722 0.1877 0.7162
vn -0.0211 -0.4165 -0.9089
vn 0.2471 -0.5457 -0.8007
vn 0.6083 -0.0072 -0.7937
vn 0.6320 0.0749 -0.7713
vn 0.6173 0.0337 -0.7860
vn 0.0972 0.8562 -0.5074
vn 0.1238 0.8384 -0.5309
vn 0.0948 0.8502 -0.5179
vn -0.1167 0.9926 -0.0327
vn 0.5783 0.7246 0.3748
vn 0.4420 0.8212 0.3609
vn 0.5013 0.8006 0.3281
vn -0.3874 -0.4808 0.7866
vn -0.7968 0.3600 -0.4853
vn -0.8377 0.3232 -0.4403
vn -0.8142 0.3671 -0.4498
vn 0.3616 -0.8753 0.3211
vn 0.5139 -0.7886 0.3377
vn -0.9101 0.4041 -0.0923
vn -0.8824 0.4591 -0.1034
vn -0.7565 0.0954 0.6470
vn -0.7992 0.0127 -0.6010
vn 0.8637 -0.5023 -0.0415
vn 0.8721 -0.4633 -0.1574
vn -0.9462 -0.2345 -0.2232
vn -0.9735 -0.1760 -0.1460
vn -0.1761 0.8382 -0.5162
vn -0.1386 0.8721 -0.4692
vn -0.0165 -0.7416 -0.6706
vn 0.9277 -0.3732 0.0021
vn 0.8976 -0.4390 0.0404
vn -0.8677 0.4797 -0.1299
vn -0.8246 0.5619 -0.0655
vn -0.8781 0.4772 0.0356
vn -0.3563 0.8632 0.3577
vn -0.5085 -0.8358 0.2073
vn -0.6304 0.2697 0.7279
vn 0.3800 0.2092 0.9010
vn 0.4643 0.2659 0.8449
vn -0.9854 -0.0075 -0.1700
vn -0.9772 0.0114 -0.2122
vn 0.1365 -0.9906 -0.0024
vn 0.1804 -0.9833 0.0259
vn 0.1058 -0.9901 0.0922
vn -0.1619 -0.1516 0.9751
vn -0.2641 -0.1418 0.9540
vn -0.2305 -0.2163 0.9487
vn 0.0105 -0.7652 -0.6437
vn 0.1267 -0.7603 -0.6370
vn 0.0724 -0.7816 -0.6196
vn -0.7560 0.6128 -0.2301
vn -0.6586 0.7327 -0.1715
vn -0.6127 0.6578 -0.4380
vn -0.8574 0.4512 0.2473
vn -0.8479 0.4928 0.1955
vn 0.6861 -0.6223 0.3767
vn -0.2705 -0.3324 0.9035
vn -0.2819 -0.4013 0.8715
vn 0.3811 0.8842 0.2702
vn 0.4548 0.7841 0.4223
vn -0.2409 -0.9057 0.3488
vn 0.1725 -0.7840 -0.5963
vn -0.1568 0.7903 0.5923
vn -0.1231 0.7437 0.6571
vn -0.0661 0.8253 0.5609
vn 0.3474 0.8852 0.3095
vn -0.9786 0.1144 -0.1710
vn -0.9749 0.0940 -0.2017
vn -0.8686 0.0810 0.4889
vn -0.8066 0.0708 0.5868
vn 0.4571 0.7327 -0.5041
vn 0.3973 0.7749 -0.4916
vn 0.3912 0.7594 -0.5198
vn -0.1491 0.9138 -0.3778
vn 0.5269 0.3942 0.7530
vn 0.4829 0.3309 0.8108
vn 0.5693 0.2670 0.7776
vn 0.6384 0.2330 0.7336
vn 0.6141 0.3159 0.7232
vn -0.9361 0.1867 0.2983
vn -0.9168 0.1935 0.3492
vn -0.9945 0.0562 -0.0882
vn -0.9982 0.0522 -0.0311
vn -0.9743 0.0876 -0.2073
vn -0.9175 -0.0206 -0.3973
vn -0.9599 0.0433 -0.2770
vn -0.9620 -0.0122 -0.2729
vn -0.8926 0.2570 -0.3705
vn 0.5048 -0.1578 -0.8487
vn 0.5556 -0.1691 -0.8141
vn 0.5817 -0.1638 -0.7967
vn -0.4412 -0.3740 -0.8158
vn -0.3881 -0.2760 -0.8793
vn -0.3884 -0.3111 -0.8674
vn 0.2367 -0.8913 0.3867
vn -0.8662 -0.3606 -0.3458
vn 0.8562 0.4822 -0.1853
vn 0.8799 0.4373 -0.1859
vn 0.0814 -0.9818 -0.1716
vn -0.3114 -0.9371 -0.1574
vn -0.1636 -0.9826 -0.0878
vn 0.3526 0.5267 0.7735
vn 0.2981 0.6811 0.6688
vn 0.2330 0.7154 0.6587
vn -0.9834 -0.1786 0.0305
vn -0.9964 -0.0686 -0.0503
vn -0.9752 -0.1811 -0.1276
vn -0.9849 -0.1711 -0.0273
vn -0.9710 -0.2361 -0.0370
vn 0.4909 0.3165 -0.8117
vn 0.6023 0.2971 -0.7409
vn 0.5523 -0.0811 0.8297
vn 0.4299 -0.1297 0.8935
vn -0.6373 0.7117 0.2955
vn -0.6929 0.6601 0.2902
vn -0.6510 0.4191 -0.6330
vn -0.6901 0.4172 -0.5913
vn -0.3928 -0.4534 0.8001
vn -0.6811 -0.5104 -0.5249
vn -0.6428 -0.4798 -0.5972
vn -0.9717 -0.2315 -0.0470
vn -0.8983 -0.3035 -0.3178
vn 0.9780 -0.2064 0.0291
vn -0.8005 -0.5582 0.2182
vn -0.8226 -0.5460 0.1587
vn -0.8642 -0.4610 0.2015
vn -0.9000 -0.4229 0.1057
vn -0.8652 -0.4963 0.0714
vn 0.2650 0.6867 0.6769
vn 0.3209 0.6693 0.6701
vn 0.2132 0.6866 0.6951
vn 0.7416 -0.1698 0.6490
vn -0.3473 -0.5770 -0.7392
vn 0.1230 0.9558 -0.2670
vn -0.0718 0.9416 -0.3289
vn 0.0967 -0.9391 -0.3298
vn 0.0518 -0.8938 -0.4455
vn 0.2697 -0.9494 -0.1608
vn -0.0417 -0.5660 -0.8233
vn -0.0276 -0.5136 -0.8576
vn -0.0659 -0.6571 -0.7509
vn -0.6900 -0.4568 -0.5615
vn -0.3986 0.8062 0.4372
vn -0.3624 0.8484 0.3859
vn -0.4357 0.8298 0.3487
vn 0.8639 0.5018 -0.0418
vn 0.7548 -0.6147 0.2288
vn 0.7505 -0.6533 0.0995
vn 0.7634 -0.6279 0.1513
vn -0.3660 0.8716 0.3263
vn 0.7278 0.6851 0.0304
vn 0.5043 0.8323 -0.2301
vn 0.3261 0.9365 -0.1293
vn 0.4679 0.8550 -0.2237
vn 0.0223 0.8512 0.5243
vn 0.0874 0.8279 0.5540
vn 0.0818 0.8662 0.4929
vn 0.4300 0.8182 0.3816
vn -0.8171 -0.4467 0.3644
vn -0.7685 -0.4783 0.4250
vn -0.8250 -0.4034 0.3959
vn -0.0059 -0.7182 0.6958
vn -0.0255 -0.6841 0.7289
vn -0.1189 -0.7338 0.6689
vn 0.2402 -0.8889 -0.3900
vn 0.3220 0.9417 -0.0973
vn -0.5903 -0.7651 -0.2572
vn -0.6202 -0.7557 -0.2105
vn -0.5454 -0.8004 -0.2487
vn -0.4720 0.1964 -0.8594
vn -0.4690 0.3415 -0.8145
vn -0.3617 0.1589 -0.9187
vn 0.3040 0.8701 0.3881
vn -0.6613 -0.5444 0.5161
vn -0.0348 -0.0410 -0.9986
vn -0.7929 0.3945 -0.4643
vn 0.0775 0.9652 0.2497
vn 0.1395 0.9568 0.2550
vn 0.2409 0.9497 0.1999
vn 0.7231 -0.5715 0.3880
vn 0.4788 0.7385 0.4748
vn -0.1927 0.9235 0.3317
vn -0.0894 0.9369 0.3381
vn -0.1579 0.9592 0.2346
vn 0.6698 -0.5345 0.5154
vn 0.6859 -0.6124 0.3931
vn 0.6731 -0.5329 0.5128
vn -0.8096 -0.3534 0.4687
vn -0.1587 -0.9062 0.3919
vn -0.1796 -0.8739 0.4517
vn -0.2008 -0.8538 0.4803
vn -0.2306 -0.9043 0.3592
vn -0.4000 0.2325 0.8865
vn -0.5777 0.8155 0.0347
vn -0.5431 0.8202 0.1799
vn -0.5051 0.6790 -0.5328
vn -0.4588 0.6917 -0.5577
vn -0.9279 0.3697 -0.0490
vn -0.9877 0.1509 -0.0408
vn -0.9424 0.3176 0.1046
vn 0.9645 -0.1800 -0.1933
vn 0.9491 -0.1864 -0.2540
vn 0.9769 -0.1198 -0.1768
vn -0.9519 0.2668 0.1509
vn -0.9929 0.0689 0.0973
vn -0.9726 0.1528 0.1751
vn 0.0971 -0.2544 -0.9622
vn 0.1274 -0.2286 -0.9651
vn 0.1021 -0.2222 -0.9696
vn -0.0195 -0.9586 -0.2842
vn -0.0172 -0.9787 -0.2045
vn -0.9760 0.1015 0.1925
vn -0.6147 -0.3080 -0.7261
vn -0.7257 -0.2450 -0.6429
vn 0.1354 -0.9490 -0.2846
vn 0.2063 -0.8494 -0.4857
vn -0.1896 -0.6492 0.7366
vn -0.1966 -0.6921 0.6945
vn -0.2689 -0.7143 0.6461
vn -0.5945 -0.7688 0.2358
vn -0.6735 -0.7328 0.0969
vn -0.3307 -0.8849 0.3282
vn -0.3867 -0.8691 0.3085
vn -0.7951 -0.3834 0.4699
vn -0.7843 0.0346 -0.6194
vn 0.5240 -0.0855 -0.8474
vn 0.3884 -0.8931 -0.2269
vn 0.4302 -0.8116 -0.3953
vn 0.5366 -0.0697 -0.8410
vn 0.6213 -0.0053 -0.7835
vn 0.5221 -0.0222 -0.8526
vn 0.7131 0.5566 -0.4261
vn 0.7407 0.5798 -0.3395
vn 0.7930 0.4865 -0.3669
vn -0.1176 0.9898 0.0800
vn -0.1572 0.9875 0.0133
vn -0.1843 0.9821 0.0377
vn -0.4524 0.8813 -0.1368
vn -0.4829 0.8699 -0.1007
vn -0.3586 0.9223 -0.1445
vn 0.6609 0.6349 -0.4001
vn 0.3233 0.9256 -0.1969
vn 0.4029 0.8805 -0.2498
vn 0.2034 0.7528 -0.6261
vn 0.1070 0.7889 -0.6051
vn 0.1873 0.8027 -0.5662
vn 0.4818 0.8392 0.2523
vn 0.6609 0.7343 0.1547
vn 0.5891 0.7900 0.1699
vn -0.4864 -0.0116 0.8737
vn -0.4290 -0.0340 0.9026
vn -0.4605 -0.4933 -0.7380
vn -0.4561 -0.5332 -0.7125
vn 0.3424 0.8499 0.4006
vn 0.4535 0.8165 0.3573
vn -0.3868 -0.4444 0.8080
vn -0.3140 -0.5006 0.8067
vn -0.2547 -0.5091 0.8222
vn -0.1695 -0.8979 0.4062
vn -0.6713 0.7304 -0.1261
vn -0.7004 0.7061 -0.1042
vn 0.0095 -0.5714 -0.8206
vn 0.1236 -0.7255 -0.6771
vn 0.1859 -0.8950 -0.4056
vn 0.2128 -0.5319 0.8196
vn 0.4548 -0.1176 -0.8828
vn 0.5272 -0.0773 -0.8463
vn 0.0889 0.9685 0.2326
vn 0.1075 0.9813 0.1594
vn 0.6984 -0.6645 -0.2657
vn -0.9917 0.0558 -0.1157
vn -0.8616 -0.1037 -0.4968
vn -0.8672 -0.0668 -0.4935
vn 0.4332 0.8772 0.2068
vn -0.2633 0.1035 -0.9592
vn -0.9211 -0.3331 -0.2015
vn -0.9253 -0.3437 -0.1603
vn -0.9425 -0.2431 -0.2293
vn 0.5688 -0.2884 -0.7703
vn 0.4950 -0.4378 -0.7505
vn 0.4328 -0.1256 -0.8927
vn 0.4444 -0.1978 -0.8737
vn -0.6982 0.4393 -0.5652
vn -0.6873 0.4853 -0.5405
vn -0.8613 -0.0818 -0.5014
vn -0.2119 -0.5645 -0.7978
vn -0.2928 -0.4817 -0.8260
vn 0.2538 -0.2342 -0.9385
vn 0.3144 -0.2546 -0.9145
vn -0.6858 0.1103 0.7194
vn -0.7263 0.0974 0.6804
vn 0.6156 -0.6268 -0.4777
vn -0.3127 -0.5848 0.7485
vn 0.2538 0.3121 0.9155
vn -0.5294 -0.8414 0.1083
vn -0.5500 -0.8240 -0.1359
vn -0.5138 -0.8551 -0.0698
vn 0.0039 -0.3600 -0.9329
vn -0.6065 0.3113 -0.7317
vn -0.5542 0.3890 0.7359
vn -0.5897 0.4643 0.6608
vn -0.5903 0.3452 0.7297
vn -0.8079 -0.2990 -0.5079
vn -0.7981 -0.4024 -0.4486
vn -0.8030 -0.3575 -0.4769
vn 0.8671 0.4944 0.0605
vn 0.5787 -0.7062 0.4079
vn 0.1461 0.9835 0.1066
vn 0.6034 -0.3714 -0.7057
vn -0.9899 -0.0083 -0.1415
vn 0.4807 -0.2154 -0.8500
vn 0.4997 -0.2368 -0.8332
vn 0.5070 -0.1914 -0.8404
vn 0.5149 -0.2057 -0.8322
vn 0.4552 -0.1860 -0.8707
vn -0.7665 -0.0523 0.6401
vn -0.7542 0.0013 0.6566
vn 0.6419 0.0852 -0.7621
vn 0.4273 -0.2220 -0.8764
vn 0.4602 -0.1983 -0.8654
vn 0.2951 0.9386 -0.1788
vn 0.0964 -0.6416 0.7610
vn 0.7225 0.6479 -0.2411
vn 0.7345 0.5748 -0.3609
vn 0.6245 -0.2391 0.7436
vn 0.7302 -0.0997 0.6760
vn 0.2925 0.0342 0.9557
vn 0.4443 0.1406 0.8848
vn 0.7428 0.6252 0.2396
vn 0.6516 0.6437 0.4012
vn -0.3110 0.9433 0.1164
vn -0.2933 0.4048 0.8661
vn -0.3846 0.3883 0.8374
vn 0.2106 0.8433 -0.4944
vn 0.1988 0.8111 -0.5500
vn 0.7408 0.1819 -0.6466
vn 0.9332 -0.1577 -0.3228
vn -0.2107 -0.9170 0.3388
vn -0.6293 0.2678 -0.7296
vn -0.7126 -0.2229 0.6652
vn -0.5959 -0.3936 0.7000
vn -0.4777 -0.5379 0.6946
vn 0.8318 -0.5227 0.1870
vn 0.7469 -0.6421 0.1727
vn 0.9971 0.0314 -0.0692
vn 0.3733 -0.3132 -0.8733
vn 0.3615 -0.5840 -0.7268
vn 0.2602 -0.5631 -0.7843
vn -0.6113 0.2066 -0.7640
vn 0.2056 0.1379 0.9689
vn 0.8264 0.5057 0.2475
vn 0.8848 0.3903 0.2545
vn -0.2521 -0.7600 0.5990
vn -0.2588 -0.8459 0.4663
vn 0.7633 -0.4017 0.5060
vn -0.7521 -0.5207 -0.4040
vn -0.8228 -0.4092 -0.3943
vn -0.6626 0.6673 -0.3401
vn -0.6713 0.6135 -0.4159
vn -0.6415 0.6386 -0.4251
vn 0.7845 -0.2240 -0.5783
vn 0.7868 -0.2325 -0.5717
vn 0.7883 -0.3055 -0.5342
vn 0.4045 -0.9005 -0.1598
vn 0.4905 -0.8621 -0.1272
vn -0.0714 0.0874 0.9936
vn -0.0929 0.1353 0.9864
vn -0.1393 -0.0167 0.9901
vn -0.0023 -0.0391 -0.9992
vn 0.1765 -0.0794 -0.9811
vn 0.0150 -0.0895 -0.9959
vn 0.0141 0.9433 0.3317
vn -0.6400 0.5748 -0.5100
vn -0.7386 0.5294 -0.4174
vn 0.8293 -0.5536 0.0759
vn 0.8544 -0.5121 0.0885
vn 0.7882 -0.3513 -0.5053
vn 0.8499 -0.4025 -0.3400
vn -0.9659 0.2588 0.0101
vn 0.2095 0.0526 -0.9764
vn 0.2968 0.0692 -0.9524
vn 0.2614 -0.0563 -0.9636
vn 0.4985 -0.8594 0.1133
vn 0.3965 0.9144 -0.0814
vn -0.1845 -0.6952 0.6947
vn -0.3118 -0.6803 0.6633
vn -0.3171 -0.7688 0.5553
vn 0.5805 -0.1677 -0.7968
vn 0.6149 -0.2079 -0.7607
vn 0.5403 -0.2104 -0.8147
vn -0.6543 -0.6689 0.3527
vn -0.6477 -0.7089 0.2791
vn 0.7475 -0.5889 0.3074
vn 0.6923 -0.5932 0.4109
vn 0.7549 -0.5936 0.2790
vn 0.6670 -0.5000 0.5524
vn 0.2719 -0.9609 -0.0525
vn 0.1741 -0.9797 -0.0990
vn 0.2263 -0.9740 -0.0120
vn 0.7465 0.2820 -0.6027
vn 0.7564 0.1729 -0.6309
vn 0.5969 0.7311 0.3304
vn 0.6695 0.6964 0.2583
vn -0.0303 -0.4582 -0.8883
vn -0.0430 -0.4381 -0.8979
vn -0.0548 -0.4189 -0.9064
vn 0.1088 0.5826 0.8055
vn 0.0915 0.6902 0.7178
vn -0.0614 0.5269 0.8477
vn 0.3452 -0.8813 0.3228
vn 0.7052 -0.6823 -0.1929
vn 0.7340 -0.6769 -0.0563
vn 0.2749 0.1888 0.9427
vn -0.0764 -0.9787 -0.1908
vn -0.0496 -0.9954 -0.0818
vn 0.6610 0.6828 -0.3113
vn -0.8973 0.4005 0.1859
vn 0.6788 -0.0734 -0.7307
vn 0.6995 -0.1248 -0.7037
vn -0.3070 -0.4965 0.8119
vn -0.4553 -0.3802 -0.8051
vn -0.6045 0.5500 0.5762
vn -0.9343 -0.2546 -0.2496
vn -0.9290 -0.3662 0.0543
vn 0.0179 -0.6210 -0.7836
vn 0.0993 -0.7649 -0.6364
vn -0.1790 0.4731 -0.8626
vn -0.1346 0.4919 -0.8602
vn -0.0329 0.4599 -0.8874
vn 0.4138 0.2517 -0.8749
vn 0.3640 0.1906 -0.9117
vn 0.3338 0.2611 -0.9058
vn -0.9614 -0.0702 -0.2659
vn 0.5884 -0.8080 -0.0301
vn 0.6694 -0.7203 -0.1819
vn 0.7694 -0.6316 -0.0951
vn -0.6556 0.6028 0.4548
vn -0.9105 0.3281 0.2517
vn 0.5707 -0.1450 -0.8083
vn 0.7461 -0.2928 -0.5980
vn 0.0142 0.7133 0.7007
vn 0.1246 0.7184 0.6844
vn 0.0264 0.7887 0.6142
vn 0.7065 0.7067 -0.0378
vn 0.7198 0.6792 -0.1435
vn 0.7289 0.6844 0.0164
vn -0.2050 -0.8559 -0.4748
vn -0.8490 -0.4545 0.2696
vn 0.8303 -0.3819 -0.4060
vn 0.8212 -0.3466 -0.4533
vn 0.8277 -0.3966 -0.3969
vn -0.2333 0.8289 -0.5084
vn -0.2994 0.8155 -0.4953
vn -0.2414 0.8339 -0.4963
vn -0.5105 -0.1394 0.8485
vn -0.5601 -0.2166 0.7996
vn -0.3265 -0.3614 0.8734
vn 0.5119 -0.7026 -0.4943
vn 0.1552 0.1825 0.9709
vn 0.7719 0.3177 -0.5507
vn 0.7144 0.4343 -0.5487
vn 0.8370 0.5329 -0.1239
vn 0.7652 0.5986 -0.2372
vn 0.8213 0.5644 -0.0834
vn -0.9533 0.2933 -0.0725
vn 0.1929 -0.1843 0.9638
vn 0.4649 0.5187 0.7175
vn -0.0250 0.8887 0.4578
vn 0.0466 0.8974 0.4387
vn 0.8313 -0.5522 0.0628
vn 0.1351 0.2497 0.9588
vn 0.7341 0.4959 -0.4639
vn 0.8051 0.4095 -0.4291
vn 0.7740 0.3927 -0.4966
vn 0.4042 -0.9088 -0.1036
vn 0.5105 -0.8567 -0.0743
vn 0.4661 -0.8793 -0.0979
vn -0.5847 0.3007 -0.7535
vn -0.5670 -0.7898 -0.2341
vn -0.5082 -0.8352 -0.2104
vn -0.5459 0.4813 0.6858
vn -0.2484 0.4886 0.8364
vn 0.0141 0.3847 0.9229
vn -0.7880 0.0440 0.6141
vn 0.6863 -0.7227 -0.0819
vn -0.2067 -0.4882 0.8479
vn -0.2709 -0.6440 -0.7155
vn 0.5717 -0.0113 0.8204
vn 0.1043 -0.5583 -0.8231
vn 0.4659 -0.5941 -0.6557
vn 0.3271 -0.4178 -0.8476
vn 0.9984 -0.0029 0.0565
vn 0.9944 -0.0808 0.0682
vn 0.9984 -0.0379 -0.0420
vn 0.1191 0.9769 -0.1773
vn -0.1846 0.5949 -0.7823
vn -0.2857 0.5247 -0.8019
vn -0.2845 0.5858 -0.7589
vn -0.5571 0.3868 -0.7349
vn -0.7452 -0.6615 -0.0846
vn -0.8388 -0.5441 0.0170
vn 0.3810 -0.7780 0.4996
vn 0.0476 -0.2323 0.9715
vn -0.3112 0.8171 -0.4854
vn -0.0750 0.7815 -0.6194
vn 0.0526 0.4078 -0.9116
vn 0.1753 0.4220 -0.8895
vn 0.1274 0.3365 -0.9330
vn 0.0041 -0.9998 0.0185
vn -0.0209 -0.9845 0.1740
vn 0.2446 -0.8240 -0.5111
vn 0.2206 -0.7903 -0.5716
vn -0.6512 -0.5260 0.5470
vn -0.6931 -0.5085 0.5109
vn 0.3292 -0.1249 -0.9360
vn -0.3013 0.1535 0.9411
vn -0.1695 0.1139 0.9789
vn -0.8828 0.4356 -0.1759
vn 0.1069 -0.0902 -0.9902
vn -0.0399 0.4999 0.8652
vn -0.0071 0.6514 0.7587
vn 0.9266 0.2794 0.2517
vn 0.9218 0.3459 0.1752
vn -0.0222 0.5958 -0.8028
vn -0.0795 0.6092 -0.7890
vn 0.0259 0.6544 -0.7557
vn -0.8681 0.4856 -0.1027
vn -0.8354 0.5472 -0.0516
vn -0.7902 0.5904 -0.1645
vn 0.5915 0.3496 -0.7266
vn 0.6508 0.3531 -0.6722
vn -0.0860 -0.0292 -0.9959
vn 0.3135 -0.8104 -0.4949
vn 0.2088 -0.8999 0.3829
vn 0.2080 -0.0744 -0.9753
vn 0.8954 -0.1875 0.4039
vn 0.8597 -0.1952 0.4720
vn -0.1451 -0.7764 -0.6133
vn -0.5146 -0.4794 -0.7109
vn 0.7382 -0.5617 0.3736
vn 0.6739 -0.6557 0.3404
vn -0.3821 -0.9193 -0.0943
vn -0.4210 -0.9061 -0.0424
vn 0.5548 0.6125 -0.5630
vn 0.4671 0.6692 -0.5780
vn 0.5394 0.6519 -0.5330
vn -0.8939 -0.1082 -0.4351
vn -0.8663 -0.1361 -0.4806
vn 0.0672 -0.7804 -0.6217
vn -0.0306 -0.7013 -0.7122
vn 0.6674 -0.4065 -0.6240
vn 0.2857 0.9583 0.0097
vn -0.9814 0.0625 0.1817
vn -0.8605 0.3571 -0.3633
vn -0.8136 -0.4067 0.4155
vn -0.4213 -0.4266 0.8003
vn -0.7357 0.6616 -0.1452
vn -0.5415 -0.8329 0.1142
vn -0.4944 -0.8662 0.0726
vn -0.7874 -0.2899 -0.5440
vn -0.7855 -0.2803 -0.5517
vn -0.2526 0.9101 0.3284
vn -0.4904 0.1404 0.8601
vn -0.4698 0.1339 0.8725
vn -0.4003 0.2225 0.8890
vn 0.3548 -0.9056 -0.2324
vn 0.5665 -0.6824 -0.4619
vn 0.5950 -0.7366 -0.3215
vn 0.9737 0.1932 0.1211
vn 0.9882 0.1439 0.0531
vn 0.5078 -0.2362 -0.8285
vn 0.5020 -0.1671 -0.8486
vn 0.4431 -0.2029 -0.8732
vn -0.2319 -0.8991 0.3714
vn -0.4873 0.7181 0.4969
vn -0.5890 0.7156 0.3754
vn -0.6184 0.6487 0.4435
vn 0.0403 0.9326 -0.3587
vn 0.0228 0.9443 -0.3283
vn 0.7133 -0.2161 0.6667
vn 0.6554 -0.2262 0.7206
vn -0.0788 -0.7119 -0.6978
vn 0.4237 -0.5635 0.7092
vn -0.4816 0.6150 0.6244
vn -0.4105 0.6195 0.6691
vn 0.2196 -0.2235 -0.9497
vn 0.2469 -0.1941 -0.9494
vn 0.2481 -0.2256 -0.9421
vn 0.7423 0.6421 0.1916
vn 0.7077 0.6982 0.1076
vn 0.7224 0.6648 0.1903
vn -0.0932 -0.7096 -0.6984
vn -0.0336 -0.7091 -0.7043
vn -0.9255 0.0115 0.3787
vn -0.9167 0.1043 0.3856
vn 0.9861 -0.1241 0.1102
vn 0.9762 0.1005 -0.1920
vn 0.4477 0.8268 -0.3405
vn 0.0508 0.6891 0.7229
vn -0.8923 0.4086 -0.1917
vn -0.9521 0.3053 0.0189
vn -0.9329 0.3569 -0.0490
vn -0.9399 0.3368 0.0569
vn -0.7335 0.6662 -0.1348
vn -0.2856 -0.4793 0.8299
vn -0.3488 -0.5140 0.7837
vn 0.7499 0.1137 0.6517
vn 0.7549 0.0393 0.6547
vn 0.7914 0.1451 0.5938
vn 0.7038 -0.2064 -0.6798
vn 0.0953 -0.4050 -0.9093
vn 0.0009 -0.4749 -0.8800
vn 0.0744 -0.4664 -0.8815
vn 0.0094 -0.5068 -0.8620
vn 0.7416 -0.5444 -0.3921
vn 0.7739 -0.5372 -0.3354
vn 0.7827 -0.4930 -0.3799
vn -0.8293 0.2667 -0.4910
vn -0.2234 -0.7471 0.6261
vn -0.5694 0.4117 -0.7115
vn -0.5600 0.4245 -0.7114
vn -0.5846 -0.5819 -0.5653
vn -0.5161 -0.6871 -0.5115
vn 0.6720 0.6407 -0.3713
vn 0.5816 -0.0811 -0.8094
vn 0.5609 0.0643 -0.8254
vn 0.5755 -0.1061 -0.8109
vn -0.0687 0.7791 0.6231
vn -0.7986 0.3512 -0.4887
vn 0.7828 -0.6221 0.0135
vn -0.3431 -0.4142 0.8430
vn 0.2826 -0.7559 -0.5905
vn 0.2928 -0.7114 -0.6388
vn -0.0197 0.1199 -0.9926
vn 0.6287 -0.6397 -0.4422
vn 0.0217 0.9916 -0.1278
vn 0.6280 -0.5067 0.5907
vn 0.6493 -0.4952 0.5772
vn -0.3134 -0.4379 0.8426
vn 0.8664 -0.1030 -0.4886
vn 0.9373 0.1901 0.2920
vn 0.9115 0.1660 0.3763
vn 0.9479 0.0631 0.3122
vn 0.3319 -0.8844 0.3281
vn 0.0488 -0.9319 0.3593
vn -0.7266 -0.2419 0.6430
vn -0.7175 0.4404 -0.5397
vn 0.0069 -0.4422 -0.8969
vn 0.0298 -0.6489 -0.7603
vn -0.9824 0.0777 0.1698
vn -0.9873 -0.1379 0.0789
vn 0.0266 -0.4735 -0.8804
vn -0.8417 -0.0813 0.5337
vn -0.7865 -0.1797 0.5908
vn 0.6663 -0.5014 0.5519
vn -0.3261 0.9448 -0.0321
vn -0.1997 0.9789 -0.0435
vn -0.2705 0.9626 0.0152
vn 0.9129 0.1839 -0.3644
vn 0.8651 0.3139 -0.3912
vn 0.9020 0.1735 -0.3952
vn 0.8366 0.4905 -0.2441
vn 0.8547 0.5055 -0.1180
vn -0.0538 0.9728 -0.2253
vn -0.5922 -0.7719 -0.2312
vn 0.9105 0.0259 -0.4128
vn 0.9095 0.0813 -0.4078
vn -0.3064 -0.4431 0.8425
vn -0.2419 -0.3746 0.8951
vn 0.3230 -0.0689 0.9439
vn 0.2709 -0.0323 0.9621
vn 0.3035 -0.1152 0.9458
vn 0.1925 -0.9716 -0.1378
vn -0.3434 0.4491 -0.8249
vn -0.4031 0.3964 -0.8249
vn -0.6010 0.7970 0.0598
vn -0.7030 0.7110 -0.0157
vn -0.6974 0.6985 0.1603
vn -0.0151 0.9950 -0.0987
vn -0.0082 0.9888 -0.1489
vn -0.0391 0.9959 -0.0811
vn -0.1767 0.3116 0.9337
vn -0.1500 -0.2252 0.9627
vn 0.3918 -0.5566 -0.7326
vn 0.2775 -0.3396 -0.8987
vn -0.8994 0.1592 0.4071
vn 0.7544 -0.5745 0.3176
vn 0.8044 -0.4729 0.3596
vn 0.0137 0.9900 0.1406
vn 0.7546 0.6013 -0.2628
vn 0.7437 0.5991 -0.2967
vn -0.3588 -0.6304 0.6884
vn -0.5134 0.5644 -0.6464
vn -0.5031 0.5780 -0.6425
vn -0.5025 0.5786 -0.6425
vn 0.0413 -0.3941 -0.9182
vn 0.0369 -0.5284 -0.8482
vn 0.0274 -0.4659 -0.8844
vn 0.2799 0.6947 -0.6626
vn 0.2358 0.7185 -0.6543
vn 0.2862 0.7492 -0.5974
vn 0.6745 0.6367 -0.3737
vn 0.6162 -0.7514 -0.2360
vn 0.5227 -0.8199 -0.2334
vn 0.6726 -0.2259 0.7047
vn 0.6732 -0.2637 0.6908
vn -0.8404 -0.5177 -0.1605
vn -0.9019 -0.4287 0.0524
vn 0.7839 0.5188 0.3411
vn 0.8134 0.4471 0.3720
vn 0.8307 0.4669 0.3031
vn 0.6967 -0.5087 -0.5058
vn 0.0705 -0.7531 -0.6541
vn -0.1952 -0.7680 0.6100
vn 0.2091 -0.8813 0.4237
vn -0.3419 0.6367 -0.6911
vn -0.4458 0.5889 -0.6742
vn 0.7511 0.6483 -0.1248
vn 0.7185 0.6924 -0.0658
vn 0.6235 -0.6376 -0.4524
vn 0.6546 -0.5806 -0.4843
vn -0.6516 0.1340 0.7466
vn 0.9672 0.2326 0.1019
vn 0.1398 -0.9031 0.4061
vn 0.0743 -0.9032 0.4228
vn 0.0494 -0.9421 0.3317
vn -0.7609 0.4169 -0.4973
vn 0.0225 0.0286 0.9993
vn -0.4385 0.3446 -0.8301
vn -0.4705 0.4086 -0.7821
vn -0.5990 -0.3096 0.7385
vn -0.9047 -0.2036 -0.3743
vn -0.9092 -0.2275 -0.3487
vn -0.6018 -0.1890 0.7760
vn -0.9788 -0.2050 0.0021
vn -0.9469 -0.3168 0.0550
vn -0.9728 -0.2298 0.0303
vn -0.4884 0.5775 0.6542
vn -0.5283 0.6867 0.4993
vn -0.5951 0.5994 0.5353
vn 0.7936 0.1819 0.5806
vn 0.8455 0.1136 0.5217
vn 0.8336 0.2098 0.5110
vn 0.0768 -0.9833 0.1653
vn -0.9316 0.3457 0.1118
vn 0.3614 0.8368 0.4114
vn -0.3041 -0.6132 0.7290
vn 0.7693 -0.0714 -0.6349
vn 0.7934 -0.2040 -0.5735
vn -0.6791 0.6692 -0.3017
vn -0.7227 -0.2661 -0.6378
vn -0.6123 -0.3179 -0.7239
vn -0.7963 -0.0051 0.6048
vn -0.0749 -0.4649 -0.8822
vn -0.0441 -0.4406 -0.8966
vn -0.2903 0.7388 0.6082
vn -0.2545 0.7891 0.5590
vn 0.3397 -0.5202 -0.7836
vn 0.1547 0.4833 -0.8616
vn 0.0813 0.5822 -0.8089
vn 0.1541 0.6051 -0.7811
vn -0.5233 -0.8083 -0.2698
vn -0.6068 -0.7597 -0.2338
vn -0.5673 -0.7997 -0.1966
vn -0.6731 -0.5504 0.4940
vn -0.7152 -0.5222 0.4645
vn -0.1933 0.9304 0.3115
vn -0.5233 0.0447 0.8510
vn -0.5605 0.0688 0.8253
vn -0.6065 0.1582 0.7792
vn -0.9597 0.2746 -0.0595
vn -0.9862 0.1654 0.0105
vn 0.2045 0.3280 -0.9223
vn 0.1489 0.2739 -0.9502
vn 0.0077 0.5378 -0.8430
vn 0.0861 0.5066 -0.8579
vn 0.2073 -0.0311 -0.9778
vn 0.3413 0.8400 0.4218
vn 0.3506 0.7966 0.4925
vn 0.7965 -0.2235 -0.5618
vn 0.7479 -0.3745 -0.5481
vn -0.5778 -0.7405 -0.3432
vn -0.5381 -0.7038 -0.4638
vn -0.9474 -0.2482 0.2022
vn -0.9552 -0.1529 0.2536
vn -0.5521 0.8236 -0.1297
vn -0.6360 0.7695 -0.0577
vn -0.6449 0.7620 -0.0595
vn 0.4784 0.2891 -0.8292
vn 0.3893 0.3324 -0.8591
vn 0.5966 0.0265 -0.8021
vn -0.5895 -0.6808 -0.4348
vn -0.4687 0.6409 -0.6079
vn 0.7541 -0.5927 0.2830
vn 0.8054 -0.4805 0.3470
vn -0.5570 -0.7978 -0.2311
vn -0.5379 -0.8354 -0.1127
vn 0.6231 -0.6974 0.3541
vn 0.5583 -0.7554 0.3431
vn -0.5314 -0.8456 0.0509
vn -0.5478 0.0983 0.8308
vn 0.0273 0.9248 -0.3794
vn -0.8834 0.3052 -0.3555
vn 0.6631 -0.0525 -0.7467
vn 0.5840 -0.0172 -0.8115
vn -0.3117 0.5379 0.7833
vn -0.3204 0.6437 0.6950
vn -0.0160 0.9787 -0.2049
vn 0.4761 0.8031 0.3584
vn 0.5777 0.7795 0.2422
vn 0.1162 -0.9901 -0.0783
vn 0.6753 0.7324 0.0866
vn 0.7192 0.6931 0.0482
vn 0.4081 -0.1176 0.9054
vn 0.4643 -0.1324 0.8757
vn -0.5362 0.7266 0.4295
vn 0.5564 0.2824 -0.7815
vn 0.0230 0.7899 -0.6128
vn 0.4867 0.7981 0.3553
vn -0.8246 -0.0831 -0.5596
vn -0.0008 0.9109 -0.4125
vn 0.0466 0.8987 -0.4362
vn 0.7028 0.6213 -0.3465
vn -0.6563 0.3658 -0.6599
vn -0.3426 -0.3227 0.8823
vn -0.9323 0.3522 -0.0819
vn 0.0581 -0.1433 -0.9880
vn 0.0441 -0.2836 -0.9579
vn 0.0366 -0.1514 -0.9878
vn -0.4107 0.7015 -0.5825
vn -0.5115 0.6299 -0.5845
vn -0.6200 0.5130 -0.5937
vn -0.8301 -0.3210 0.4560
vn -0.6306 0.7595 -0.1601
vn -0.6918 0.7035 -0.1627
vn -0.6623 0.7463 -0.0656
vn -0.4413 -0.8908 -0.1083
vn -0.5188 -0.8386 -0.1661
vn 0.6412 -0.2419 0.7283
vn 0.3064 -0.5779 0.7564
vn 0.4356 -0.4849 0.7584
vn -0.5619 0.7965 0.2233
vn 0.2918 -0.5702 -0.7679
vn 0.2489 -0.6165 -0.7470
vn -0.0897 -0.8905 0.4461
vn 0.5707 0.0387 0.8202
vn 0.4715 -0.0596 0.8799
vn -0.1997 0.5314 -0.8232
vn 0.4223 0.5994 0.6800
vn -0.6371 0.3317 -0.6957
vn 0.0892 0.6412 -0.7622
vn 0.1259 0.6710 -0.7306
vn 0.1478 0.7065 -0.6921
vn 0.1551 -0.8931 0.4223
vn 0.2617 0.7842 -0.5627
vn 0.2541 0.7862 -0.5632
vn -0.2702 -0.5697 0.7762
vn 0.3417 0.8003 0.4927
vn 0.4015 0.8261 0.3954
vn 0.2756 0.8350 0.4762
vn 0.3365 -0.2655 0.9035
vn 0.3584 -0.1955 0.9129
vn 0.2461 -0.1996 0.9485
vn -0.5608 0.7916 0.2426
vn -0.4987 0.8122 0.3026
vn -0.0665 0.9977 0.0154
vn -0.5061 0.6455 -0.5720
vn 0.4377 0.8804 0.1823
vn -0.3123 -0.1920 0.9304
vn 0.7725 0.0322 -0.6341
vn 0.8443 0.0385 -0.5345
vn -0.5939 -0.7658 -0.2466
vn 0.1314 0.8527 0.5056
vn -0.0241 0.3715 0.9281
vn -0.4578 -0.8861 -0.0721
vn 0.2281 -0.2228 -0.9478
vn 0.8428 -0.4480 0.2984
vn 0.8308 -0.4509 0.3262
vn 0.9113 -0.3650 0.1906
vn 0.6336 -0.7661 0.1075
vn 0.5020 -0.8098 0.3037
vn 0.5769 -0.6094 -0.5439
vn 0.6493 -0.5736 -0.4995
vn -0.7765 -0.2661 -0.5712
vn -0.7952 -0.2211 -0.5646
vn -0.7978 -0.2705 -0.5388
vn 0.0823 -0.9866 -0.1407
vn 0.1389 -0.9829 -0.1210
vn -0.7475 0.6617 0.0590
vn -0.8056 0.5914 0.0340
vn -0.8086 0.5733 0.1322
vn 0.5743 -0.5825 -0.5752
vn 0.6204 -0.3358 -0.7088
vn -0.7661 -0.0901 0.6364
vn -0.8083 0.0491 0.5867
vn -0.2766 -0.2335 -0.9322
vn -0.2524 -0.2101 -0.9445
vn -0.2800 -0.1837 -0.9423
vn -0.1093 0.4397 0.8915
vn -0.0351 0.3807 0.9240
vn -0.0586 0.4618 0.8850
vn -0.1048 -0.9865 -0.1256
vn 0.4037 0.8470 0.3459
vn 0.3905 0.8435 0.3689
vn -0.8523 -0.1738 -0.4934
vn -0.7926 -0.1791 -0.5829
vn 0.8936 0.1128 0.4344
vn 0.9241 0.0416 0.3798
vn 0.1291 -0.4042 0.9055
vn 0.1077 -0.5492 0.8287
vn 0.1859 -0.4661 0.8650
vn 0.7874 0.5543 0.2698
vn 0.7816 0.5992 0.1735
vn -0.8286 -0.2570 -0.4974
vn 0.9128 -0.4021 -0.0712
vn 0.9319 -0.3615 -0.0277
vn -0.9519 -0.2833 -0.1167
vn -0.8425 -0.5308 -0.0916
vn -0.9151 -0.3906 -0.0998
vn -0.3307 0.6895 -0.6444
vn -0.3781 0.7218 -0.5797
vn 0.1918 -0.1569 0.9688
vn 0.1788 -0.1867 0.9660
vn 0.0587 -0.3641 -0.9295
vn 0.9388 -0.3330 -0.0881
vn 0.9699 -0.2246 -0.0939
vn 0.9491 -0.3149 0.0049
vn -0.6457 -0.6984 0.3087
vn 0.6929 -0.6080 -0.3875
vn 0.6639 -0.5579 -0.4979
vn 0.6997 0.7049 0.1157
vn 0.7080 0.6993 0.0983
vn 0.1803 0.1109 -0.9773
vn 0.2095 0.1612 -0.9644
vn -0.7179 0.6754 -0.1688
vn 0.7890 0.4144 0.4536
vn 0.6650 -0.6805 -0.3076
vn -0.9629 -0.2575 0.0812
vn 0.0456 -0.2118 0.9762
vn 0.6480 0.7359 0.1964
vn -0.5724 0.8189 0.0416
vn -0.1877 -0.2852 -0.9399
vn -0.7044 0.6347 -0.3177
vn -0.8974 0.2432 -0.3682
vn 0.6064 0.1968 0.7705
vn 0.6742 -0.5267 -0.5177
vn 0.6869 -0.4862 -0.5401
vn -0.5741 -0.6223 0.5321
vn -0.5507 -0.7051 0.4468
vn -0.5044 -0.7833 0.3634
vn 0.1921 -0.7880 -0.5849
vn 0.2605 -0.7701 -0.5823
vn -0.0323 -0.6654 -0.7458
vn 0.7406 0.6631 -0.1085
vn 0.7162 0.6822 -0.1471
vn -0.0842 -0.5013 0.8612
vn 0.5701 -0.0456 -0.8203
vn 0.5925 -0.1214 -0.7964
vn -0.1892 -0.6868 0.7017
vn -0.2211 -0.2406 -0.9451
vn -0.5153 0.3418 -0.7859
vn -0.7518 -0.5528 -0.3596
vn -0.5496 0.5759 0.6052
vn -0.0802 0.9872 0.1379
vn 0.7194 0.3144 0.6194
vn 0.7783 0.2541 0.5742
vn 0.7880 0.3425 0.5115
vn 0.0459 -0.9939 0.1006
vn 0.0062 -0.9823 0.1875
vn -0.5001 0.5321 -0.6832
vn -0.5577 0.4830 -0.6750
vn 0.9439 -0.2682 -0.1925
vn 0.5038 0.7927 0.3432
vn -0.1256 0.8441 0.5213
vn -0.4262 -0.4795 0.7671
vn -0.3484 -0.4864 0.8013
vn -0.2145 -0.1131 0.9702
vn -0.3081 -0.0770 0.9482
vn 0.0148 0.9778 -0.2092
vn -0.0221 0.9835 -0.1795
vn -0.1234 -0.9486 -0.2916
vn 0.9730 -0.0532 0.2245
vn 0.9739 -0.1338 0.1832
vn -0.2615 0.6329 -0.7287
vn -0.2268 0.6897 -0.6877
vn 0.0138 -0.2288 0.9734
vn 0.2595 -0.2793 -0.9245
vn 0.0657 -0.0596 -0.9961
vn 0.1319 -0.0671 -0.9890
vn 0.0797 -0.0398 -0.9960
vn 0.0642 -0.9964 0.0546
vn -0.0238 -0.9997 0.0098
vn 0.8048 -0.5495 0.2242
vn 0.7782 -0.5902 0.2144
vn 0.8098 -0.5747 0.1178
vn -0.0801 -0.9964 -0.0292
vn -0.0371 -0.9974 -0.0624
vn 0.3412 -0.9370 -0.0743
vn 0.9869 -0.1610 0.0113
vn -0.4777 0.8654 -0.1514
vn -0.5657 0.6546 -0.5016
vn -0.7915 -0.5101 -0.3366
vn -0.4071 0.7430 0.5313
vn -0.0829 0.9966 0.0004
vn -0.0349 0.9941 0.1030
vn -0.7228 0.6056 0.3329
vn 0.9019 -0.4061 -0.1470
vn -0.9541 0.2571 -0.1535
vn 0.1492 -0.0539 0.9873
vn -0.3461 0.3659 -0.8639
vn 0.8626 -0.3948 0.3163
vn 0.7203 -0.6332 0.2833
vn -0.4580 -0.5368 0.7086
vn -0.5604 -0.5849 0.5864
vn -0.5045 -0.5595 0.6576
vn -0.3554 -0.4702 0.8079
vn -0.7126 0.6945 -0.0993
vn -0.7092 0.6842 -0.1704
vn 0.0664 -0.9666 0.2474
vn -0.0731 -0.9380 0.3389
vn 0.0479 -0.5349 0.8436
vn -0.0686 -0.5577 0.8272
vn 0.0579 -0.6389 0.7671
vn 0.5390 -0.5649 0.6248
vn 0.5994 -0.5734 0.5584
vn 0.1515 0.0144 -0.9884
vn 0.3048 -0.3064 -0.9018
vn 0.3719 -0.8861 -0.2766
vn 0.4467 -0.8692 -0.2120
vn -0.4877 -0.6396 -0.5943
vn -0.5514 -0.6791 -0.4846
vn 0.3570 0.0929 -0.9295
vn 0.3642 0.0516 -0.9299
vn 0.3741 -0.0432 -0.9264
vn -0.5276 0.4341 -0.7302
vn 0.2766 -0.7849 -0.5544
vn 0.3534 -0.7501 -0.5589
vn 0.3627 0.7885 -0.4967
vn 0.3448 0.7680 -0.5398
vn 0.2853 0.7927 -0.5388
vn 0.1288 -0.9886 0.0780
vn 0.0362 -0.9918 0.1226
vn -0.7678 0.0527 0.6386
vn 0.6392 -0.5172 -0.5692
vn -0.7997 0.5997 0.0303
vn -0.7896 0.6103 -0.0640
vn -0.5349 -0.8095 -0.2421
vn 0.1160 -0.8866 0.4477
vn 0.0459 -0.8845 0.4643
vn 0.0045 -0.6979 -0.7162
vn 0.0546 -0.8188 -0.5715
vn 0.7559 -0.5290 0.3857
vn 0.5933 0.7469 0.3002
vn 0.4692 0.8029 0.3676
vn 0.2722 0.2852 -0.9190
vn 0.3324 0.1915 -0.9235
vn 0.3194 -0.1928 -0.9278
vn 0.2399 -0.2620 -0.9348
vn -0.8275 -0.5532 0.0956
vn 0.0016 -0.9100 0.4145
vn -0.5336 0.5980 0.5980
vn -0.7128 -0.0318 -0.7007
vn -0.0352 -0.7458 -0.6652
vn -0.7855 -0.5836 -0.2060
vn -0.6519 -0.7210 -0.2350
vn -0.5674 -0.7911 -0.2286
vn -0.5175 -0.2998 -0.8015
vn 0.4838 0.4433 0.7546
vn 0.4893 0.4814 0.7272
vn 0.9830 -0.0103 -0.1831
vn 0.5098 0.2208 0.8315
vn -0.6785 0.0334 -0.7339
vn -0.6867 0.1014 -0.7199
vn 0.1730 -0.9369 0.3039
vn -0.4448 0.7124 -0.5428
vn 0.7737 -0.3484 -0.5291
vn -0.9307 -0.3521 0.0995
vn -0.9221 -0.3842 0.0465
vn 0.8567 0.3570 0.3724
vn 0.9937 0.0913 -0.0654
vn 0.9601 0.1280 -0.2486
vn 0.9957 0.0909 -0.0201
vn 0.8471 -0.0789 -0.5256
vn -0.8787 0.3822 0.2860
vn -0.3573 0.2587 -0.8974
vn -0.0172 0.0964 -0.9952
vn 0.0465 0.1839 -0.9818
vn 0.6732 0.6236 -0.3974
vn 0.5607 0.6773 -0.4763
vn -0.5488 0.3630 -0.7531
vn -0.8493 -0.0538 0.5251
vn -0.3778 -0.4822 0.7904
vn -0.6217 -0.1327 -0.7719
vn -0.6944 -0.0773 -0.7154
vn -0.7211 -0.1005 -0.6855
vn -0.6112 -0.7595 -0.2226
vn 0.4387 -0.7474 0.4990
vn 0.4862 -0.7515 0.4459
vn 0.6791 -0.4147 -0.6057
vn -0.0158 -0.4698 -0.8827
vn -0.2639 -0.8844 0.3849
vn -0.5583 0.3863 -0.7342
vn -0.8303 0.4709 0.2980
vn -0.7293 0.5817 0.3601
vn -0.8152 -0.1232 -0.5659
vn -0.2690 -0.1336 0.9538
vn 0.7243 -0.1076 0.6811
vn 0.3435 -0.9297 -0.1328
vn 0.2389 -0.9430 -0.2315
vn 0.7468 -0.6379 0.1879
vn 0.0343 -0.4618 0.8863
vn -0.1146 -0.4798 0.8698
vn -0.0071 -0.5136 0.8580
vn 0.4653 -0.1103 -0.8783
vn 0.4703 -0.2185 -0.8550
vn -0.6276 0.2443 0.7392
vn 0.0147 0.0078 0.9999
vn 0.1205 -0.0679 0.9904
vn 0.1796 0.0272 0.9834
vn 0.0222 0.9794 -0.2008
vn -0.7159 -0.4991 -0.4883
vn 0.3071 -0.6565 0.6890
vn -0.3555 -0.4515 0.8184
vn 0.0381 -0.5287 -0.8479
vn -0.9386 0.1243 0.3219
vn -0.9447 0.0745 0.3195
vn 0.6424 -0.2568 0.7220
vn 0.7338 0.5523 -0.3955
vn -0.5446 -0.6865 -0.4817
vn -0.4998 -0.6749 -0.5428
vn 0.4789 -0.8777 0.0157
vn -0.1454 -0.9808 0.1301
vn 0.0902 -0.6121 0.7856
vn 0.0519 -0.7035 0.7088
vn -0.6584 -0.5260 0.5384
vn -0.6590 -0.5724 0.4879
vn -0.5697 -0.6721 0.4731
vn -0.3786 0.7941 -0.4754
vn 0.0752 0.2967 0.9520
vn 0.7899 0.5562 -0.2583
vn -0.5695 0.5306 0.6279
vn 0.3699 0.7069 0.6029
vn -0.4234 0.0334 0.9053
vn -0.2984 0.0328 0.9539
vn -0.3516 0.1130 0.9293
vn -0.8306 -0.0576 0.5540
vn -0.2546 0.9652 -0.0590
vn -0.3218 0.9448 -0.0626
vn -0.2269 0.9733 -0.0355
vn -0.4047 -0.1849 -0.8955
vn -0.2693 -0.2301 -0.9352
vn -0.2713 -0.2655 -0.9251
vn 0.6508 0.5435 -0.5301
vn -0.5956 0.4892 0.6371
vn -0.3366 0.1621 -0.9276
vn -0.3257 0.1534 -0.9329
vn 0.3992 -0.1981 -0.8952
vn 0.3346 -0.0427 -0.9414
vn -0.9535 0.1080 -0.2814
vn -0.9743 0.0318 -0.2231
vn -0.0776 0.2916 0.9534
vn 0.0429 0.2903 0.9560
vn -0.0109 -0.6816 -0.7316
vn -0.0419 -0.6821 -0.7301
vn -0.3084 -0.2052 -0.9289
vn 0.1825 0.0005 0.9832
vn 0.1511 -0.0376 0.9878
vn -0.4684 -0.8336 0.2929
vn -0.7344 -0.5409 0.4100
vn 0.6477 -0.6008 0.4685
vn 0.9233 -0.1272 0.3624
vn -0.9003 -0.3859 0.2013
vn 0.8576 -0.3929 -0.3319
vn 0.8747 -0.4243 -0.2344
vn -0.6336 0.7342 0.2440
vn 0.8939 0.2600 0.3652
vn -0.9041 -0.3140 -0.2899
vn -0.7723 -0.5830 -0.2522
vn -0.9559 -0.2349 -0.1764
vn -0.1576 -0.2157 -0.9637
vn -0.2154 -0.1909 -0.9577
vn 0.8746 -0.0985 -0.4748
vn 0.9682 0.2258 -0.1073
vn -0.2967 -0.4521 0.8412
vn -0.1714 -0.4763 0.8624
vn -0.2736 -0.3247 -0.9054
vn 0.3621 0.8479 0.3871
vn 0.0166 -0.5227 -0.8524
vn 0.9377 0.1903 -0.2907
vn 0.0709 0.9776 0.1980
vn -0.8410 0.2976 -0.4518
vn 0.4402 -0.3810 0.8131
vn 0.3236 -0.4110 0.8522
vn -0.3694 0.5493 -0.7496
vn -0.6449 0.6957 0.3165
vn -0.5977 0.7449 0.2964
vn -0.6163 -0.1149 -0.7791
vn -0.4611 -0.0960 -0.8821
vn -0.3413 -0.0833 0.9362
vn 0.2373 -0.7646 -0.5992
vn -0.5247 0.4461 0.7250
vn 0.6540 0.3681 0.6609
vn -0.2916 -0.0338 0.9559
vn -0.1142 -0.8279 -0.5491
vn -0.0162 -0.7443 -0.6676
vn -0.7993 -0.2591 -0.5421
vn 0.6664 -0.7456 -0.0047
vn 0.6212 -0.7801 -0.0750
vn 0.7049 -0.7091 -0.0176
vn -0.2350 0.8218 -0.5191
vn -0.3816 -0.8763 0.2941
vn -0.1940 -0.9229 0.3325
vn -0.5792 0.6605 -0.4778
vn -0.5008 0.6623 -0.5573
vn 0.2865 0.8104 0.5110
vn 0.4912 0.6778 0.5470
vn 0.0930 -0.2152 -0.9721
vn 0.3088 -0.0553 0.9495
vn 0.8012 0.0198 0.5980
vn 0.8254 0.0511 0.5622
vn 0.8019 0.0745 0.5928
vn -0.0606 0.9957 -0.0701
vn 0.2784 0.8544 0.4387
vn -0.2681 0.7872 -0.5553
vn -0.2571 0.7444 -0.6163
vn 0.0568 -0.2276 0.9721
vn 0.9537 -0.1024 0.2828
vn 0.9217 -0.2169 0.3217
vn 0.9518 -0.1738 0.2529
vn -0.1471 0.8989 0.4128
vn -0.0945 0.8591 0.5030
vn 0.0594 0.2421 -0.9684
vn -0.1978 0.2813 0.9390
vn -0.1904 -0.2788 -0.9413
vn -0.2478 0.8473 0.4697
vn 0.0978 -0.7125 0.6949
vn 0.0032 -0.7315 0.6819
vn 0.0175 -0.7971 0.6036
vn -0.0544 -0.7863 0.6155
vn -0.0125 -0.8497 0.5272
vn -0.0270 -0.9608 0.2759
vn -0.0858 -0.9691 0.2313
vn -0.5119 0.8586 -0.0290
vn -0.5631 0.8200 -0.1029
vn 0.2083 0.8805 -0.4258
vn 0.4134 0.8383 -0.3554
vn 0.9408 -0.2441 0.2351
vn 0.9665 -0.2033 0.1565
vn -0.2518 0.4562 -0.8535
vn 0.3095 -0.7156 -0.6262
vn -0.2482 0.3347 0.9090
vn -0.6213 0.1422 0.7706
vn 0.3006 -0.9111 -0.2820
vn 0.3100 -0.7855 -0.5355
vn -0.7862 0.6029 -0.1360
vn -0.1969 -0.7831 0.5899
vn -0.9526 0.1568 0.2608
vn 0.0630 0.1924 0.9793
vn 0.1085 -0.1856 -0.9766
vn -0.8812 0.0867 0.4647
vn 0.2183 -0.7230 0.6555
vn 0.2193 -0.7401 0.6358
vn 0.8322 -0.1535 0.5328
vn 0.8236 -0.2517 0.5083
vn 0.1944 0.6716 -0.7150
vn 0.9286 -0.3575 0.0996
vn 0.9181 -0.3934 0.0486
vn -0.7655 -0.4578 0.4522
vn 0.0529 0.9175 -0.3943
vn 0.7876 -0.3332 0.5184
vn 0.8562 -0.2906 0.4272
vn 0.3921 -0.7503 -0.5322
vn -0.6079 0.6004 -0.5196
vn 0.0791 -0.6889 -0.7205
vn -0.2302 0.4500 0.8629
vn -0.3891 0.8268 -0.4061
vn -0.3413 0.2142 0.9152
vn -0.6779 0.6633 -0.3171
vn -0.8038 -0.5222 0.2849
vn -0.7226 -0.6189 0.3078
vn -0.8710 0.0695 0.4863
vn 0.2680 0.2085 -0.9406
vn 0.2480 0.1586 -0.9557
vn -0.7780 0.5502 -0.3032
vn 0.1275 -0.7121 0.6904
vn 0.4298 0.8319 0.3510
vn 0.8376 -0.0327 -0.5453
vn 0.8587 0.0336 0.5114
vn -0.5738 -0.6521 0.4955
vn -0.0634 0.5945 0.8016
vn -0.0794 0.6697 0.7384
vn 0.9966 -0.0447 -0.0696
vn 0.8114 -0.3129 -0.4936
vn 0.7928 -0.2623 -0.5502
vn 0.7620 -0.2527 -0.5962
vn 0.8694 0.0433 -0.4922
vn 0.8614 -0.0135 -0.5077
vn 0.8859 -0.2454 0.3935
vn 0.9013 -0.2829 0.3280
vn 0.6465 -0.1781 -0.7419
vn -0.8940 0.3930 0.2149
vn -0.6383 0.6904 -0.3406
vn 0.2351 -0.6883 -0.6863
vn 0.4092 0.7006 -0.5846
vn 0.4318 0.6683 -0.6058
vn 0.3589 0.6861 -0.6328
vn -0.5114 0.3970 0.7622
vn 0.4437 0.8605 -0.2502
vn -0.4201 0.4825 0.7686
vn 0.9117 0.2443 -0.3303
vn 0.3051 -0.1930 -0.9325
vn 0.7832 -0.1633 -0.6000
vn 0.7586 -0.3174 -0.5691
vn 0.7677 -0.2684 -0.5819
vn 0.8185 -0.3175 -0.4787
vn 0.8146 -0.2720 -0.5123
vn -0.1766 -0.6898 0.7022
vn -0.2600 -0.7196 0.6439
vn 0.1002 0.9710 0.2170
vn -0.0983 0.9156 0.3900
vn 0.3899 0.8050 0.4471
vn 0.5360 0.6949 -0.4794
vn -0.7723 -0.3843 0.5059
vn 0.1666 0.7113 -0.6828
vn 0.5366 0.0968 -0.8382
vn -0.0980 -0.3307 -0.9386
vn 0.5234 -0.2717 0.8076
vn 0.6510 -0.2370 0.7211
vn 0.5901 -0.2338 0.7727
vn 0.1221 -0.2452 0.9618
vn -0.4249 0.9016 -0.0812
vn 0.9470 -0.2083 -0.2444
vn 0.8821 0.0331 0.4698
vn -0.9224 0.3630 0.1315
vn -0.3281 -0.6110 -0.7204
vn -0.4054 -0.6356 -0.6570
vn -0.8714 0.1861 0.4538
vn -0.0118 0.9831 -0.1827
vn 0.2326 -0.0943 -0.9680
vn 0.2394 -0.1612 -0.9574
vn 0.6713 -0.5542 -0.4922
vn 0.0862 -0.0183 -0.9961
vn 0.1800 -0.7897 0.5865
vn 0.5723 0.7040 -0.4205
vn 0.5515 -0.5872 0.5925
vn 0.2129 -0.1335 0.9679
vn 0.3839 0.8277 0.4092
vn 0.9624 0.0221 -0.2708
vn 0.8105 -0.2627 -0.5235
vn 0.9156 -0.3112 0.2545
vn -0.9953 0.0602 -0.0764
vn 0.3774 0.8460 0.3766
vn 0.5265 -0.8466 -0.0781
vn 0.4671 -0.4657 -0.7517
vn 0.9511 -0.0457 0.3054
vn -0.8684 0.4956 -0.0151
vn 0.5252 0.7930 0.3088
vn -0.3670 -0.6357 0.6791
vn 0.7662 -0.1549 -0.6236
vn 0.7768 -0.2680 -0.5699
vn -0.0707 -0.2668 -0.9612
vn 0.0003 -0.2913 -0.9566
vn -0.0207 -0.3848 -0.9228
vn 0.7920 -0.2953 -0.5343
vn -0.0606 0.0419 -0.9973
vn 0.7535 0.6412 -0.1456
vn 0.0219 -0.2704 0.9625
vn 0.2062 -0.8589 0.4688
vn -0.5635 -0.7347 -0.3776
vn 0.8331 -0.1904 -0.5193
vn 0.5087 -0.1784 -0.8422
vn 0.7785 0.1097 -0.6180
vn 0.4673 -0.2098 0.8588
vn 0.4568 -0.2893 0.8412
vn -0.7704 -0.5422 -0.3353
vn -0.7546 -0.5817 -0.3036
vn -0.6516 0.7102 0.2663
vn -0.6351 0.7711 0.0445
vn 0.4759 0.2537 -0.8421
vn 0.7735 -0.6337 -0.0155
vn -0.0623 -0.9979 -0.0153
vn -0.0533 -0.9932 0.1038
vn -0.3770 0.9234 -0.0723
vn 0.4729 0.6998 -0.5354
vn -0.4348 -0.4984 0.7500
vn -0.5432 0.5833 -0.6040
vn -0.1377 -0.5813 0.8019
vn 0.7390 -0.0867 0.6681
vn -0.0428 0.7356 0.6761
vn -0.2619 -0.6702 0.6945
vn -0.1052 0.3472 0.9319
vn -0.1624 0.3469 0.9237
vn -0.2267 -0.5730 -0.7876
vn -0.0819 -0.5562 -0.8270
vn -0.0334 -0.6603 -0.7502
vn -0.0002 0.9588 -0.2842
vn -0.5984 -0.6689 0.4410
vn -0.3783 0.3083 -0.8728
vn 0.1597 -0.9863 -0.0415
vn -0.1003 -0.7258 -0.6806
vn 0.1206 0.0965 -0.9880
vn -0.4068 0.9131 -0.0266
vn -0.5473 0.8361 0.0383
vn -0.5865 -0.7887 -0.1841
vn -0.4084 -0.0606 0.9108
vn -0.1222 -0.1742 0.9771
vn 0.4024 -0.1282 0.9065
vn -0.1428 0.7114 -0.6881
vn -0.1617 0.7462 -0.6458
vn -0.8866 -0.4620 0.0221
vn -0.1522 -0.8091 0.5676
vn -0.1062 -0.8403 0.5316
vn 0.1411 -0.9694 0.2010
vn -0.2537 -0.1530 0.9551
vn 0.0982 0.2085 -0.9731
vn 0.4969 0.5944 -0.6323
vn 0.7284 -0.6615 0.1787
vn 0.4839 0.7737 0.4091
vn 0.9641 0.0772 0.2542
vn -0.1887 0.7813 -0.5950
vn -0.1817 0.8098 -0.5578
vn -0.5548 -0.8192 -0.1453
vn -0.8133 -0.5471 -0.1983
vn 0.8524 0.2689 0.4484
vn 0.1378 -0.7144 -0.6860
vn -0.3316 -0.4739 0.8157
vn -0.9068 -0.3161 0.2790
vn -0.8771 -0.3703 0.3061
vn 0.4461 0.8936 -0.0496
vn -0.2531 0.6020 0.7573
vn -0.1108 0.6563 -0.7463
vn -0.0421 0.6572 -0.7525
vn 0.5355 0.7015 -0.4703
vn -0.0399 -0.9983 0.0420
vn 0.4550 0.8108 0.3682
vn 0.4255 -0.1867 -0.8855
vn -0.3668 0.7306 0.5760
vn 0.2438 0.4099 -0.8789
vn 0.8070 0.5234 -0.2737
vn 0.8408 0.4273 -0.3324
vn 0.6363 -0.2942 -0.7132
vn 0.7081 0.7031 0.0659
vn -0.7272 0.6642 -0.1733
vn 0.6451 -0.0990 0.7576
vn 0.5972 -0.1221 0.7927
vn 0.9238 -0.2558 0.2851
vn 0.0492 -0.6668 0.7436
vn 0.5952 0.1255 0.7937
vn -0.3840 -0.0661 0.9210
vn 0.4901 0.7141 -0.4998
vn -0.0436 0.4621 -0.8858
vn -0.0534 -0.9984 0.0191
vn 0.0558 0.9578 0.2820
vn 0.1233 0.7345 -0.6673
vn 0.0374 0.7600 -0.6489
vn 0.7783 -0.2425 -0.5792
vn 0.9088 0.2740 -0.3147
vn 0.8659 0.4607 -0.1951
vn -0.1280 0.0542 -0.9903
vn 0.3697 0.7881 -0.4921
vn -0.7012 0.0622 -0.7102
vn -0.1609 -0.9137 0.3733
vn -0.2536 -0.8841 0.3925
vn 0.4278 0.8263 0.3663
vn 0.2111 0.2350 -0.9488
vn -0.5493 -0.5550 0.6247
vn 0.2380 0.6239 -0.7443
vn 0.2115 0.5424 -0.8130
vn -0.8391 -0.5388 -0.0752
vn -0.5848 0.6548 -0.4788
vn 0.0632 0.2009 0.9776
vn -0.8288 0.5304 0.1781
vn 0.2744 -0.6746 0.6853
vn 0.3517 0.7278 -0.5887
vn -0.0739 0.6986 -0.7117
vn -0.9637 0.1512 0.2198
vn 0.7403 0.0974 -0.6652
vn -0.8558 -0.5153 -0.0452
vn -0.8166 -0.5568 -0.1517
vn -0.0440 -0.9948 0.0922
vn -0.5757 0.8146 -0.0715
vn 0.5933 0.5469 -0.5907
vn 0.5307 0.6296 -0.5674
vn -0.4865 0.8549 -0.1799
vn 0.3262 0.7924 -0.5155
vn -0.1055 0.9876 -0.1159
vn 0.9360 -0.1580 -0.3146
vn 0.9106 -0.1224 -0.3948
vn -0.4498 -0.5754 0.6831
vn -0.5857 -0.5113 0.6289
vn -0.3963 -0.6723 -0.6253
vn 0.7435 0.6605 -0.1048
vn -0.4561 -0.8838 0.1042
vn 0.5421 -0.1603 0.8249
vn -0.8859 0.4634 0.0199
vn 0.8915 -0.4091 -0.1948
vn 0.8416 0.4823 -0.2432
vn -0.2193 -0.9748 -0.0420
vn 0.0742 0.9157 -0.3948
vn -0.9511 0.2878 0.1121
vn -0.4464 -0.6293 -0.6361
vn -0.4781 -0.6760 -0.5608
vn -0.7621 -0.2051 -0.6141
vn 0.2050 -0.7999 0.5640
vn 0.0520 0.3459 -0.9368
vn 0.1977 -0.8947 -0.4005
vn 0.0416 -0.9307 -0.3635
vn -0.0072 -0.2083 -0.9780
vn 0.8755 0.1834 0.4470
vn 0.8810 -0.0358 -0.4717
vn 0.6469 -0.1656 0.7443
vn 0.6383 0.4396 -0.6320
vn 0.6482 0.4879 -0.5847
vn 0.6999 0.3815 -0.6039
vn -0.1231 0.5540 -0.8234
vn -0.5037 0.8422 -0.1923
vn -0.7549 -0.4483 0.4787
vn -0.5814 0.7763 0.2438
vn 0.8930 0.3438 -0.2905
vn 0.8651 0.4184 -0.2768
vn -0.7260 0.6853 0.0577
vn -0.1631 0.4918 0.8553
vn 0.8283 0.1166 -0.5480
vn -0.7365 0.0147 -0.6763
vn 0.4626 0.7577 0.4603
vn 0.8219 -0.3917 0.4135
vn -0.7322 -0.4591 0.5031
vn -0.5035 0.5384 -0.6757
vn 0.8243 0.0730 -0.5614
vn 0.8063 0.3198 -0.4975
vn 0.8242 -0.4236 0.3758
vn -0.0350 -0.0749 -0.9966
vn 0.7292 -0.5865 0.3524
vn 0.7681 -0.5568 0.3160
vn 0.7810 -0.1099 0.6148
vn -0.9531 -0.2902 0.0856
vn 0.5571 -0.5189 0.6484
vn -0.8158 -0.4762 0.3283
vn 0.0924 -0.7566 0.6473
vn -0.1201 -0.6838 0.7197
vn -0.3881 -0.3622 -0.8475
vn -0.1872 0.4164 0.8897
vn -0.4790 0.0364 0.8771
vn -0.3754 0.7689 0.5176
vn -0.5006 0.8512 -0.1575
vn -0.7858 -0.0409 -0.6171
vn -0.2771 -0.6727 -0.6861
vn -0.3296 -0.6427 0.6916
vn 0.6444 -0.2132 0.7344
vn -0.0476 0.7368 -0.6745
vn -0.6261 -0.5285 0.5732
vn -0.5137 -0.7070 0.4861
vn 0.4339 0.8804 -0.1915
vn -0.1068 -0.9943 0.0037
vn -0.0542 -0.9970 0.0551
vn 0.6832 0.0873 0.7250
vn -0.4615 -0.1209 -0.8789
vn -0.3469 -0.0840 -0.9341
vn 0.2714 0.5893 -0.7610
vn -0.1328 -0.7555 0.6415
vn -0.7548 -0.1188 -0.6451
vn 0.3155 -0.3503 0.8819
vn 0.4035 -0.3286 0.8539
vn 0.3727 -0.2450 -0.8950
vn -0.7025 0.7117 -0.0063
vn -0.3998 0.7470 0.5311
vn -0.3926 -0.6527 -0.6479
vn 0.3828 0.8432 0.3774
vn 0.6979 -0.0491 -0.7145
vn 0.7109 -0.0529 -0.7013
vn 0.6785 0.1840 -0.7112
vn -0.8096 -0.5817 -0.0778
vn -0.5765 -0.7747 0.2600
vn 0.6609 0.0742 -0.7468
vn -0.9922 0.0701 -0.1032
vn 0.3095 0.3909 -0.8669
vn -0.4631 0.8057 -0.3693
vn 0.7521 -0.6586 0.0257
vn 0.7275 -0.1566 -0.6680
vn 0.0734 -0.9929 0.0934
vn 0.2714 -0.9605 -0.0613
vn -0.6522 -0.1406 -0.7449
vn 0.1246 0.9066 -0.4032
vn -0.0795 -0.9834 0.1630
vn -0.0727 0.9143 0.3985
vn -0.0559 -0.8847 0.4627
vn -0.2587 -0.7824 0.5665
vn 0.5964 0.6461 -0.4763
vn -0.1500 0.9881 -0.0353
vn 0.6992 0.0522 -0.7130
vn 0.8705 -0.4703 0.1448
vn 0.3013 -0.9167 -0.2625
vn -0.1340 0.9898 -0.0484
vn -0.2483 -0.6327 -0.7335
vn -0.3378 -0.6133 -0.7140
vn 0.7133 0.6285 -0.3100
vn -0.4059 0.7365 -0.5411
vn 0.7788 -0.2679 0.5672
vn 0.7813 -0.1971 0.5922
vn -0.9683 0.0786 0.2370
vn -0.6579 -0.2892 0.6953
vn 0.0600 0.3382 -0.9391
vn 0.8111 -0.3942 -0.4322
vn 0.8764 0.1033 -0.4704
vn -0.9292 0.3628 0.0701
vn 0.0314 -0.4391 -0.8979
vn -0.5185 0.5504 0.6544
vn 0.6447 0.0314 0.7638
vn -0.7036 -0.1434 0.6960
vn -0.1617 -0.0642 -0.9847
vn 0.5848 -0.7935 -0.1685
vn -0.8000 0.5917 -0.0997
vn 0.1512 0.7966 0.5853
vn 0.5597 -0.7894 -0.2521
vn -0.1639 -0.1619 -0.9731
vn 0.3370 -0.9103 -0.2405
vn -0.6673 0.7097 0.2259
vn 0.1571 0.1948 -0.9682
vn 0.6696 0.7111 -0.2144
vn -0.4826 0.8586 -0.1731
vn -0.5434 0.4654 0.6986
vn 0.6012 -0.1364 0.7874
vn 0.8175 -0.0255 0.5754
vn 0.1218 0.9008 -0.4169
vn -0.3353 0.7966 -0.5029
vn -0.1080 0.5347 0.8381
vn -0.3864 0.7851 -0.4840
vn 0.7248 -0.1970 0.6601
vn 0.7270 -0.2611 0.6351
vn -0.1707 0.6420 -0.7474
vn -0.8554 -0.4029 0.3256
vn 0.7176 0.2467 -0.6513
vn 0.0429 0.8829 -0.4676
vn -0.9407 -0.2046 0.2706
vn 0.0990 0.9402 0.3260
vn 0.6746 0.6734 -0.3024
vn 0.6694 0.2507 -0.6994
vn -0.4332 -0.5893 -0.6820
vn 0.8788 0.3670 0.3050
vn 0.4269 0.7545 -0.4985
vn 0.8358 -0.0796 0.5432
vn 0.3730 -0.1928 -0.9076
vn -0.0088 0.5303 0.8478
vn 0.8376 -0.4251 0.3430
vn 0.8491 -0.4667 0.2473
vn -0.8926 -0.2311 0.3870
vn 0.2478 0.7428 0.6220
vn -0.7060 0.7058 -0.0586
vn 0.3614 0.6457 -0.6727
vn 0.2873 0.6509 -0.7027
vn 0.6933 0.4999 0.5191
vn -0.0763 -0.9969 0.0168
vn -0.4466 -0.5942 -0.6690
vn 0.1159 0.0880 -0.9894
vn -0.6190 -0.5648 0.5458
vn -0.3952 0.7545 -0.5240
vn 0.2886 -0.0807 -0.9540
vt 0.559489 0.581480
vt 0.558770 0.601677
vt 0.554324 0.605590
vt 0.758859 0.670387
vt 0.753909 0.683561
vt 0.752801 0.634381
vt 0.337885 0.365049
vt 0.340222 0.344180
vt 0.344921 0.361187
vt 0.557169 0.471089
vt 0.561333 0.451519
vt 0.564809 0.462248
vt 0.243715 0.286397
vt 0.231322 0.301376
vt 0.235506 0.268936
vt 0.580934 0.301212
vt 0.575052 0.275242
vt 0.587166 0.293154
vt 0.415285 0.295917
vt 0.408808 0.311059
vt 0.407355 0.298806
vt 0.609783 0.499561
vt 0.602620 0.509372
vt 0.600638 0.486460
vt 0.705081 0.410237
vt 0.707045 0.398000
vt 0.712384 0.406228
vt 0.417282 0.377619
vt 0.414922 0.398930
vt 0.411916 0.397429
vt 0.294911 0.587603
vt 0.298823 0.544971
vt 0.299340 0.566336
vt 0.714159 0.110131
vt 0.700022 0.101157
vt 0.712703 0.097782
vt 0.456468 0.401436
vt 0.449459 0.399673
vt 0.452056 0.376398
vt 0.416235 0.321638
vt 0.408807 0.324608
vt 0.675681 0.250470
vt 0.665457 0.246526
vt 0.673178 0.218481
vt 0.409672 0.423543
vt 0.407016 0.425412
vt 0.406679 0.413493
vt 0.334851 0.383074
vt 0.330746 0.403434
vt 0.326883 0.393969
vt 0.349471 0.280541
vt 0.340577 0.247010
vt 0.353641 0.269679
vt 0.307934 0.295716
vt 0.310502 0.310130
vt 0.304365 0.320452
vt 0.643623 0.468757
vt 0.636655 0.471585
vt 0.640601 0.450554
vt 0.527074 0.287365
vt 0.531954 0.306115
vt 0.522361 0.315939
vt 0.629885 0.044938
vt 0.667298 0.049959
vt 0.634242 0.061254
vt 0.774052 0.298488
vt 0.774764 0.329084
vt 0.766430 0.328046
vt 0.230119 0.757873
vt 0.226677 0.773841
vt 0.221420 0.766962
vt 0.353416 0.640425
vt 0.354490 0.663194
vt 0.347282 0.653426
vt 0.760320 0.735332
vt 0.753091 0.751435
vt 0.752998 0.717741
vt 0.629292 0.230396
vt 0.628886 0.244239
vt 0.624954 0.246913
vt 0.618008 0.196819
vt 0.627369 0.218461
vt 0.618759 0.219556
vt 0.253489 0.750040
vt 0.247680 0.747599
vt 0.247103 0.739796
vt 0.260955 0.299675
vt 0.262660 0.286780
vt 0.269113 0.285388
vt 0.388618 0.671544
vt 0.391217 0.691815
vt 0.381216 0.681284
vt 0.237978 0.429847
vt 0.241415 0.413600
vt 0.242223 0.426864
vt 0.367880 0.808753
vt 0.362051 0.766614
vt 0.375312 0.798762
vt 0.520330 0.767171
vt 0.507203 0.767124
vt 0.513041 0.756866
vt 0.694404 0.614454
vt 0.697159 0.594849
vt 0.701101 0.605568
vt 0.730041 0.820029
vt 0.746528 0.836320
vt 0.730462 0.842641
vt 0.241085 0.735948
vt 0.239995 0.752192
vt 0.739274 0.264846
vt 0.742824 0.248853
vt 0.744985 0.268603
vt 0.404804 0.137791
vt 0.394901 0.118745
vt 0.417923 0.111869
vt 0.560760 0.120863
vt 0.548041 0.109993
vt 0.569771 0.106151
vt 0.587432 0.389723
vt 0.582771 0.415793
vt 0.576564 0.412345
vt 0.342422 0.563629
vt 0.336113 0.585341
vt 0.337775 0.559972
vt 0.757627 0.331030
vt 0.761885 0.352835
vt 0.751377 0.356983
vt 0.278604 0.219891
vt 0.262863 0.227051
vt 0.274035 0.204001
vt 0.424354 0.829647
vt 0.404577 0.853645
vt 0.411705 0.824176
vt 0.622129 0.539878
vt 0.623037 0.525540
vt 0.627898 0.541309
vt 0.780425 0.365725
vt 0.769028 0.366362
vt 0.771254 0.346234
vt 0.257974 0.663103
vt 0.249296 0.660317
vt 0.253604 0.647760
vt 0.565094 0.606053
vt 0.570412 0.612328
vt 0.562471 0.613877
vt 0.690110 0.641282
vt 0.693783 0.637688
vt 0.691400 0.668248
vt 0.301102 0.885748
vt 0.325469 0.887522
vt 0.315850 0.901232
vt 0.386046 0.564796
vt 0.378770 0.561741
vt 0.383802 0.550086
vt 0.721091 0.264027
vt 0.714527 0.259730
vt 0.720974 0.249347
vt 0.349891 0.389739
vt 0.348437 0.376012
vt 0.353089 0.378262
vt 0.545342 0.887908
vt 0.527091 0.907310
vt 0.527328 0.893851
vt 0.733085 0.425939
vt 0.733780 0.407029
vt 0.738318 0.410495
vt 0.640078 0.378941
vt 0.644573 0.380222
vt 0.644632 0.396593
vt 0.737366 0.398389
vt 0.574932 0.859443
vt 0.593822 0.859499
vt 0.583328 0.875842
vt 0.270879 0.784961
vt 0.265416 0.767925
vt 0.273295 0.767546
vt 0.276379 0.292212
vt 0.267412 0.260881
vt 0.225577 0.821822
vt 0.229156 0.807042
vt 0.233224 0.814676
vt 0.411780 0.669749
vt 0.409175 0.642864
vt 0.417073 0.626108
vt 0.431503 0.419223
vt 0.426458 0.416305
vt 0.431582 0.405373
vt 0.540790 0.514377
vt 0.539912 0.492052
vt 0.546401 0.508795
vt 0.246713 0.236699
vt 0.240815 0.205507
vt 0.256477 0.199698
vt 0.363785 0.630159
vt 0.373351 0.621993
vt 0.372581 0.633398
vt 0.718015 0.038749
vt 0.740018 0.042813
vt 0.715468 0.045471
vt 0.228528 0.367375
vt 0.220517 0.370179
vt 0.222931 0.349445
vt 0.506720 0.684260
vt 0.512387 0.692347
vt 0.509376 0.704413
vt 0.675599 0.076706
vt 0.658558 0.078075
vt 0.666106 0.065898
vt 0.342581 0.388334
vt 0.338890 0.404839
vt 0.574756 0.646196
vt 0.579767 0.654345
vt 0.572773 0.659410
vt 0.665933 0.374102
vt 0.663516 0.353420
vt 0.669413 0.363236
vt 0.557416 0.493472
vt 0.552416 0.497588
vt 0.550534 0.477276
vt 0.764466 0.634424
vt 0.768793 0.612054
vt 0.774329 0.632818
vt 0.537777 0.683461
vt 0.538025 0.695149
vt 0.534740 0.689213
vt 0.477676 0.464307
vt 0.488065 0.477558
vt 0.481678 0.483445
vt 0.493301 0.169052
vt 0.503016 0.206050
vt 0.489010 0.193367
vt 0.501069 0.600901
vt 0.508429 0.593870
vt 0.505825 0.607478
vt 0.317798 0.784989
vt 0.309152 0.782149
vt 0.314707 0.763476
vt 0.281571 0.311593
vt 0.287369 0.341596
vt 0.279005 0.345291
vt 0.723067 0.680138
vt 0.724506 0.647212
vt 0.730228 0.693273
vt 0.720329 0.661656
vt 0.715147 0.702766
vt 0.707223 0.693888
vt 0.686703 0.331814
vt 0.683288 0.298087
vt 0.688394 0.304742
vt 0.675383 0.360651
vt 0.677827 0.343629
vt 0.681669 0.363867
vt 0.701252 0.410839
vt 0.702210 0.398814
vt 0.273014 0.186201
vt 0.264610 0.195374
vt 0.698159 0.209151
vt 0.692599 0.224042
vt 0.690150 0.188093
vt 0.552895 0.665521
vt 0.554550 0.686820
vt 0.549599 0.685725
vt 0.440554 0.370386
vt 0.439362 0.390543
vt 0.432223 0.358965
vt 0.251885 0.594489
vt 0.250010 0.607105
vt 0.249166 0.586765
vt 0.481280 0.656320
vt 0.486424 0.638354
vt 0.488257 0.658164
vt 0.295691 0.851932
vt 0.282444 0.843623
vt 0.293005 0.834964
vt 0.403383 0.305824
vt 0.392826 0.300909
vt 0.396766 0.288747
vt 0.258391 0.748560
vt 0.260147 0.767285
vt 0.256146 0.758809
vt 0.685721 0.422941
vt 0.690886 0.411347
vt 0.690708 0.426029
vt 0.701969 0.742949
vt 0.695544 0.730827
vt 0.701569 0.726792
vt 0.401584 0.278023
vt 0.359618 0.561586
vt 0.364734 0.567552
vt 0.359097 0.590608
vt 0.430265 0.044853
vt 0.446650 0.057844
vt 0.399721 0.055179
vt 0.468876 0.749048
vt 0.477847 0.758500
vt 0.462066 0.761988
vt 0.356194 0.311349
vt 0.351636 0.325622
vt 0.352913 0.313562
vt 0.733121 0.541445
vt 0.732994 0.525648
vt 0.737841 0.531098
vt 0.625095 0.256615
vt 0.618869 0.250823
vt 0.544270 0.484952
vt 0.547400 0.498922
vt 0.235228 0.494969
vt 0.226453 0.487802
vt 0.237026 0.469340
vt 0.722621 0.055610
vt 0.732511 0.051270
vt 0.731926 0.279498
vt 0.732106 0.272258
vt 0.736465 0.275882
vt 0.364811 0.594333
vt 0.690965 0.622751
vt 0.688207 0.599618
vt 0.692123 0.600811
vt 0.492177 0.525854
vt 0.495517 0.507564
vt 0.503219 0.508807
vt 0.533895 0.671684
vt 0.529991 0.683257
vt 0.527844 0.670310
vt 0.332262 0.768730
vt 0.332554 0.753304
vt 0.341322 0.747087
vt 0.412839 0.500654
vt 0.403156 0.521007
vt 0.403573 0.496408
vt 0.744070 0.394492
vt 0.740252 0.383311
vt 0.744799 0.373622
vt 0.572394 0.294164
vt 0.732939 0.064727
vt 0.739553 0.074453
vt 0.725326 0.080702
vt 0.222214 0.751190
vt 0.608590 0.520120
vt 0.481030 0.566241
vt 0.474727 0.529471
vt 0.483598 0.540162
vt 0.694401 0.435170
vt 0.688641 0.433950
vt 0.547357 0.829621
vt 0.531198 0.819689
vt 0.542537 0.804459
vt 0.421951 0.166081
vt 0.388549 0.152848
vt 0.245333 0.369633
vt 0.242950 0.377923
vt 0.237747 0.369011
vt 0.472565 0.486312
vt 0.468858 0.482975
vt 0.565989 0.584943
vt 0.567941 0.602360
vt 0.309889 0.753382
vt 0.297140 0.754941
vt 0.301113 0.731083
vt 0.744622 0.702482
vt 0.742356 0.715962
vt 0.735800 0.708629
vt 0.410527 0.747993
vt 0.407785 0.729638
vt 0.415876 0.741000
vt 0.358539 0.466968
vt 0.363473 0.470992
vt 0.358478 0.477903
vt 0.493264 0.919049
vt 0.510219 0.935778
vt 0.477656 0.939412
vt 0.319263 0.270212
vt 0.312757 0.293727
vt 0.310071 0.270032
vt 0.263799 0.699367
vt 0.258839 0.721775
vt 0.258506 0.682827
vt 0.505391 0.712035
vt 0.502322 0.692396
vt 0.426930 0.575189
vt 0.435970 0.568492
vt 0.430363 0.602958
vt 0.464690 0.970846
vt 0.402851 0.963618
vt 0.442430 0.951209
vt 0.635946 0.441296
vt 0.446359 0.174420
vt 0.472730 0.185230
vt 0.460011 0.219949
vt 0.424743 0.323533
vt 0.429888 0.334315
vt 0.422543 0.351399
vt 0.421207 0.240682
vt 0.421065 0.272144
vt 0.412686 0.256065
vt 0.746412 0.295617
vt 0.748994 0.277333
vt 0.268859 0.755971
vt 0.282451 0.748890
vt 0.368163 0.511553
vt 0.377498 0.526709
vt 0.368397 0.542932
vt 0.408726 0.029928
vt 0.395039 0.043083
vt 0.550357 0.396905
vt 0.554283 0.377305
vt 0.560388 0.385398
vt 0.252764 0.685497
vt 0.722360 0.123023
vt 0.724378 0.108399
vt 0.322442 0.557508
vt 0.317001 0.513641
vt 0.327127 0.533809
vt 0.303120 0.341719
vt 0.302279 0.373421
vt 0.297109 0.352908
vt 0.286761 0.707381
vt 0.279902 0.731907
vt 0.280272 0.706528
vt 0.547176 0.127110
vt 0.556993 0.145333
vt 0.404091 0.692479
vt 0.404757 0.673802
vt 0.412114 0.689021
vt 0.505141 0.562440
vt 0.501136 0.574324
vt 0.501884 0.553236
vt 0.731351 0.374898
vt 0.724077 0.356512
vt 0.728883 0.351897
vt 0.744965 0.536633
vt 0.737316 0.545008
vt 0.459491 0.155372
vt 0.228470 0.393157
vt 0.224541 0.385535
vt 0.658631 0.552857
vt 0.660297 0.534873
vt 0.663645 0.545935
vt 0.653860 0.544011
vt 0.654146 0.533418
vt 0.681344 0.414319
vt 0.683578 0.409563
vt 0.252195 0.549695
vt 0.245925 0.550594
vt 0.252321 0.525983
vt 0.493752 0.666687
vt 0.496680 0.657711
vt 0.499548 0.677414
vt 0.614418 0.647848
vt 0.611215 0.632296
vt 0.619357 0.633982
vt 0.252040 0.734313
vt 0.332499 0.665352
vt 0.326556 0.692648
vt 0.318423 0.677221
vt 0.279676 0.244488
vt 0.563022 0.654336
vt 0.562284 0.670179
vt 0.557656 0.666398
vt 0.225780 0.512691
vt 0.228717 0.514510
vt 0.775875 0.070135
vt 0.770888 0.055623
vt 0.780608 0.060878
vt 0.515055 0.531573
vt 0.510777 0.498154
vt 0.517526 0.510055
vt 0.358077 0.247680
vt 0.358533 0.231314
vt 0.363909 0.235253
vt 0.248488 0.352033
vt 0.256896 0.364722
vt 0.249215 0.376206
vt 0.716657 0.298408
vt 0.709641 0.289120
vt 0.715944 0.273094
vt 0.550781 0.757553
vt 0.558886 0.761792
vt 0.558806 0.776247
vt 0.730775 0.398240
vt 0.734651 0.369099
vt 0.271433 0.443770
vt 0.274592 0.492375
vt 0.261799 0.456685
vt 0.226421 0.652759
vt 0.229246 0.680009
vt 0.222151 0.687077
vt 0.340968 0.432739
vt 0.340107 0.444117
vt 0.337502 0.441762
vt 0.547073 0.673264
vt 0.334635 0.520528
vt 0.331484 0.501235
vt 0.336252 0.502576
vt 0.541845 0.748179
vt 0.543257 0.763664
vt 0.536091 0.757570
vt 0.381215 0.764758
vt 0.359793 0.443599
vt 0.362117 0.418380
vt 0.367445 0.427171
vt 0.238208 0.818276
vt 0.233754 0.806345
vt 0.740806 0.170935
vt 0.742602 0.201480
vt 0.723869 0.188780
vt 0.345179 0.435901
vt 0.343272 0.449820
vt 0.665464 0.561679
vt 0.682341 0.377406
vt 0.681774 0.397113
vt 0.679737 0.385192
vt 0.269172 0.640188
vt 0.263454 0.634307
vt 0.268360 0.621803
vt 0.242019 0.446935
vt 0.235070 0.450364
vt 0.493960 0.630819
vt 0.490663 0.617051
vt 0.495213 0.623806
vt 0.652226 0.277608
vt 0.643200 0.294448
vt 0.645381 0.262168
vt 0.538684 0.666508
vt 0.334019 0.540848
vt 0.340102 0.539769
vt 0.542188 0.470710
vt 0.407548 0.359856
vt 0.404357 0.372623
vt 0.404795 0.334038
vt 0.530819 0.796573
vt 0.315082 0.535148
vt 0.483563 0.691598
vt 0.490023 0.676091
vt 0.493307 0.696139
vt 0.553795 0.716838
vt 0.549255 0.722771
vt 0.548765 0.709005
vt 0.690490 0.446864
vt 0.696317 0.458061
vt 0.691889 0.457512
vt 0.776132 0.494799
vt 0.775704 0.529141
vt 0.773360 0.516010
vt 0.690491 0.044487
vt 0.684147 0.055301
vt 0.731884 0.609142
vt 0.728126 0.609398
vt 0.728259 0.590708
vt 0.409937 0.398375
vt 0.407004 0.400421
vt 0.407188 0.377884
vt 0.477080 0.513513
vt 0.485655 0.504784
vt 0.484139 0.521165
vt 0.578019 0.636260
vt 0.584481 0.635274
vt 0.681117 0.113386
vt 0.684164 0.128268
vt 0.673719 0.120728
vt 0.302235 0.629689
vt 0.296831 0.641263
vt 0.294878 0.618024
vt 0.305863 0.648437
vt 0.259909 0.268588
vt 0.263517 0.270171
vt 0.258024 0.275342
vt 0.519290 0.716646
vt 0.513574 0.739012
vt 0.512537 0.712639
vt 0.767642 0.551719
vt 0.772256 0.561182
vt 0.766564 0.576137
vt 0.240156 0.385978
vt 0.233017 0.385710
vt 0.303776 0.265980
vt 0.300496 0.294823
vt 0.296828 0.270667
vt 0.621602 0.671652
vt 0.622125 0.652107
vt 0.626066 0.663198
vt 0.411729 0.460816
vt 0.406787 0.472703
vt 0.402587 0.462142
vt 0.688128 0.112269
vt 0.539355 0.652333
vt 0.534270 0.657550
vt 0.538347 0.770614
vt 0.282567 0.663541
vt 0.277676 0.688335
vt 0.275307 0.666551
vt 0.393530 0.572918
vt 0.391622 0.549161
vt 0.402748 0.553786
vt 0.342838 0.306989
vt 0.333616 0.304239
vt 0.339953 0.295369
vt 0.254801 0.599873
vt 0.255364 0.610722
vt 0.740587 0.398059
vt 0.556314 0.726117
vt 0.556923 0.747966
vt 0.552588 0.742047
vt 0.337701 0.379104
vt 0.345462 0.379914
vt 0.558772 0.362429
vt 0.566487 0.381403
vt 0.562394 0.622947
vt 0.568314 0.631694
vt 0.355832 0.386099
vt 0.351168 0.408798
vt 0.569289 0.465571
vt 0.561780 0.487057
vt 0.665429 0.529000
vt 0.657680 0.519795
vt 0.768259 0.745693
vt 0.759080 0.749104
vt 0.248466 0.761410
vt 0.242573 0.760248
vt 0.543458 0.709822
vt 0.423003 0.794908
vt 0.425286 0.778359
vt 0.429487 0.810876
vt 0.540463 0.530030
vt 0.536824 0.507581
vt 0.356455 0.434088
vt 0.354787 0.446675
vt 0.358230 0.455268
vt 0.243813 0.078082
vt 0.237881 0.056964
vt 0.248896 0.046466
vt 0.769526 0.697341
vt 0.778196 0.698785
vt 0.774567 0.713202
vt 0.721422 0.073194
vt 0.716485 0.082333
vt 0.703428 0.076542
vt 0.357828 0.730268
vt 0.366353 0.748947
vt 0.360011 0.750833
vt 0.439444 0.772075
vt 0.432144 0.734598
vt 0.441766 0.752114
vt 0.363358 0.456547
vt 0.706136 0.377037
vt 0.704901 0.353237
vt 0.710709 0.352956
vt 0.528117 0.588340
vt 0.519623 0.591506
vt 0.519252 0.567748
vt 0.277078 0.049029
vt 0.227388 0.041595
vt 0.572180 0.600936
vt 0.711569 0.436044
vt 0.709178 0.439491
vt 0.706479 0.422250
vt 0.293050 0.198974
vt 0.287559 0.206921
vt 0.285950 0.187926
vt 0.487553 0.330175
vt 0.487151 0.299520
vt 0.493965 0.313954
vt 0.296613 0.210570
vt 0.293961 0.715181
vt 0.294757 0.696691
vt 0.728466 0.519334
vt 0.730266 0.484712
vt 0.736120 0.509336
vt 0.351416 0.476596
vt 0.350653 0.488124
vt 0.347326 0.481283
vt 0.375642 0.307929
vt 0.380921 0.296971
vt 0.384717 0.323115
vt 0.747097 0.415561
vt 0.743976 0.433660
vt 0.742743 0.414627
vt 0.706984 0.733778
vt 0.246979 0.447318
vt 0.359251 0.499618
vt 0.359263 0.513284
vt 0.354865 0.503881
vt 0.255464 0.825380
vt 0.248817 0.832609
vt 0.249745 0.816589
vt 0.617069 0.398600
vt 0.612654 0.412089
vt 0.608668 0.401683
vt 0.741336 0.342127
vt 0.733482 0.336856
vt 0.736969 0.316965
vt 0.693284 0.576247
vt 0.491168 0.491664
vt 0.496667 0.458523
vt 0.507309 0.652857
vt 0.514186 0.671024
vt 0.508572 0.672414
vt 0.647277 0.364274
vt 0.650482 0.389388
vt 0.365408 0.649620
vt 0.363919 0.672879
vt 0.359089 0.666814
vt 0.354717 0.485497
vt 0.416790 0.454114
vt 0.413165 0.439539
vt 0.548833 0.536087
vt 0.547015 0.555364
vt 0.541201 0.552936
vt 0.219426 0.518033
vt 0.224183 0.518674
vt 0.223257 0.552939
vt 0.509884 0.618717
vt 0.510175 0.635556
vt 0.505707 0.623142
vt 0.649375 0.538264
vt 0.526053 0.727772
vt 0.526259 0.746120
vt 0.522913 0.742277
vt 0.480967 0.712181
vt 0.468404 0.706864
vt 0.470353 0.689318
vt 0.593873 0.398710
vt 0.603544 0.400254
vt 0.590949 0.414430
vt 0.451785 0.466852
vt 0.448667 0.452664
vt 0.455056 0.449397
vt 0.636891 0.587387
vt 0.625129 0.594339
vt 0.632066 0.561497
vt 0.580719 0.721284
vt 0.583937 0.702919
vt 0.588972 0.715778
vt 0.479696 0.236616
vt 0.488121 0.250583
vt 0.477827 0.254718
vt 0.632863 0.812359
vt 0.639885 0.834477
vt 0.624648 0.830712
vt 0.485342 0.224564
vt 0.688771 0.485466
vt 0.685879 0.477513
vt 0.689438 0.466233
vt 0.237627 0.013609
vt 0.335965 0.012576
vt 0.273670 0.022546
vt 0.223705 0.565296
vt 0.227884 0.558369
vt 0.541903 0.913417
vt 0.527252 0.691121
vt 0.524203 0.690316
vt 0.521128 0.668842
vt 0.631740 0.447788
vt 0.620800 0.448509
vt 0.629766 0.425709
vt 0.642648 0.185483
vt 0.662148 0.185035
vt 0.644777 0.205584
vt 0.714496 0.598207
vt 0.710890 0.617298
vt 0.707209 0.597725
vt 0.374003 0.436114
vt 0.364809 0.443792
vt 0.625549 0.806073
vt 0.311337 0.575538
vt 0.322131 0.593632
vt 0.312418 0.603331
vt 0.704298 0.512049
vt 0.700216 0.530896
vt 0.695725 0.504105
vt 0.364601 0.380512
vt 0.362253 0.363843
vt 0.366888 0.361574
vt 0.692225 0.502989
vt 0.695333 0.490936
vt 0.428949 0.636778
vt 0.420655 0.651396
vt 0.422871 0.598017
vt 0.250312 0.714833
vt 0.255240 0.709079
vt 0.365714 0.400767
vt 0.369945 0.393081
vt 0.371653 0.412629
vt 0.403850 0.434463
vt 0.399696 0.450990
vt 0.400404 0.429545
vt 0.362745 0.848679
vt 0.346645 0.828665
vt 0.357781 0.816882
vt 0.729482 0.917490
vt 0.767508 0.890868
vt 0.770243 0.930540
vt 0.566304 0.092777
vt 0.271047 0.824869
vt 0.286755 0.822913
vt 0.767511 0.207529
vt 0.771751 0.168233
vt 0.773960 0.190317
vt 0.753220 0.505526
vt 0.749781 0.534761
vt 0.746663 0.506994
vt 0.533976 0.147218
vt 0.519135 0.153009
vt 0.536618 0.120300
vt 0.500932 0.877224
vt 0.507815 0.890790
vt 0.497077 0.899334
vt 0.305820 0.766377
vt 0.299754 0.770993
vt 0.570197 0.642199
vt 0.566103 0.662508
vt 0.609085 0.255750
vt 0.617448 0.268812
vt 0.468519 0.328745
vt 0.457647 0.321437
vt 0.461758 0.312074
vt 0.321524 0.479371
vt 0.323182 0.495955
vt 0.313557 0.490054
vt 0.506961 0.788236
vt 0.499865 0.783109
vt 0.614375 0.347766
vt 0.613017 0.371903
vt 0.611478 0.362189
vt 0.519723 0.702462
vt 0.642351 0.028910
vt 0.668394 0.039823
vt 0.613374 0.035744
vt 0.277547 0.388823
vt 0.285201 0.395189
vt 0.277889 0.405758
vt 0.681584 0.587309
vt 0.683795 0.571910
vt 0.688370 0.587908
vt 0.683480 0.068144
vt 0.672484 0.060706
vt 0.238717 0.775344
vt 0.232702 0.766156
vt 0.244557 0.642843
vt 0.242259 0.659132
vt 0.468976 0.670495
vt 0.475774 0.672115
vt 0.587364 0.337332
vt 0.594321 0.329360
vt 0.590389 0.350704
vt 0.227895 0.530742
vt 0.233492 0.513606
vt 0.679652 0.275625
vt 0.686302 0.252424
vt 0.459490 0.464723
vt 0.457129 0.474539
vt 0.408689 0.408906
vt 0.488751 0.405437
vt 0.486769 0.381531
vt 0.496556 0.387766
vt 0.659993 0.392708
vt 0.655018 0.406605
vt 0.656465 0.374597
vt 0.695888 0.415526
vt 0.565469 0.770093
vt 0.704421 0.614469
vt 0.680872 0.647945
vt 0.685924 0.631871
vt 0.387017 0.709967
vt 0.381122 0.731815
vt 0.632319 0.651053
vt 0.634817 0.679715
vt 0.338602 0.460275
vt 0.418363 0.073992
vt 0.410030 0.087303
vt 0.750168 0.393172
vt 0.749364 0.375327
vt 0.756669 0.382799
vt 0.307636 0.286612
vt 0.304256 0.289677
vt 0.257134 0.430687
vt 0.262106 0.419034
vt 0.332797 0.563279
vt 0.410390 0.377490
vt 0.520295 0.787457
vt 0.511105 0.793961
vt 0.604348 0.381267
vt 0.597366 0.385511
vt 0.258484 0.805360
vt 0.723768 0.485197
vt 0.723752 0.503594
vt 0.718613 0.490431
vt 0.277621 0.793883
vt 0.290309 0.800048
vt 0.281255 0.810642
vt 0.555628 0.619605
vt 0.398899 0.358461
vt 0.392493 0.344544
vt 0.399462 0.333293
vt 0.452612 0.809265
vt 0.444846 0.800175
vt 0.462491 0.778460
vt 0.473842 0.652364
vt 0.439124 0.484154
vt 0.429270 0.474828
vt 0.436635 0.463170
vt 0.349284 0.316757
vt 0.605079 0.297749
vt 0.607567 0.315578
vt 0.603134 0.313382
vt 0.351906 0.344523
vt 0.350178 0.351460
vt 0.347783 0.331585
vt 0.553392 0.435144
vt 0.396435 0.758079
vt 0.404706 0.763695
vt 0.704657 0.443253
vt 0.703489 0.425466
vt 0.553268 0.704400
vt 0.561009 0.707088
vt 0.557143 0.713800
vt 0.494250 0.708766
vt 0.305181 0.869786
vt 0.287713 0.875648
vt 0.642032 0.098721
vt 0.651891 0.109929
vt 0.635798 0.126027
vt 0.220961 0.134297
vt 0.225142 0.107598
vt 0.233834 0.123455
vt 0.780379 0.180707
vt 0.369584 0.574097
vt 0.366296 0.607434
vt 0.700760 0.436870
vt 0.698137 0.422076
vt 0.642109 0.553126
vt 0.637798 0.557891
vt 0.638463 0.535834
vt 0.566318 0.812513
vt 0.574130 0.806326
vt 0.579725 0.837476
vt 0.492178 0.873809
vt 0.496302 0.589722
vt 0.497790 0.576015
vt 0.500434 0.590063
vt 0.343120 0.322368
vt 0.255929 0.791579
vt 0.243428 0.804146
vt 0.243767 0.788107
vt 0.687382 0.076011
vt 0.702444 0.068447
vt 0.295780 0.784916
vt 0.299264 0.805008
vt 0.358492 0.611490
vt 0.235320 0.735495
vt 0.615124 0.231810
vt 0.623884 0.225970
vt 0.259720 0.585763
vt 0.255237 0.578488
vt 0.579235 0.906851
vt 0.574197 0.896309
vt 0.728387 0.418004
vt 0.607554 0.240139
vt 0.601571 0.228898
vt 0.330396 0.781924
vt 0.334010 0.801121
vt 0.325251 0.801028
vt 0.428152 0.766986
vt 0.274904 0.316287
vt 0.369845 0.609542
vt 0.457026 0.427313
vt 0.461732 0.435438
vt 0.269981 0.682105
vt 0.268955 0.667033
vt 0.757914 0.159459
vt 0.755244 0.129812
vt 0.772022 0.129469
vt 0.395407 0.374764
vt 0.386754 0.393228
vt 0.384122 0.367559
vt 0.719500 0.348074
vt 0.715581 0.338564
vt 0.723184 0.328213
vt 0.313040 0.918787
vt 0.331286 0.935561
vt 0.301776 0.942891
vt 0.352392 0.712901
vt 0.349379 0.743664
vt 0.607574 0.054124
vt 0.375454 0.362428
vt 0.376887 0.340378
vt 0.494217 0.572129
vt 0.492121 0.580920
vt 0.281465 0.203148
vt 0.716553 0.317063
vt 0.436813 0.670811
vt 0.438152 0.633166
vt 0.449035 0.661065
vt 0.498395 0.629626
vt 0.263353 0.748040
vt 0.274031 0.726600
vt 0.354021 0.611188
vt 0.354102 0.582164
vt 0.567801 0.704574
vt 0.570962 0.733109
vt 0.563019 0.726542
vt 0.504840 0.911015
vt 0.470751 0.458055
vt 0.465261 0.451358
vt 0.473181 0.419045
vt 0.482120 0.405911
vt 0.480660 0.431753
vt 0.333670 0.645783
vt 0.343039 0.638679
vt 0.297639 0.668846
vt 0.302263 0.677010
vt 0.300316 0.693683
vt 0.258885 0.634970
vt 0.264608 0.652937
vt 0.262479 0.673758
vt 0.272846 0.808911
vt 0.663635 0.451541
vt 0.659905 0.476776
vt 0.656439 0.452553
vt 0.747363 0.555473
vt 0.746157 0.597554
vt 0.743132 0.565125
vt 0.360514 0.048342
vt 0.252344 0.572264
vt 0.568250 0.494618
vt 0.563062 0.505903
vt 0.729795 0.096456
vt 0.221665 0.313594
vt 0.223984 0.270344
vt 0.456949 0.497108
vt 0.462472 0.517508
vt 0.457498 0.516671
vt 0.277455 0.602836
vt 0.282919 0.622806
vt 0.272379 0.610045
vt 0.286277 0.602218
vt 0.291427 0.607050
vt 0.631621 0.631417
vt 0.625485 0.635147
vt 0.458789 0.336017
vt 0.451516 0.332410
vt 0.386228 0.751014
vt 0.373086 0.752032
vt 0.266345 0.785423
vt 0.263002 0.777210
vt 0.346594 0.294869
vt 0.779956 0.533512
vt 0.779773 0.547282
vt 0.272373 0.578209
vt 0.269741 0.598713
vt 0.590579 0.319465
vt 0.287524 0.419610
vt 0.281316 0.427554
vt 0.291975 0.477148
vt 0.287126 0.501945
vt 0.279227 0.472702
vt 0.460731 0.528409
vt 0.466139 0.534785
vt 0.459678 0.547293
vt 0.474121 0.237473
vt 0.745312 0.519120
vt 0.542362 0.695926
vt 0.540785 0.690429
vt 0.733089 0.249583
vt 0.729857 0.252044
vt 0.730500 0.228682
vt 0.717901 0.418472
vt 0.713291 0.419759
vt 0.718407 0.401538
vt 0.219903 0.559962
vt 0.423519 0.727769
vt 0.427294 0.739431
vt 0.420043 0.757911
vt 0.550938 0.518541
vt 0.601537 0.118927
vt 0.621118 0.146228
vt 0.607266 0.142227
vt 0.431790 0.780921
vt 0.545051 0.573893
vt 0.532879 0.749728
vt 0.529955 0.754816
vt 0.529115 0.739711
vt 0.457207 0.656152
vt 0.460467 0.626830
vt 0.463147 0.660152
vt 0.511612 0.648883
vt 0.305728 0.448904
vt 0.310406 0.432410
vt 0.311467 0.463509
vt 0.355649 0.190483
vt 0.361249 0.211603
vt 0.349742 0.198220
vt 0.713033 0.245690
vt 0.552060 0.729361
vt 0.238100 0.407806
vt 0.231407 0.408947
vt 0.238564 0.396261
vt 0.747858 0.727280
vt 0.744690 0.742724
vt 0.740861 0.728424
vt 0.484627 0.669938
vt 0.336917 0.431297
vt 0.695165 0.664082
vt 0.248320 0.776406
vt 0.500864 0.740656
vt 0.497584 0.724498
vt 0.507607 0.725910
vt 0.526337 0.111985
vt 0.490250 0.539128
vt 0.450216 0.755534
vt 0.457808 0.749135
vt 0.452560 0.779853
vt 0.495105 0.104446
vt 0.523935 0.075342
vt 0.510232 0.126173
vt 0.334830 0.458527
vt 0.295021 0.178693
vt 0.306104 0.190691
vt 0.309472 0.207082
vt 0.301273 0.220490
vt 0.390983 0.533878
vt 0.389612 0.847341
vt 0.397420 0.822058
vt 0.750789 0.942711
vt 0.752851 0.958777
vt 0.305968 0.708464
vt 0.303949 0.690041
vt 0.308752 0.694151
vt 0.603085 0.326416
vt 0.600217 0.354710
vt 0.595787 0.348320
vt 0.311462 0.683099
vt 0.306128 0.665372
vt 0.310675 0.668759
vt 0.693022 0.544963
vt 0.688402 0.541755
vt 0.692812 0.527658
vt 0.762429 0.297291
vt 0.757625 0.245150
vt 0.312716 0.651747
vt 0.773831 0.596286
vt 0.779041 0.616146
vt 0.737213 0.249555
vt 0.735520 0.260707
vt 0.341936 0.221283
vt 0.341291 0.201904
vt 0.346858 0.214194
vt 0.273946 0.373996
vt 0.270107 0.394086
vt 0.290406 0.274705
vt 0.291324 0.287984
vt 0.327856 0.461604
vt 0.227038 0.745789
vt 0.662254 0.514260
vt 0.701216 0.231831
vt 0.696549 0.247998
vt 0.643434 0.526189
vt 0.638208 0.514990
vt 0.645764 0.510060
vt 0.586659 0.597968
vt 0.580544 0.584573
vt 0.583154 0.544009
vt 0.466475 0.822065
vt 0.468325 0.837518
vt 0.448927 0.832878
vt 0.442002 0.906337
vt 0.424719 0.889733
vt 0.466484 0.900032
vt 0.573678 0.616320
vt 0.536722 0.713093
vt 0.529373 0.703387
vt 0.604783 0.786896
vt 0.603137 0.819682
vt 0.590527 0.801048
vt 0.518612 0.651527
vt 0.527838 0.634218
vt 0.528419 0.653864
vt 0.368361 0.464525
vt 0.370675 0.452870
vt 0.760293 0.529490
vt 0.765278 0.522209
vt 0.481128 0.638210
vt 0.483387 0.613955
vt 0.364942 0.296143
vt 0.359064 0.275502
vt 0.364756 0.276409
vt 0.283328 0.229709
vt 0.366218 0.881030
vt 0.347145 0.888298
vt 0.728982 0.447113
vt 0.729007 0.282007
vt 0.727198 0.269346
vt 0.404864 0.183357
vt 0.656236 0.563201
vt 0.652307 0.568637
vt 0.503232 0.758782
vt 0.507258 0.741604
vt 0.658222 0.230225
vt 0.279442 0.646018
vt 0.240961 0.691849
vt 0.246330 0.678164
vt 0.497510 0.615893
vt 0.709114 0.717703
vt 0.263450 0.606704
vt 0.263603 0.621538
vt 0.259918 0.621301
vt 0.673640 0.411060
vt 0.678512 0.402626
vt 0.668088 0.454292
vt 0.670552 0.442999
vt 0.243873 0.838808
vt 0.233833 0.830594
vt 0.242506 0.721072
vt 0.740706 0.509117
vt 0.742041 0.529023
vt 0.685698 0.455992
vt 0.682584 0.473472
vt 0.361227 0.534489
vt 0.357001 0.528885
vt 0.681926 0.346675
vt 0.341458 0.278138
vt 0.453722 0.483804
vt 0.269461 0.372966
vt 0.260456 0.374911
vt 0.256593 0.346906
vt 0.699787 0.490767
vt 0.761879 0.775186
vt 0.382845 0.602661
vt 0.380493 0.623795
vt 0.376713 0.599520
vt 0.231975 0.576402
vt 0.239998 0.562174
vt 0.241139 0.578063
vt 0.546079 0.520626
vt 0.453574 0.043992
vt 0.519963 0.730289
vt 0.672046 0.392258
vt 0.273045 0.626034
vt 0.669524 0.481355
vt 0.667538 0.469744
vt 0.672868 0.463356
vt 0.664490 0.483676
vt 0.663518 0.464664
vt 0.352457 0.429223
vt 0.349405 0.427546
vt 0.640901 0.568648
vt 0.675756 0.476203
vt 0.670230 0.490900
vt 0.534109 0.705721
vt 0.375357 0.169282
vt 0.552707 0.641063
vt 0.557991 0.647232
vt 0.485753 0.268284
vt 0.497473 0.285127
vt 0.448769 0.367496
vt 0.458485 0.377233
vt 0.523183 0.530239
vt 0.507273 0.529283
vt 0.436694 0.821045
vt 0.409477 0.553159
vt 0.403066 0.580266
vt 0.564345 0.786706
vt 0.575089 0.791183
vt 0.617670 0.534553
vt 0.606747 0.347537
vt 0.286910 0.216503
vt 0.770845 0.773047
vt 0.347028 0.422366
vt 0.342712 0.422722
vt 0.346134 0.409674
vt 0.646938 0.072630
vt 0.627646 0.085617
vt 0.573424 0.390595
vt 0.696209 0.362513
vt 0.693348 0.350440
vt 0.699510 0.359918
vt 0.775436 0.761205
vt 0.441346 0.411640
vt 0.531341 0.494687
vt 0.535040 0.452936
vt 0.313874 0.258754
vt 0.306492 0.239695
vt 0.517126 0.186796
vt 0.239922 0.543764
vt 0.233187 0.549823
vt 0.267922 0.871004
vt 0.268758 0.901616
vt 0.251274 0.875158
vt 0.637783 0.394563
vt 0.642301 0.407599
vt 0.633700 0.408777
vt 0.701516 0.183057
vt 0.690064 0.168242
vt 0.419842 0.424362
vt 0.417472 0.435001
vt 0.417148 0.423532
vt 0.701666 0.651833
vt 0.700365 0.625690
vt 0.705718 0.627607
vt 0.464225 0.736157
vt 0.276744 0.930264
vt 0.281099 0.916928
vt 0.609187 0.194960
vt 0.601021 0.206080
vt 0.630731 0.274170
vt 0.624734 0.279199
vt 0.284739 0.730394
vt 0.667926 0.612715
vt 0.663419 0.603562
vt 0.670927 0.586385
vt 0.702343 0.049913
vt 0.548290 0.742719
vt 0.356350 0.221241
vt 0.353022 0.234837
vt 0.348752 0.224327
vt 0.660563 0.439112
vt 0.662178 0.420548
vt 0.666672 0.435135
vt 0.294473 0.375661
vt 0.281707 0.374083
vt 0.568944 0.153380
vt 0.571421 0.142464
vt 0.581422 0.150551
vt 0.501585 0.146840
vt 0.731357 0.136469
vt 0.735234 0.118262
vt 0.744466 0.140727
vt 0.610325 0.547161
vt 0.614784 0.521775
vt 0.508675 0.554953
vt 0.516951 0.550774
vt 0.706360 0.480131
vt 0.701452 0.473210
vt 0.705811 0.465988
vt 0.452491 0.511490
vt 0.452623 0.537139
vt 0.449174 0.518111
vt 0.306562 0.030145
vt 0.639128 0.217964
vt 0.632236 0.196777
vt 0.449300 0.434182
vt 0.766363 0.259423
vt 0.769592 0.236018
vt 0.571559 0.585964
vt 0.336375 0.734890
vt 0.646628 0.567220
vt 0.650771 0.553525
vt 0.371508 0.339444
vt 0.753435 0.568894
vt 0.378150 0.658120
vt 0.269805 0.573108
vt 0.272184 0.553790
vt 0.711236 0.389534
vt 0.712453 0.368967
vt 0.694286 0.755696
vt 0.686467 0.765157
vt 0.689559 0.738868
vt 0.646637 0.611785
vt 0.651133 0.600218
vt 0.651654 0.632592
vt 0.259969 0.568889
vt 0.681026 0.085129
vt 0.674626 0.102711
vt 0.664369 0.098567
vt 0.373214 0.670822
vt 0.340704 0.679027
vt 0.646325 0.546468
vt 0.628755 0.409164
vt 0.449041 0.585521
vt 0.456867 0.567611
vt 0.453656 0.623440
vt 0.545981 0.624870
vt 0.547926 0.648521
vt 0.541386 0.644806
vt 0.740161 0.280638
vt 0.296431 0.464082
vt 0.619298 0.322741
vt 0.619088 0.348519
vt 0.614752 0.325759
vt 0.550271 0.927697
vt 0.535525 0.940425
vt 0.519589 0.922493
vt 0.358867 0.430692
vt 0.353393 0.421680
vt 0.356750 0.415969
vt 0.686864 0.272625
vt 0.439405 0.431357
vt 0.605188 0.543148
vt 0.601253 0.580555
vt 0.556774 0.531403
vt 0.556944 0.553640
vt 0.553071 0.540923
vt 0.288733 0.767116
vt 0.399501 0.314756
vt 0.467263 0.499592
vt 0.456386 0.687116
vt 0.464445 0.679878
vt 0.653818 0.092074
vt 0.442344 0.458291
vt 0.592523 0.582083
vt 0.590461 0.538020
vt 0.595575 0.546281
vt 0.703224 0.156467
vt 0.688263 0.145438
vt 0.693550 0.133140
vt 0.219863 0.783445
vt 0.234239 0.367048
vt 0.232524 0.350127
vt 0.391801 0.622669
vt 0.414477 0.583456
vt 0.451028 0.502069
vt 0.350326 0.551594
vt 0.664734 0.119746
vt 0.367345 0.249783
vt 0.756171 0.410089
vt 0.466571 0.347383
vt 0.684994 0.361817
vt 0.686411 0.345788
vt 0.690870 0.356793
vt 0.564439 0.366027
vt 0.568527 0.343441
vt 0.574806 0.363592
vt 0.532186 0.767546
vt 0.678214 0.827928
vt 0.701010 0.817066
vt 0.697162 0.839520
vt 0.219736 0.808839
vt 0.267395 0.405294
vt 0.271773 0.417486
vt 0.761629 0.030197
vt 0.778597 0.038630
vt 0.417223 0.364211
vt 0.540184 0.956788
vt 0.603655 0.880694
vt 0.671151 0.734961
vt 0.658543 0.702511
vt 0.667436 0.696429
vt 0.745664 0.094835
vt 0.758592 0.078492
vt 0.698614 0.347158
vt 0.706249 0.319780
vt 0.335158 0.419414
vt 0.324795 0.418957
vt 0.670644 0.535894
vt 0.406574 0.444333
vt 0.410531 0.438480
vt 0.283988 0.786178
vt 0.697511 0.642259
vt 0.444802 0.524347
vt 0.447265 0.547163
vt 0.540396 0.419761
vt 0.546980 0.450394
vt 0.662269 0.783534
vt 0.663873 0.806523
vt 0.644729 0.805864
vt 0.311842 0.806343
vt 0.320821 0.808672
vt 0.313032 0.823851
vt 0.622375 0.612972
vt 0.618557 0.593708
vt 0.707495 0.658730
vt 0.701746 0.253388
vt 0.307493 0.057322
vt 0.697375 0.620113
vt 0.537007 0.273483
vt 0.527210 0.268406
vt 0.736178 0.291746
vt 0.771497 0.537490
vt 0.545566 0.084218
vt 0.565828 0.059750
vt 0.252878 0.290148
vt 0.258835 0.285912
vt 0.600028 0.655676
vt 0.599257 0.681637
vt 0.593427 0.660365
vt 0.256307 0.626493
vt 0.250623 0.625099
vt 0.715786 0.361292
vt 0.716394 0.382223
vt 0.676517 0.378442
vt 0.523891 0.719046
vt 0.311946 0.622287
vt 0.234889 0.794158
vt 0.321083 0.457309
vt 0.357733 0.296485
vt 0.306811 0.835721
vt 0.270575 0.329897
vt 0.264174 0.313785
vt 0.241560 0.599105
vt 0.236302 0.585855
vt 0.435558 0.793000
vt 0.383218 0.525124
vt 0.384245 0.500555
vt 0.393234 0.511622
vt 0.706418 0.219341
vt 0.692274 0.251937
vt 0.684643 0.236497
vt 0.558250 0.404424
vt 0.563994 0.404394
vt 0.671507 0.423152
vt 0.677076 0.426166
vt 0.675498 0.447537
vt 0.287913 0.243789
vt 0.396179 0.712574
vt 0.397631 0.721480
vt 0.393094 0.710959
vt 0.536811 0.851514
vt 0.535761 0.833027
vt 0.470982 0.258642
vt 0.475001 0.279453
vt 0.722345 0.397840
vt 0.427943 0.134127
vt 0.405166 0.641772
vt 0.406600 0.618140
vt 0.686716 0.513591
vt 0.684730 0.525840
vt 0.681694 0.501684
vt 0.535672 0.541172
vt 0.535933 0.579505
vt 0.527374 0.559971
vt 0.721530 0.378262
vt 0.728905 0.387427
vt 0.328246 0.585778
vt 0.336234 0.612139
vt 0.565790 0.323427
vt 0.577522 0.432474
vt 0.528216 0.716638
vt 0.451965 0.566121
vt 0.311957 0.793824
vt 0.318699 0.744097
vt 0.308762 0.726485
vt 0.318922 0.721184
vt 0.336338 0.863684
vt 0.364202 0.321899
vt 0.361299 0.311763
vt 0.497869 0.365231
vt 0.499502 0.341159
vt 0.504867 0.367360
vt 0.644620 0.428029
vt 0.722224 0.465867
vt 0.716018 0.454764
vt 0.721771 0.446311
vt 0.715518 0.469224
vt 0.634568 0.256182
vt 0.640827 0.251665
vt 0.637005 0.273928
vt 0.263844 0.815609
vt 0.347586 0.234892
vt 0.765480 0.814231
vt 0.768750 0.826973
vt 0.220451 0.509242
vt 0.219598 0.490282
vt 0.572808 0.630046
vt 0.658550 0.499748
vt 0.653347 0.507710
vt 0.654956 0.483678
vt 0.445887 0.633846
vt 0.231173 0.780177
vt 0.667492 0.084673
vt 0.359307 0.387293
vt 0.704462 0.266810
vt 0.697981 0.265307
vt 0.696101 0.708893
vt 0.668134 0.265618
vt 0.526140 0.774685
vt 0.469731 0.124561
vt 0.483753 0.135158
vt 0.376883 0.323578
vt 0.607589 0.378528
vt 0.539847 0.391646
vt 0.528462 0.375955
vt 0.541736 0.352509
vt 0.359046 0.033584
vt 0.753558 0.059712
vt 0.355339 0.471028
vt 0.253624 0.839007
vt 0.717320 0.435548
vt 0.723031 0.420201
vt 0.302449 0.615647
vt 0.297160 0.607409
vt 0.718187 0.510805
vt 0.340937 0.493349
vt 0.339064 0.477104
vt 0.498254 0.125858
vt 0.478445 0.899078
vt 0.475770 0.866640
vt 0.484422 0.887017
vt 0.589042 0.434574
vt 0.587891 0.501149
vt 0.593372 0.459526
vt 0.560938 0.526416
vt 0.557727 0.512123
vt 0.534508 0.777822
vt 0.233265 0.424034
vt 0.602298 0.425106
vt 0.594148 0.435919
vt 0.364573 0.337128
vt 0.361205 0.332424
vt 0.445608 0.339684
vt 0.443577 0.354480
vt 0.441826 0.323102
vt 0.736118 0.225677
vt 0.712738 0.790642
vt 0.729510 0.784711
vt 0.388223 0.826166
vt 0.375911 0.840491
vt 0.378366 0.818694
vt 0.507265 0.835081
vt 0.513941 0.849619
vt 0.498415 0.845101
vt 0.416285 0.471190
vt 0.393707 0.318982
vt 0.700022 0.385550
vt 0.699948 0.368794
vt 0.348544 0.623327
vt 0.547719 0.151692
vt 0.543275 0.174850
vt 0.494695 0.772498
vt 0.562967 0.560892
vt 0.571083 0.569840
vt 0.319454 0.288531
vt 0.769553 0.853658
vt 0.771808 0.869683
vt 0.748087 0.877831
vt 0.709928 0.516589
vt 0.711545 0.487517
vt 0.714274 0.506209
vt 0.611142 0.744204
vt 0.609013 0.766822
vt 0.597723 0.758108
vt 0.583227 0.621395
vt 0.687526 0.096908
vt 0.696221 0.108024
vt 0.493399 0.239860
vt 0.492775 0.220618
vt 0.269779 0.537287
vt 0.276115 0.530808
vt 0.518240 0.489832
vt 0.517531 0.465092
vt 0.524032 0.476305
vt 0.651946 0.316201
vt 0.730380 0.314825
vt 0.352655 0.210887
vt 0.332398 0.061181
vt 0.697867 0.887297
vt 0.727257 0.876119
vt 0.551365 0.589575
vt 0.548226 0.603065
vt 0.676093 0.288051
vt 0.669155 0.294928
vt 0.364668 0.520055
vt 0.563571 0.435751
vt 0.302238 0.088285
vt 0.299982 0.105598
vt 0.281032 0.116711
vt 0.254902 0.773012
vt 0.420200 0.412505
vt 0.738163 0.762947
vt 0.740144 0.791654
vt 0.349795 0.417694
vt 0.270027 0.583208
vt 0.267174 0.574501
vt 0.343031 0.466033
vt 0.278951 0.588278
vt 0.284348 0.553486
vt 0.288784 0.584568
vt 0.399525 0.685722
vt 0.400085 0.702845
vt 0.396134 0.697659
vt 0.505530 0.384408
vt 0.513770 0.359744
vt 0.512647 0.388161
vt 0.774412 0.086885
vt 0.327054 0.744069
vt 0.503551 0.663104
vt 0.364913 0.350715
vt 0.624080 0.433555
vt 0.624897 0.408641
vt 0.274313 0.860538
vt 0.781377 0.557435
vt 0.780304 0.590771
vt 0.776227 0.578797
vt 0.345818 0.530732
vt 0.707674 0.458137
vt 0.699284 0.442455
vt 0.423844 0.671162
vt 0.430917 0.703185
vt 0.734548 0.021511
vt 0.693672 0.380953
vt 0.657574 0.727807
vt 0.654605 0.763983
vt 0.640051 0.754382
vt 0.253556 0.401023
vt 0.249828 0.410776
vt 0.251306 0.391197
vt 0.314636 0.396635
vt 0.313420 0.422286
vt 0.441484 0.791034
vt 0.781278 0.536097
vt 0.369049 0.479676
vt 0.365788 0.490405
vt 0.363448 0.502185
vt 0.294129 0.737416
vt 0.288078 0.755817
vt 0.659702 0.675166
vt 0.668336 0.678283
vt 0.667614 0.758043
vt 0.663746 0.748009
vt 0.673955 0.604736
vt 0.502104 0.650899
vt 0.501586 0.631659
vt 0.643613 0.360003
vt 0.647124 0.342555
vt 0.228888 0.426464
vt 0.220255 0.416591
vt 0.299185 0.592820
vt 0.304616 0.587543
vt 0.389275 0.919243
vt 0.351317 0.926719
vt 0.365743 0.911991
vt 0.641369 0.613993
vt 0.642545 0.638789
vt 0.651653 0.525080
vt 0.226945 0.455297
vt 0.782267 0.875305
vt 0.595010 0.095730
vt 0.579436 0.109983
vt 0.243890 0.396449
vt 0.247325 0.384631
vt 0.498222 0.030430
vt 0.522176 0.013083
vt 0.266580 0.355266
vt 0.372936 0.496486
vt 0.537230 0.874547
vt 0.224875 0.061022
vt 0.274877 0.814616
vt 0.638576 0.490357
vt 0.645706 0.495596
vt 0.408137 0.602068
vt 0.411259 0.612404
vt 0.513153 0.877766
vt 0.515280 0.630039
vt 0.522267 0.635214
vt 0.751910 0.191763
vt 0.534921 0.601486
vt 0.543288 0.594939
vt 0.448940 0.324300
vt 0.452343 0.299860
vt 0.401398 0.714969
vt 0.632954 0.607481
vt 0.608858 0.852021
vt 0.493614 0.642031
vt 0.233503 0.704045
vt 0.566018 0.876920
vt 0.561586 0.839590
vt 0.564649 0.637632
vt 0.269395 0.796601
vt 0.370666 0.373571
vt 0.277400 0.775669
vt 0.698240 0.577354
vt 0.705336 0.545803
vt 0.704074 0.582993
vt 0.248553 0.970226
vt 0.223408 0.957651
vt 0.249348 0.947616
vt 0.232923 0.846039
vt 0.327058 0.480619
vt 0.382946 0.871745
vt 0.369426 0.864350
vt 0.378415 0.851079
vt 0.241068 0.324329
vt 0.237783 0.344779
vt 0.472140 0.213413
vt 0.417986 0.144252
vt 0.432827 0.155317
vt 0.419253 0.807451
vt 0.688172 0.373857
vt 0.686297 0.396264
vt 0.306862 0.166795
vt 0.463099 0.359352
vt 0.455828 0.350830
vt 0.689291 0.795694
vt 0.464641 0.509464
vt 0.225458 0.790279
vt 0.641615 0.783351
vt 0.629743 0.789334
vt 0.619208 0.798559
vt 0.331077 0.095355
vt 0.585293 0.760159
vt 0.586609 0.778252
vt 0.358629 0.366590
vt 0.475155 0.585082
vt 0.477310 0.602599
vt 0.473235 0.614412
vt 0.438696 0.268921
vt 0.441521 0.288997
vt 0.434941 0.297239
vt 0.408012 0.794166
vt 0.414658 0.771655
vt 0.499358 0.804069
vt 0.781931 0.885285
vt 0.780143 0.900194
vt 0.517733 0.683622
vt 0.375717 0.391306
vt 0.621300 0.473799
vt 0.613549 0.452853
vt 0.255451 0.412006
vt 0.466309 0.638351
vt 0.447302 0.494452
vt 0.251334 0.326000
vt 0.692442 0.478034
vt 0.557883 0.209899
vt 0.558555 0.186206
vt 0.569081 0.237360
vt 0.688786 0.085368
vt 0.699041 0.085109
vt 0.677237 0.304322
vt 0.670272 0.317230
vt 0.240819 0.615303
vt 0.231043 0.626280
vt 0.233325 0.599929
vt 0.751971 0.225826
vt 0.742261 0.234288
vt 0.357752 0.784229
vt 0.346781 0.782268
vt 0.355617 0.766398
vt 0.676408 0.323016
vt 0.666938 0.398197
vt 0.348237 0.492228
vt 0.348191 0.510117
vt 0.737049 0.576895
vt 0.737380 0.598962
vt 0.734409 0.599903
vt 0.430213 0.520615
vt 0.434925 0.497829
vt 0.436661 0.519639
vt 0.775491 0.263048
vt 0.487236 0.574264
vt 0.484418 0.589708
vt 0.243989 0.629510
vt 0.237523 0.636563
vt 0.524440 0.358665
vt 0.532385 0.338763
vt 0.401907 0.242917
vt 0.388259 0.206130
vt 0.404619 0.210668
vt 0.524969 0.510413
vt 0.531972 0.524121
vt 0.245471 0.614603
vt 0.601744 0.281558
vt 0.596449 0.283287
vt 0.263499 0.558127
vt 0.263178 0.528404
vt 0.267813 0.556257
vt 0.680768 0.913759
vt 0.682382 0.942679
vt 0.428715 0.313274
vt 0.427168 0.297559
vt 0.696994 0.475768
vt 0.599067 0.311109
vt 0.596741 0.317740
vt 0.593967 0.298202
vt 0.293884 0.338702
vt 0.659413 0.265769
vt 0.660906 0.288317
vt 0.530725 0.616080
vt 0.533005 0.637531
vt 0.672241 0.638944
vt 0.668042 0.643586
vt 0.312791 0.851786
vt 0.511889 0.452050
vt 0.638665 0.234167
vt 0.276000 0.576374
vt 0.412517 0.354777
vt 0.523360 0.614073
vt 0.390974 0.836450
vt 0.736126 0.614618
vt 0.275039 0.840805
vt 0.262581 0.831270
vt 0.474584 0.393301
vt 0.662820 0.310009
vt 0.659940 0.332557
vt 0.301974 0.301745
vt 0.298812 0.314833
vt 0.297125 0.304641
vt 0.700920 0.319456
vt 0.703151 0.292745
vt 0.726087 0.428868
vt 0.551950 0.571070
vt 0.550377 0.623121
vt 0.386102 0.281161
vt 0.649480 0.492052
vt 0.651606 0.468193
vt 0.336483 0.213345
vt 0.730920 0.626862
vt 0.745724 0.769722
vt 0.243642 0.530514
vt 0.395479 0.679364
vt 0.468972 0.800951
vt 0.496344 0.424390
vt 0.503307 0.404253
vt 0.508332 0.434674
vt 0.235402 0.145843
vt 0.255776 0.144450
vt 0.221055 0.858950
vt 0.221970 0.838817
vt 0.607055 0.327084
vt 0.486156 0.623968
vt 0.438635 0.697670
vt 0.337673 0.330010
vt 0.345769 0.343922
vt 0.393159 0.395185
vt 0.388760 0.425549
vt 0.522938 0.803486
vt 0.517016 0.805594
vt 0.748865 0.259790
vt 0.554942 0.334486
vt 0.560296 0.312499
vt 0.682350 0.868678
vt 0.664109 0.886263
vt 0.415221 0.337146
vt 0.689025 0.500858
vt 0.681600 0.615102
vt 0.679151 0.601552
vt 0.684093 0.603064
vt 0.229188 0.215989
vt 0.229562 0.197871
vt 0.581815 0.173162
vt 0.594277 0.152743
vt 0.602449 0.180798
vt 0.232869 0.176442
vt 0.237756 0.187561
vt 0.720374 0.153880
vt 0.581067 0.319975
vt 0.480610 0.922027
vt 0.222206 0.937344
vt 0.243031 0.907102
vt 0.238076 0.524374
vt 0.407921 0.705505
vt 0.780718 0.518020
vt 0.483762 0.833205
vt 0.480953 0.795220
vt 0.371286 0.718712
vt 0.609774 0.277172
vt 0.300251 0.709871
vt 0.425481 0.362867
vt 0.219274 0.850615
vt 0.713022 0.759993
vt 0.551573 0.219274
vt 0.606251 0.073466
vt 0.334984 0.347842
vt 0.327727 0.371393
vt 0.327916 0.327503
vt 0.360500 0.352511
vt 0.335872 0.824650
vt 0.319576 0.836944
vt 0.265164 0.118816
vt 0.285693 0.159858
vt 0.372343 0.221199
vt 0.367241 0.223608
vt 0.366634 0.212614
vt 0.447246 0.112083
vt 0.459880 0.083560
vt 0.675468 0.620875
vt 0.684625 0.436406
vt 0.705704 0.121062
vt 0.700448 0.128215
vt 0.777649 0.410612
vt 0.769587 0.413937
vt 0.773509 0.393659
vt 0.657252 0.590005
vt 0.654556 0.581238
vt 0.659904 0.576633
vt 0.750248 0.806049
vt 0.696240 0.336878
vt 0.692896 0.325669
vt 0.576813 0.740936
vt 0.583358 0.742400
vt 0.575750 0.769432
vt 0.759367 0.110256
vt 0.762212 0.093996
vt 0.352661 0.529368
vt 0.670141 0.341460
vt 0.220769 0.946980
vt 0.367737 0.822355
vt 0.362896 0.831587
vt 0.258014 0.385840
vt 0.334710 0.104984
vt 0.325126 0.118568
vt 0.743679 0.361541
vt 0.746661 0.329124
vt 0.572095 0.119954
vt 0.512480 0.572216
vt 0.506334 0.577988
vt 0.657262 0.654517
vt 0.658572 0.615007
vt 0.677978 0.492705
vt 0.685386 0.496938
vt 0.276243 0.429801
vt 0.299337 0.131913
vt 0.397288 0.659181
vt 0.760026 0.708437
vt 0.720093 0.368863
vt 0.255232 0.478482
vt 0.252654 0.435537
vt 0.248696 0.428814
vt 0.758857 0.607273
vt 0.464197 0.480160
vt 0.462223 0.493971
vt 0.591228 0.368371
vt 0.465669 0.409044
vt 0.772191 0.728185
vt 0.779159 0.742214
vt 0.276964 0.080259
vt 0.288453 0.964693
vt 0.661338 0.371366
vt 0.291461 0.532448
vt 0.280192 0.539251
vt 0.522730 0.438201
vt 0.571256 0.419431
vt 0.576127 0.446974
vt 0.569074 0.434919
vt 0.618435 0.419860
vt 0.359594 0.649156
vt 0.718329 0.743618
vt 0.694412 0.689883
vt 0.688342 0.686099
vt 0.569495 0.671422
vt 0.567074 0.688618
vt 0.753550 0.782295
vt 0.345079 0.500635
vt 0.356639 0.359172
vt 0.765934 0.658917
vt 0.769203 0.681470
vt 0.781458 0.696307
vt 0.781724 0.680817
vt 0.244846 0.419128
vt 0.693315 0.034765
vt 0.660219 0.015164
vt 0.654639 0.352502
vt 0.700210 0.464077
vt 0.298260 0.252295
vt 0.219770 0.792821
vt 0.357747 0.687244
vt 0.369034 0.700795
vt 0.235034 0.666592
vt 0.399940 0.411516
vt 0.498748 0.299304
vt 0.713692 0.135776
vt 0.712759 0.121458
vt 0.719177 0.065594
vt 0.389545 0.246685
vt 0.373166 0.242121
vt 0.379710 0.230367
vt 0.679359 0.435527
vt 0.681453 0.427347
vt 0.373456 0.589067
vt 0.417710 0.403869
vt 0.418656 0.392505
vt 0.425798 0.401456
vt 0.520315 0.857852
vt 0.230544 0.536267
vt 0.401474 0.074127
vt 0.371712 0.318032
vt 0.726866 0.469018
vt 0.331635 0.626529
vt 0.326542 0.612859
vt 0.482334 0.276270
vt 0.559193 0.630503
vt 0.221928 0.471195
vt 0.220041 0.453239
vt 0.709526 0.085788
vt 0.257888 0.255873
vt 0.371799 0.205300
vt 0.362685 0.197901
vt 0.311589 0.348835
vt 0.308574 0.367900
vt 0.306035 0.330046
vt 0.356380 0.983793
vt 0.445233 0.478793
vt 0.563107 0.543598
vt 0.387701 0.641146
vt 0.473193 0.551418
vt 0.383788 0.469137
vt 0.393838 0.451688
vt 0.393838 0.473464
vt 0.342286 0.512630
vt 0.466072 0.881366
vt 0.451887 0.869302
vt 0.463355 0.854262
vt 0.743862 0.638795
vt 0.736133 0.628618
vt 0.740828 0.608922
vt 0.597767 0.628598
vt 0.376726 0.643663
vt 0.730852 0.722511
vt 0.720149 0.719353
vt 0.680323 0.452281
vt 0.663891 0.587855
vt 0.267836 0.717249
vt 0.269915 0.700231
vt 0.421425 0.459812
vt 0.423387 0.438275
vt 0.738349 0.371643
vt 0.736523 0.358267
vt 0.731954 0.587722
vt 0.429505 0.384209
vt 0.423225 0.385545
vt 0.286444 0.301039
vt 0.304027 0.413381
vt 0.489647 0.072815
vt 0.539128 0.291171
vt 0.296415 0.512950
vt 0.618232 0.306354
vt 0.613010 0.294303
vt 0.387072 0.780924
vt 0.526741 0.409158
vt 0.256534 0.562607
vt 0.256424 0.531577
vt 0.261521 0.558252
vt 0.721138 0.592727
vt 0.723176 0.616533
vt 0.612551 0.385544
vt 0.570056 0.451711
vt 0.370704 0.296482
vt 0.375015 0.275759
vt 0.739782 0.552284
vt 0.486239 0.609799
vt 0.718347 0.477888
vt 0.586328 0.442233
vt 0.495792 0.755766
vt 0.244122 0.821109
vt 0.439788 0.193427
vt 0.427114 0.207428
vt 0.713857 0.844847
vt 0.391176 0.729596
vt 0.397915 0.734336
vt 0.758214 0.696418
vt 0.748989 0.691503
vt 0.376159 0.419067
vt 0.709961 0.331796
vt 0.385672 0.579299
vt 0.489161 0.443524
vt 0.395315 0.427551
vt 0.738293 0.304372
vt 0.733285 0.299377
vt 0.226199 0.598925
vt 0.655398 0.141921
vt 0.670503 0.154482
vt 0.642532 0.159567
vt 0.574594 0.933331
vt 0.264508 0.278812
vt 0.294403 0.224459
vt 0.224266 0.875903
vt 0.241822 0.886564
vt 0.230376 0.897216
vt 0.489150 0.602783
vt 0.491795 0.589895
vt 0.698649 0.557267
vt 0.449942 0.347871
vt 0.506939 0.332126
vt 0.511697 0.346848
vt 0.506607 0.350869
vt 0.505977 0.817013
vt 0.475553 0.635416
vt 0.609220 0.939743
vt 0.651835 0.916024
vt 0.408860 0.280478
vt 0.548752 0.304133
vt 0.546246 0.269564
vt 0.553907 0.285747
vt 0.443647 0.721017
vt 0.446634 0.691998
vt 0.689064 0.709037
vt 0.410655 0.484208
vt 0.730348 0.568650
vt 0.432384 0.712355
vt 0.364361 0.145381
vt 0.352623 0.164816
vt 0.338181 0.129081
vt 0.333172 0.167229
vt 0.323036 0.146491
vt 0.271725 0.144646
vt 0.267011 0.163989
vt 0.421134 0.866654
vt 0.401162 0.887848
vt 0.546323 0.691057
vt 0.543504 0.684698
vt 0.781361 0.858718
vt 0.558602 0.269116
vt 0.565750 0.289189
vt 0.700561 0.769837
vt 0.723285 0.278272
vt 0.411548 0.517359
vt 0.376084 0.547139
vt 0.710579 0.229285
vt 0.697920 0.290953
vt 0.329366 0.811964
vt 0.321105 0.209121
vt 0.327224 0.645843
vt 0.432557 0.444405
vt 0.690228 0.559815
vt 0.347951 0.606000
vt 0.377143 0.094377
vt 0.381390 0.073855
vt 0.519131 0.277105
vt 0.522277 0.237069
vt 0.621819 0.764593
vt 0.579621 0.251623
vt 0.587002 0.250392
vt 0.317345 0.435082
vt 0.548130 0.863361
vt 0.517609 0.207210
vt 0.532932 0.233814
vt 0.693058 0.282931
vt 0.255115 0.924573
vt 0.728379 0.300699
vt 0.415389 0.552857
vt 0.492964 0.954198
vt 0.398468 0.492963
vt 0.273417 0.889893
vt 0.292986 0.423921
vt 0.291554 0.403110
vt 0.344392 0.579954
vt 0.661653 0.640432
vt 0.663584 0.622165
vt 0.294153 0.903475
vt 0.360376 0.120625
vt 0.490299 0.628435
vt 0.617844 0.434933
vt 0.515759 0.331034
vt 0.309228 0.326474
vt 0.442092 0.547067
vt 0.440629 0.589438
vt 0.585844 0.353946
vt 0.625849 0.346735
vt 0.634617 0.347286
vt 0.628156 0.358084
vt 0.607011 0.439365
vt 0.611831 0.433241
vt 0.539110 0.256769
vt 0.548868 0.243403
vt 0.650563 0.443771
vt 0.342870 0.705605
vt 0.261262 0.847075
vt 0.725511 0.287397
vt 0.598806 0.709881
vt 0.614630 0.671725
vt 0.607697 0.716708
vt 0.394937 0.593168
vt 0.531460 0.729604
vt 0.404847 0.602267
vt 0.581999 0.466371
vt 0.675113 0.517744
vt 0.633516 0.393199
vt 0.626766 0.395405
vt 0.637568 0.363349
vt 0.633145 0.370101
vt 0.631495 0.364920
vt 0.335627 0.228315
vt 0.328335 0.241145
vt 0.485656 0.740822
vt 0.453389 0.735801
vt 0.487344 0.592441
vt 0.580261 0.684015
vt 0.356036 0.461361
vt 0.615085 0.785282
vt 0.648609 0.579084
vt 0.724716 0.551879
vt 0.454686 0.252311
vt 0.466867 0.239540
vt 0.461286 0.260269
vt 0.413292 0.280110
vt 0.436846 0.870140
vt 0.607431 0.338113
vt 0.524279 0.335825
vt 0.327580 0.720217
vt 0.760741 0.401648
vt 0.763837 0.420984
vt 0.358739 0.628830
vt 0.518824 0.826535
vt 0.676947 0.562891
vt 0.680571 0.545823
vt 0.668921 0.327269
vt 0.680285 0.632837
vt 0.371904 0.067064
vt 0.559897 0.690136
vt 0.432370 0.073056
vt 0.435450 0.319619
vt 0.478513 0.620814
vt 0.597577 0.368911
vt 0.621702 0.367330
vt 0.559839 0.244255
vt 0.287350 0.649782
vt 0.512885 0.612088
vt 0.698496 0.089674
vt 0.699319 0.399581
vt 0.542764 0.314803
vt 0.335417 0.783841
vt 0.515061 0.604723
vt 0.325403 0.289999
vt 0.631785 0.385912
vt 0.628140 0.380179
vt 0.716372 0.573181
vt 0.710104 0.555597
vt 0.716295 0.533049
vt 0.640272 0.343929
vt 0.699702 0.688489
vt 0.543691 0.663334
vt 0.416225 0.308644
vt 0.354994 0.061865
vt 0.779969 0.383403
vt 0.620496 0.389785
vt 0.663465 0.498184
vt 0.616561 0.491994
vt 0.451366 0.281069
vt 0.446197 0.255817
vt 0.247433 0.521316
vt 0.246832 0.491231
vt 0.384960 0.806603
vt 0.385641 0.820632
vt 0.645721 0.594917
vt 0.623111 0.191682
vt 0.224124 0.239096
vt 0.220680 0.210610
vt 0.473032 0.908015
vt 0.591686 0.689291
vt 0.335318 0.317610
vt 0.229149 0.864043
vt 0.359841 0.321303
vt 0.779674 0.839678
vt 0.779262 0.821920
vt 0.501049 0.311794
vt 0.445582 0.605011
vt 0.350063 0.245136
vt 0.425870 0.497453
vt 0.420608 0.507059
vt 0.741582 0.480372
vt 0.733557 0.461352
vt 0.734855 0.440016
vt 0.525026 0.870100
vt 0.300162 0.324983
vt 0.729541 0.755263
vt 0.746230 0.115794
vt 0.739083 0.431780
vt 0.676543 0.648941
vt 0.221849 0.073091
vt 0.220549 0.089580
vt 0.437050 0.841068
vt 0.426885 0.839272
vt 0.262639 0.395272
vt 0.379293 0.444711
vt 0.401278 0.384885
vt 0.447349 0.307610
vt 0.645754 0.872736
vt 0.635280 0.890881
vt 0.273388 0.516681
vt 0.321319 0.183960
vt 0.318603 0.170844
vt 0.244885 0.103063
vt 0.397225 0.403811
vt 0.679006 0.678112
vt 0.618758 0.659303
vt 0.615846 0.100755
vt 0.496377 0.552041
vt 0.780738 0.211116
vt 0.219645 0.543857
vt 0.549443 0.360625
vt 0.615037 0.906461
vt 0.593733 0.903245
vt 0.242610 0.344557
vt 0.257351 0.498788
vt 0.517281 0.405208
vt 0.722714 0.299056
vt 0.356322 0.333231
vt 0.302504 0.523458
vt 0.303958 0.501063
vt 0.525872 0.706370
vt 0.418237 0.602440
vt 0.658992 0.837833
vt 0.650845 0.819607
vt 0.584823 0.674925
vt 0.243224 0.188474
vt 0.502239 0.617314
vt 0.668089 0.513360
vt 0.415877 0.679730
vt 0.652237 0.681904
vt 0.571265 0.543163
vt 0.581450 0.519480
vt 0.663899 0.410364
vt 0.539101 0.618971
vt 0.328612 0.847006
vt 0.220162 0.590477
vt 0.476655 0.311385
vt 0.467951 0.307976
vt 0.552163 0.263460
vt 0.367568 0.184812
vt 0.471494 0.373737
vt 0.384002 0.444940
vt 0.576364 0.697798
vt 0.676049 0.753004
vt 0.219850 0.239582
vt 0.472592 0.727441
vt 0.612579 0.811510
vt 0.615072 0.835892
vt 0.637028 0.419223
vt 0.575644 0.463018
vt 0.569047 0.476559
vt 0.701964 0.707406
vt 0.563781 0.742993
vt 0.764323 0.723960
vt 0.290330 0.229006
vt 0.295136 0.241064
vt 0.490513 0.565945
vt 0.779936 0.108559
vt 0.664217 0.656127
vt 0.322339 0.328944
vt 0.626261 0.734846
vt 0.641025 0.726920
vt 0.266297 0.481713
vt 0.250792 0.850999
vt 0.781444 0.755034
vt 0.781202 0.768504
vt 0.428360 0.437008
vt 0.342662 0.768279
vt 0.392635 0.092827
vt 0.592959 0.737655
vt 0.639662 0.849280
vt 0.320796 0.649916
vt 0.622521 0.504214
vt 0.268786 0.511249
vt 0.260977 0.514674
vt 0.245144 0.167790
vt 0.391648 0.865247
vt 0.605905 0.647020
vt 0.613187 0.661620
vt 0.403301 0.938167
vt 0.567790 0.750815
vt 0.510365 0.808952
vt 0.603101 0.360394
vt 0.605396 0.356177
vt 0.319405 0.307464
vt 0.316605 0.328227
vt 0.766612 0.387565
vt 0.540951 0.675727
vt 0.781345 0.260737
vt 0.224836 0.204508
vt 0.458345 0.287175
vt 0.324295 0.768709
vt 0.598474 0.352510
vt 0.569886 0.518574
vt 0.253547 0.272097
vt 0.552747 0.809843
vt 0.318231 0.697023
vt 0.769916 0.484774
vt 0.777016 0.475079
vt 0.219994 0.612760
vt 0.224799 0.627144
vt 0.359559 0.084703
vt 0.686352 0.722028
vt 0.727804 0.260313
vt 0.754717 0.304885
vt 0.709768 0.577666
vt 0.520282 0.377229
vt 0.608241 0.421204
vt 0.479514 0.293128
vt 0.615862 0.611436
vt 0.605481 0.622083
vt 0.610340 0.580366
vt 0.676851 0.790748
vt 0.456743 0.929709
vt 0.325214 0.440407
vt 0.395628 0.802264
vt 0.577662 0.480135
vt 0.574118 0.491307
vt 0.220687 0.897858
vt 0.348047 0.800757
vt 0.425285 0.545256
vt 0.609085 0.480279
vt 0.781754 0.735750
vt 0.486586 0.558646
vt 0.555565 0.195335
vt 0.330803 0.439052
vt 0.764607 0.843277
vt 0.780442 0.808967
vt 0.613402 0.467476
vt 0.598670 0.531257
vt 0.539968 0.193193
vt 0.686520 0.617766
vt 0.583194 0.130136
vt 0.562157 0.160561
vt 0.507506 0.291007
vt 0.291839 0.559726
vt 0.450759 0.129942
vt 0.301357 0.444672
vt 0.348689 0.112447
vt 0.342084 0.233970
vt 0.743535 0.547358
vt 0.420976 0.529301
vt 0.377023 0.478183
vt 0.423887 0.705718
vt 0.427258 0.920686
vt 0.221113 0.730531
vt 0.220877 0.701385
vt 0.227051 0.713167
vt 0.753092 0.427320
vt 0.335379 0.276300
vt 0.468287 0.272765
vt 0.628046 0.852705
vt 0.315953 0.342763
vt 0.778093 0.792688
vt 0.779142 0.776454
vt 0.312554 0.312774
vt 0.536849 0.737750
vt 0.230965 0.025251
vt 0.224034 0.017470
vt 0.233851 0.240441
vt 0.239435 0.221609
vt 0.484291 0.357543
vt 0.747807 0.666501
vt 0.736691 0.662596
vt 0.626430 0.685797
vt 0.335114 0.189373
vt 0.778471 0.659056
vt 0.427776 0.231982
vt 0.439796 0.238686
vt 0.679177 0.471633
vt 0.374361 0.829572
vt 0.417312 0.704363
vt 0.776406 0.448443
vt 0.761664 0.452352
vt 0.478596 0.584817
vt 0.632067 0.464281
vt 0.632727 0.483236
vt 0.624344 0.555580
vt 0.266621 0.430735
vt 0.289499 0.321908
vt 0.780562 0.503985
vt 0.632637 0.527645
vt 0.289248 0.633893
vt 0.644792 0.666240
vt 0.329521 0.958510
vt 0.627638 0.169139
vt 0.636480 0.388573
vt 0.220893 0.149341
vt 0.732458 0.159179
vt 0.219805 0.654042
vt 0.770032 0.644607
vt 0.552196 0.774999
vt 0.255883 0.176563
vt 0.451150 0.718794
vt 0.312557 0.154737
vt 0.314177 0.229738
vt 0.589292 0.653518
vt 0.448040 0.818953
vt 0.630422 0.505000
vt 0.580663 0.207456
vt 0.718559 0.223882
vt 0.489781 0.859324
vt 0.778078 0.229768
vt 0.745761 0.456819
vt 0.754034 0.476019
vt 0.575600 0.581824
vt 0.782445 0.970658
vt 0.752534 0.979468
vt 0.514810 0.225797
vt 0.509140 0.259019
vt 0.316630 0.625298
vt 0.354427 0.352804
vt 0.676693 0.717439
vt 0.634032 0.317510
vt 0.602057 0.462094
vt 0.311476 0.706104
vt 0.707207 0.494775
vt 0.401998 0.620177
vt 0.478115 0.346329
vt 0.342061 0.476757
vt 0.715676 0.656880
vt 0.682866 0.181540
vt 0.304111 0.818920
vt 0.464406 0.608487
vt 0.684525 0.215329
vt 0.717131 0.618238
vt 0.724684 0.234334
vt 0.379510 0.793589
vt 0.671639 0.661425
vt 0.579599 0.617734
vt 0.781376 0.635309
vt 0.368257 0.945947
vt 0.400196 0.608192
vt 0.780346 0.147223
vt 0.465463 0.294669
vt 0.511134 0.317608
vt 0.219798 0.382275
vt 0.546213 0.778786
vt 0.582981 0.961225
vt 0.434026 0.543889
vt 0.522008 0.976901
vt 0.499674 0.256186
vt 0.501072 0.225959
vt 0.668119 0.848856
vt 0.304871 0.481904
vt 0.616933 0.555464
vt 0.559133 0.821604
vt 0.304491 0.546039
vt 0.477420 0.694147
vt 0.579313 0.601997
vt 0.621373 0.578050
vt 0.761448 0.494423
vt 0.529951 0.443524
vt 0.574609 0.717486
vt 0.515179 0.297465
vt 0.673203 0.501893
vt 0.444185 0.507926
vt 0.545680 0.207544
vt 0.571170 0.197265
vt 0.782063 0.051139
vt 0.326792 0.508087
vt 0.466290 0.570094
vt 0.780461 0.489834
vt 0.781338 0.474428
vt 0.343764 0.906958
vt 0.219718 0.285837
vt 0.616173 0.690203
vt 0.782186 0.227795
vt 0.617811 0.729498
vt 0.780821 0.312350
vt 0.499227 0.479407
vt 0.220327 0.921636
vt 0.221903 0.929661
vt 0.219244 0.743257
vt 0.227673 0.170449
vt 0.219331 0.164955
vt 0.219273 0.333819
vt 0.220948 0.183711
vt 0.767405 0.502989
vt 0.685512 0.664558
vt 0.219303 0.348567
vt 0.219052 0.342537
vt 0.318804 0.376954
vt 0.820834 0.004845
vt 0.219364 0.056740
vt 0.667557 0.965432
vt 0.672351 0.571901
vt 0.219214 0.169702
vt 0.219459 0.713458
vt 0.779611 0.132794
vt 0.236235 0.991388
vt 0.388215 0.998335
s 1
usemtl Material.001
f 909/1/1 690/2/2 814/3/3
f 1797/4/4 1591/5/5 1848/6/6
f 560/7/7 1964/8/8 946/9/9
f 1145/10/10 1197/11/11 630/12/12
f 2291/13/13 2491/14/14 2541/15/15
f 656/16/16 952/17/17 1369/18/18
f 2558/19/19 404/20/20 2141/21/21
f 2314/22/22 2278/23/23 2500/24/24
f 2015/25/25 2179/26/26 1935/27/27
f 2376/28/28 429/29/29 755/30/30
f 1910/31/31 689/32/32 1913/33/33
f 206/34/34 344/35/35 1721/36/36
f 979/37/37 360/38/38 479/39/39
f 877/40/40 1917/41/41 404/20/20
f 125/42/42 1442/43/43 798/44/44
f 785/45/45 500/46/46 445/47/47
f 510/48/48 1065/49/49 587/50/50
f 547/51/51 1150/52/52 1408/53/53
f 981/54/54 2067/55/55 1195/56/56
f 1473/57/57 1386/58/58 216/59/59
f 512/60/60 662/61/61 1785/62/62
f 625/63/63 2572/64/64 953/65/65
f 774/66/66 621/67/67 2304/68/68
f 487/69/69 1551/70/70 382/71/71
f 2357/72/72 2002/73/73 1629/74/74
f 693/75/75 699/76/76 1822/77/77
f 164/78/78 2106/79/79 688/80/80
f 1863/81/81 1544/82/82 1312/83/83
f 151/84/84 1069/85/85 2391/86/86
f 2134/87/87 2269/88/88 1953/89/89
f 2187/90/90 1534/91/91 2170/92/92
f 1876/93/93 262/94/94 1529/95/95
f 152/96/96 1493/97/97 2422/98/98
f 286/99/99 1967/100/100 2532/101/101
f 101/102/102 747/103/103 1211/104/104
f 2353/105/105 2226/106/106 2386/107/107
f 611/108/108 2391/86/86 231/109/109
f 1901/110/110 716/111/111 1213/112/112
f 874/113/113 207/114/114 817/115/115
f 2243/116/116 1416/117/117 293/118/118
f 1528/119/119 2122/120/120 1555/121/121
f 540/122/122 591/123/123 17/124/124
f 1429/125/125 745/126/126 1413/127/127
f 2259/128/128 804/129/129 2457/130/130
f 1543/131/131 368/132/132 352/133/133
f 392/134/134 597/135/135 2049/136/136
f 523/137/137 870/138/138 1915/139/139
f 281/140/140 2201/141/141 304/142/142
f 2308/143/143 1725/144/144 2312/145/145
f 788/146/146 1432/147/147 1990/148/148
f 998/149/149 1771/150/150 2567/151/151
f 127/152/152 1919/153/153 1501/154/154
f 856/155/155 931/156/156 898/157/157
f 2403/158/158 743/159/159 539/160/160
f 1452/161/161 230/162/162 24/163/163
f 2340/164/164 1946/165/165 910/166/166
f 764/167/167 1688/168/168 2037/169/169
f 1946/165/165 29/170/170 910/166/166
f 471/171/171 1978/172/172 1488/173/173
f 748/174/174 1124/175/175 528/176/176
f 1081/177/177 1953/89/89 1549/178/178
f 887/179/179 340/180/180 2328/181/181
f 2492/182/182 399/183/183 1995/184/184
f 1996/185/185 1625/186/186 1257/187/187
f 1048/188/188 1523/189/189 202/190/190
f 2287/191/191 2561/192/192 2191/193/193
f 1736/194/194 1614/195/195 566/196/196
f 370/197/197 289/198/198 1010/199/199
f 1039/200/200 523/201/137 2476/202/201
f 1780/203/202 517/204/203 401/205/204
f 85/206/205 369/207/206 2380/208/207
f 790/209/208 2405/210/209 510/48/48
f 2366/211/210 1394/212/211 1179/213/212
f 1393/214/213 740/215/214 2339/216/215
f 2268/217/216 167/218/217 2459/219/218
f 1363/220/219 1727/221/220 1163/222/221
f 558/223/222 338/224/223 1017/225/224
f 2273/226/225 238/227/226 2526/228/227
f 2169/229/228 1730/230/229 2056/231/230
f 270/232/231 2375/233/232 538/234/233
f 585/235/234 261/236/235 2129/237/236
f 178/238/237 2531/239/238 2148/240/239
f 1818/241/240 956/242/241 1390/243/242
f 393/244/243 2395/245/244 1203/246/245
f 842/247/246 1659/248/247 78/249/248
f 166/250/249 1031/251/250 1608/252/251
f 278/253/252 277/254/253 2015/25/25
f 2512/255/254 2457/130/130 459/256/255
f 1603/257/256 313/258/257 2363/259/258
f 1972/260/259 803/261/260 407/262/261
f 66/263/262 2267/264/263 242/265/264
f 771/266/265 2418/267/266 329/268/267
f 1110/269/268 1636/270/269 1521/271/270
f 1823/272/271 1294/273/272 415/274/273
f 851/275/274 1810/276/275 691/277/276
f 190/278/277 195/279/278 1301/280/279
f 801/281/280 2402/282/281 2050/283/282
f 246/284/283 1224/285/284 623/286/285
f 2212/287/286 2141/21/21 691/277/276
f 1828/288/287 767/289/288 687/290/289
f 104/291/290 2317/292/291 82/293/292
f 1940/294/293 2121/295/294 321/296/295
f 1263/297/296 2247/298/297 1084/299/298
f 319/300/299 2100/301/300 280/302/301
f 2116/303/302 2513/304/303 688/80/80
f 1852/305/304 928/306/305 1523/189/189
f 1132/307/306 1879/308/307 1704/309/308
f 1174/310/309 1010/199/199 1020/311/310
f 1581/312/311 1166/313/312 1005/314/313
f 767/289/288 498/315/314 687/290/289
f 1786/316/315 1265/317/316 2494/318/317
f 240/319/318 2270/320/319 2032/321/320
f 967/322/321 1770/323/322 1107/324/323
f 765/325/324 598/326/325 462/327/326
f 144/328/327 2446/329/328 577/330/329
f 1320/331/330 150/332/331 300/333/332
f 656/16/16 2153/334/333 952/17/17
f 337/335/334 1469/336/335 412/337/336
f 487/69/69 382/71/71 2262/338/337
f 1984/339/338 2278/23/23 2314/22/22
f 1368/340/339 2173/341/340 1717/342/341
f 2050/283/282 297/343/342 361/344/343
f 83/345/344 1983/346/345 733/347/346
f 162/348/347 2504/349/348 874/113/113
f 1907/350/349 120/351/350 90/352/351
f 2273/226/225 351/353/352 1902/354/353
f 1299/355/354 62/356/355 2308/143/143
f 1565/357/356 2252/358/357 720/359/358
f 1691/360/359 1144/361/360 1723/362/361
f 2137/363/362 2309/364/363 493/365/364
f 1012/366/365 1407/367/366 2520/368/367
f 732/369/368 11/370/369 1927/371/370
f 1034/372/371 1114/373/372 264/374/373
f 896/375/374 676/376/375 1162/377/376
f 2014/378/377 705/379/378 401/205/204
f 2414/380/379 2300/381/380 1781/382/381
f 254/383/382 1846/384/383 2326/385/384
f 216/59/59 1386/58/58 1892/386/385
f 1522/387/386 1668/388/387 2488/389/388
f 1969/390/389 440/391/390 2392/392/391
f 2111/393/392 284/394/393 1606/395/394
f 1862/396/395 1213/112/112 729/397/396
f 528/176/176 1836/398/397 397/399/398
f 1770/323/322 558/223/222 1017/225/224
f 138/400/399 1592/401/400 1866/402/401
f 2108/403/402 104/291/290 1470/404/403
f 2364/405/404 2027/406/405 102/407/406
f 281/140/140 975/408/407 2201/141/141
f 945/409/408 206/34/34 937/410/409
f 1735/411/410 1510/412/411 806/413/412
f 2471/414/413 593/415/414 235/416/415
f 684/417/416 737/418/417 853/419/418
f 1550/420/419 2243/116/116 335/421/420
f 2144/422/421 1074/423/422 1405/424/423
f 418/425/424 544/426/425 873/427/426
f 1078/428/427 1009/429/428 719/430/429
f 1637/431/430 1812/432/431 280/302/301
f 1668/388/387 989/433/432 2169/229/228
f 557/434/433 2336/435/434 1039/200/200
f 1054/436/435 799/437/436 515/438/437
f 799/437/436 243/439/438 1832/440/439
f 801/281/280 1657/441/440 336/442/441
f 899/443/442 2528/444/443 1572/445/444
f 1671/446/445 969/447/446 187/448/447
f 679/449/448 1630/450/449 2206/451/450
f 2477/452/451 151/84/84 2391/86/86
f 1337/453/452 2511/454/453 1466/455/454
f 1081/177/177 1549/178/178 567/456/455
f 862/457/456 408/458/457 463/459/458
f 56/460/459 1879/308/307 1087/461/460
f 589/462/461 1495/463/462 345/464/463
f 2263/465/464 704/466/465 2152/467/466
f 1202/468/467 2088/469/468 2547/470/469
f 45/471/470 2177/472/471 548/473/472
f 1477/474/473 620/475/474 2313/476/475
f 650/477/476 1151/478/477 334/479/478
f 323/480/479 1078/428/427 1103/481/480
f 682/482/481 1601/483/482 1108/484/483
f 909/1/1 2308/143/143 690/2/2
f 2439/485/484 1165/486/485 1698/487/486
f 317/488/487 1568/489/488 1519/490/489
f 802/491/490 1972/260/259 407/262/261
f 197/492/491 135/493/492 752/494/493
f 2296/495/494 710/496/495 722/497/496
f 1493/97/97 1777/498/497 2422/98/98
f 1098/499/498 5/500/499 1344/501/500
f 624/502/501 2328/181/181 374/503/502
f 2086/504/503 1370/505/504 2399/506/505
f 1568/489/488 1650/507/506 1775/508/507
f 317/488/487 1650/507/506 1568/489/488
f 1652/509/508 1054/436/435 515/438/437
f 402/510/509 411/511/510 1497/512/511
f 1533/513/512 513/514/513 1796/515/514
f 26/516/515 2397/517/516 1876/93/93
f 761/518/517 854/519/518 661/520/519
f 2216/521/520 2190/522/521 2398/523/522
f 2047/524/523 558/223/222 967/322/321
f 43/525/524 197/492/491 1930/526/525
f 2292/527/526 1852/305/304 1523/189/189
f 2207/528/527 919/529/528 2258/530/529
f 1243/531/530 733/347/346 1983/346/345
f 1735/411/410 265/532/531 1510/412/411
f 1552/533/532 1275/534/533 995/535/534
f 1897/536/535 2036/537/536 734/538/537
f 1860/539/538 309/540/539 1638/541/540
f 667/542/541 115/543/542 1047/544/543
f 2572/64/64 1977/545/544 1514/546/545
f 256/547/546 1882/548/547 2096/549/548
f 1633/550/549 1109/551/550 579/552/551
f 2210/553/552 394/554/553 2440/555/554
f 1960/556/555 2444/557/556 1394/212/211
f 356/558/557 1558/559/558 425/560/559
f 1763/561/560 116/562/561 2005/563/562
f 1763/561/560 1611/564/563 116/562/561
f 1089/565/564 2490/566/565 1131/567/566
f 1/568/567 2569/569/568 2299/570/569
f 275/571/570 850/572/571 1613/573/572
f 190/278/277 2477/452/451 676/376/375
f 907/574/573 999/575/574 90/352/351
f 1423/576/575 1561/577/576 1022/578/577
f 366/579/578 1160/580/579 1220/581/580
f 545/582/581 2026/583/582 274/584/583
f 2034/585/584 1558/559/558 356/558/557
f 726/586/585 2047/524/523 1219/587/586
f 722/497/496 710/496/495 269/588/587
f 6/589/588 2381/590/589 1347/591/590
f 2234/592/591 697/593/592 669/594/593
f 1451/595/594 1055/596/595 69/597/596
f 878/598/597 306/599/598 771/266/265
f 29/170/170 150/332/331 161/600/599
f 2183/601/600 410/602/601 156/603/602
f 790/209/208 1502/604/603 1559/605/604
f 102/407/406 1421/606/605 784/607/606
f 994/608/607 2312/145/145 759/609/608
f 2403/158/158 783/610/609 983/611/610
f 539/160/160 783/610/609 2403/158/158
f 1378/612/611 170/613/612 630/12/12
f 1093/614/613 799/437/436 257/615/614
f 1975/616/615 1270/617/616 693/75/75
f 1086/618/617 2196/619/618 1069/85/85
f 1384/620/619 734/538/537 2036/537/536
f 2186/621/620 2147/622/621 2294/623/622
f 987/624/623 2225/625/624 1048/188/188
f 905/626/625 1098/499/498 811/627/626
f 1098/499/498 1113/628/627 811/627/626
f 1587/629/628 551/630/629 330/631/630
f 724/632/631 527/633/632 1083/634/633
f 586/635/634 342/636/635 160/637/636
f 575/638/637 1844/639/638 2310/640/639
f 2420/641/640 780/642/641 388/643/642
f 2080/644/643 1407/367/366 1012/366/365
f 1080/645/644 1439/646/645 708/647/646
f 1693/648/647 1461/649/648 1422/650/649
f 835/651/650 330/631/630 1245/652/651
f 62/356/355 1712/653/652 1725/144/144
f 772/654/653 292/655/654 4/656/655
f 1687/657/656 884/658/657 957/659/658
f 2506/660/659 1740/661/660 2079/662/661
f 434/663/662 884/658/657 1687/657/656
f 373/664/663 684/417/416 993/665/664
f 184/666/665 1692/667/666 46/668/667
f 631/669/668 175/670/669 1499/671/670
f 2245/672/671 1362/673/672 2407/674/673
f 967/322/321 558/223/222 1770/323/322
f 310/675/674 219/676/675 1837/677/676
f 177/678/677 246/284/283 623/286/285
f 1138/679/678 26/516/515 1529/95/95
f 2160/680/679 935/681/680 564/682/681
f 233/683/682 458/684/683 1187/685/684
f 2260/686/685 1651/687/686 1310/688/687
f 1831/689/688 1217/690/689 1994/691/690
f 2494/318/317 1813/692/691 747/103/103
f 1088/693/692 238/227/226 960/694/693
f 1037/695/694 472/696/695 1609/697/696
f 2220/698/697 2377/699/698 1688/168/168
f 668/700/699 1577/701/700 426/702/701
f 2524/703/702 564/682/681 175/670/669
f 1943/704/703 545/582/581 2352/705/704
f 1219/587/586 2047/524/523 967/322/321
f 966/706/705 890/707/706 118/708/707
f 1440/709/708 1146/710/709 343/711/710
f 1080/645/644 2179/26/26 277/254/253
f 518/712/711 897/713/712 616/714/713
f 243/439/438 2181/715/714 1832/440/439
f 346/716/715 2010/717/716 721/718/717
f 250/719/718 496/720/719 2390/721/720
f 1911/722/721 1327/723/722 1427/724/723
f 89/725/724 1410/726/725 723/727/726
f 2580/728/727 1125/729/728 1121/730/729
f 1249/731/730 1006/732/731 21/733/732
f 982/734/733 188/735/734 2072/736/735
f 1696/737/736 736/738/737 2115/739/738
f 982/734/733 1719/740/739 188/735/734
f 1105/741/740 1875/742/741 1856/743/742
f 1029/744/743 936/745/744 1938/746/745
f 1051/747/746 343/711/710 350/748/747
f 1452/161/161 1059/749/748 230/162/162
f 1531/750/749 665/751/750 582/752/751
f 283/753/752 1764/754/753 642/755/754
f 1288/756/755 13/757/756 2176/758/757
f 2533/759/758 2131/760/759 1256/761/760
f 1344/501/500 1207/762/761 1335/763/762
f 824/764/763 1696/737/736 2115/739/738
f 1058/765/764 252/766/765 2058/767/766
f 1974/768/767 762/769/768 646/770/769
f 395/771/770 2498/772/771 1025/773/772
f 646/770/769 1030/774/773 894/775/774
f 1995/184/184 971/776/775 2404/777/776
f 933/778/777 971/776/775 1995/184/184
f 2477/452/451 1489/779/778 709/780/779
f 84/781/780 2384/782/781 572/783/782
f 770/784/783 1360/785/784 251/786/785
f 2174/787/786 1250/788/787 39/789/788
f 1391/790/789 2166/791/790 943/792/791
f 1416/117/117 2378/793/792 293/118/118
f 291/794/793 2188/795/794 1294/273/272
f 86/796/795 376/797/796 2382/798/797
f 766/799/798 954/800/799 1183/801/800
f 1903/802/801 1632/803/802 1593/804/803
f 1575/805/804 2396/806/805 942/807/806
f 1218/808/807 2030/809/808 2252/358/357
f 394/554/553 2270/320/319 240/319/318
f 760/810/809 1179/213/212 596/811/810
f 1313/812/811 2513/304/303 1774/813/812
f 644/814/813 680/815/814 1279/816/815
f 1134/817/816 490/818/817 782/819/818
f 1967/100/100 232/820/819 825/821/820
f 871/822/821 1485/823/822 1450/824/823
f 1959/825/824 1/568/567 2299/570/569
f 1646/826/825 2213/827/826 746/828/827
f 2090/829/828 1192/830/829 65/831/830
f 563/832/831 738/833/832 73/834/833
f 1608/252/251 402/510/509 1497/512/511
f 1401/835/834 847/836/835 1514/546/545
f 485/837/836 1724/838/837 2196/619/618
f 103/839/838 2201/141/141 649/840/839
f 793/841/840 2401/842/841 2390/721/720
f 2099/843/842 1252/844/843 1267/845/844
f 57/846/845 1087/461/460 1380/847/846
f 2168/848/847 125/42/42 627/849/848
f 97/850/849 633/851/850 723/727/726
f 755/30/30 2200/852/851 1633/550/549
f 1188/853/852 1566/854/853 2410/855/854
f 2330/856/855 821/857/856 929/858/857
f 297/343/342 2050/283/282 1532/859/858
f 334/479/478 1151/478/477 1768/860/859
f 223/861/860 1211/104/104 1256/761/760
f 788/146/146 2012/862/861 1598/863/862
f 821/857/856 2377/699/698 929/858/857
f 2170/92/92 2003/864/863 571/865/864
f 185/866/865 2195/867/866 1220/581/580
f 1462/868/867 1568/489/488 1775/508/507
f 1351/869/868 817/115/115 1340/870/869
f 672/871/870 565/872/871 1106/873/872
f 2075/874/873 981/54/54 1492/875/874
f 1108/484/483 941/876/875 248/877/876
f 591/123/123 1130/878/877 17/124/124
f 755/30/30 1633/550/549 1793/879/878
f 1571/880/879 1640/881/880 286/99/99
f 307/882/881 1327/723/722 2393/883/882
f 233/683/682 1187/685/684 2246/884/883
f 1979/885/884 486/886/885 1001/887/886
f 234/888/887 1208/889/888 1094/890/889
f 814/3/3 690/2/2 600/891/890
f 1260/892/891 1315/893/892 2119/894/893
f 2518/895/894 2432/896/895 1375/897/896
f 2401/842/841 533/898/897 1110/269/268
f 2265/899/898 2419/900/899 1210/901/900
f 517/204/203 2299/570/569 401/205/204
f 1355/902/901 547/51/51 1084/299/298
f 384/903/902 1673/904/903 1240/905/904
f 411/511/510 336/442/441 1657/441/440
f 1467/906/905 750/907/906 938/908/907
f 1319/909/908 1197/11/11 1145/10/10
f 1547/910/909 2309/364/363 1695/911/910
f 292/655/654 1545/912/911 2162/913/912
f 2249/914/913 1759/915/914 88/916/915
f 1724/838/837 1551/70/70 487/69/69
f 705/379/378 2014/378/377 1987/917/916
f 1388/918/917 2522/919/918 1823/272/271
f 2057/920/919 1139/921/920 2578/922/921
f 80/923/922 996/924/923 38/925/924
f 2382/798/797 376/797/796 1175/926/925
f 2545/927/926 860/928/927 498/315/314
f 2054/929/928 297/343/342 247/930/929
f 1371/931/930 1459/932/931 2001/933/932
f 210/934/933 2389/935/934 1172/936/935
f 1575/805/804 942/807/806 1246/937/936
f 1344/501/500 1335/763/762 1098/499/498
f 1699/938/937 526/939/938 986/940/939
f 1355/902/901 840/941/940 1451/595/594
f 2426/942/941 2055/943/942 728/944/943
f 160/637/636 973/945/944 553/946/945
f 1208/889/888 326/947/946 198/948/947
f 231/109/109 1724/838/837 487/69/69
f 687/290/289 498/315/314 922/949/948
f 231/109/109 487/69/69 643/950/949
f 1282/951/950 16/952/951 688/80/80
f 902/953/952 878/598/597 1305/954/953
f 1488/173/173 2277/955/954 809/956/955
f 2340/164/164 1153/957/956 1946/165/165
f 1282/951/950 1936/958/957 1648/959/958
f 375/960/959 580/961/960 841/962/961
f 1744/963/962 780/642/641 2420/641/640
f 178/238/237 613/964/963 1081/177/177
f 818/965/964 1614/195/195 1736/194/194
f 2266/966/965 2576/967/966 723/727/726
f 1347/591/590 1997/968/967 2474/969/968
f 2527/970/969 1788/971/970 2094/972/971
f 1119/973/972 40/974/973 2305/975/974
f 1475/976/975 686/977/976 2536/978/977
f 2039/979/978 224/980/979 1268/981/980
f 1820/982/981 2487/983/982 462/327/326
f 625/63/63 953/65/65 1167/984/983
f 6/589/588 684/417/416 2381/590/589
f 2305/975/974 461/985/984 1778/986/985
f 2192/987/986 526/939/938 1343/988/987
f 2457/130/130 2512/255/254 1170/989/988
f 686/977/976 222/990/989 2536/978/977
f 1071/991/990 1909/992/991 607/993/992
f 883/994/993 761/518/517 661/520/519
f 1836/398/397 2113/995/994 1746/996/995
f 2529/997/996 173/998/997 922/949/948
f 2415/999/998 1520/1000/999 1155/1001/1000
f 535/1002/1001 11/370/369 732/369/368
f 2135/1003/1002 279/1004/1003 852/1005/1004
f 1602/1006/1005 1188/853/852 2338/1007/1006
f 2232/1008/1007 1962/1009/1008 1629/74/74
f 84/781/780 1344/501/500 5/500/499
f 1715/1010/1009 1871/1011/1010 1716/1012/1011
f 1716/1012/1011 993/665/664 1715/1010/1009
f 967/322/321 1107/324/323 1219/587/586
f 885/1013/1012 1973/1014/1013 281/140/140
f 281/140/140 50/1015/1014 1162/377/376
f 234/888/887 1094/890/889 588/1016/1015
f 396/1017/1016 2250/1018/1017 2253/1019/1018
f 2478/1020/1019 1588/1021/1020 1129/1022/1021
f 82/293/292 2347/1023/1022 1470/404/403
f 329/268/267 696/1024/1023 771/266/265
f 308/1025/1024 603/1026/1025 170/613/612
f 2154/1027/1026 342/636/635 412/337/336
f 2247/298/297 1355/902/901 1084/299/298
f 2095/1028/1027 316/1029/1028 2491/14/14
f 617/1030/1029 2333/1031/1030 2017/1032/1031
f 1000/1033/1032 1238/1034/1033 838/1035/1034
f 1238/1034/1033 812/1036/1035 991/1037/1036
f 1070/1038/1037 1160/580/579 139/1039/1038
f 2219/1040/1039 713/1041/1040 680/815/814
f 571/865/864 1231/1042/1041 290/1043/1042
f 697/593/592 2234/592/591 127/152/152
f 1556/1044/1043 2426/942/941 695/1045/1044
f 1026/1046/1045 1355/902/901 1451/595/594
f 652/1047/1046 1227/1048/1047 115/543/542
f 68/1049/1048 838/1035/1034 61/1050/1049
f 2099/843/842 992/1051/1050 1252/844/843
f 1619/1052/1051 114/1053/1052 65/831/830
f 1556/1044/1043 695/1045/1044 1124/175/175
f 1191/1054/1053 2428/1055/1054 215/1056/1055
f 792/1057/1056 595/1058/1057 60/1059/1058
f 980/1060/1059 982/734/733 2072/736/735
f 190/278/277 151/84/84 2477/452/451
f 1637/431/430 385/1061/1060 954/800/799
f 815/1062/1061 338/224/223 1036/1063/1062
f 2155/1064/1063 609/1065/1064 1709/1066/1065
f 508/1067/1066 918/1068/1067 1654/1069/1068
f 1051/747/746 1234/1070/1069 343/711/710
f 2449/1071/1070 273/1072/1071 1702/1073/1072
f 1248/1074/1073 202/190/190 928/306/305
f 795/1075/1074 1399/1076/1075 889/1077/1076
f 569/1078/1077 2147/622/621 1744/963/962
f 890/707/706 961/1079/1078 118/708/707
f 1623/1080/1079 837/1081/1080 236/1082/1081
f 1474/1083/1082 1072/1084/1083 1015/1085/1084
f 1037/695/694 897/713/712 183/1086/1085
f 1491/1087/1086 1924/1088/1087 1328/1089/1088
f 1920/1090/1089 1803/1091/1090 1014/1092/1091
f 298/1093/1092 898/157/157 931/156/156
f 2036/537/536 1897/536/535 157/1094/1093
f 58/1095/1094 1939/1096/1095 320/1097/1096
f 1417/1098/1097 267/1099/1098 1595/1100/1099
f 2401/842/841 143/1101/1100 1552/533/532
f 317/488/487 1519/490/489 2204/1102/1101
f 1373/1103/1102 1990/148/148 1432/147/147
f 1537/1104/1103 728/944/943 485/837/836
f 52/1105/1104 751/1106/1105 203/1107/1106
f 1632/803/802 834/1108/1107 1593/804/803
f 2440/555/554 112/1109/1108 1717/342/341
f 530/1110/1109 678/1111/1110 321/296/295
f 321/296/295 1806/1112/1111 530/1110/1109
f 834/1108/1107 1660/1113/1112 1599/1114/1113
f 1306/1115/1114 834/1108/1107 1632/803/802
f 1462/868/867 861/1116/1115 1519/490/489
f 1900/1117/1116 2445/1118/1117 1687/657/656
f 734/538/537 1384/620/619 815/1062/1061
f 1859/1119/1118 1574/1120/1119 434/663/662
f 2203/1121/1120 669/594/593 697/593/592
f 1850/1122/1121 1621/1123/1122 352/133/133
f 2062/1124/1123 943/792/791 1697/1125/1124
f 428/1126/1125 1644/1127/1126 1454/1128/1127
f 2454/1129/1128 714/1130/1129 389/1131/1130
f 1392/1132/1131 414/1133/1132 1838/1134/1133
f 606/1135/1134 739/1136/1135 355/1137/1136
f 32/1138/1137 729/397/396 2140/1139/1138
f 804/129/129 2191/193/193 459/256/255
f 1466/455/454 1838/1134/1133 132/1140/1139
f 217/1141/1140 30/1142/1141 1163/222/221
f 948/1143/1142 200/1144/1143 2155/1064/1063
f 753/1145/1144 2417/1146/1145 332/1147/1146
f 2489/1148/1147 2090/829/828 204/1149/1148
f 1081/177/177 1096/1150/1149 2464/1151/1150
f 135/493/492 1389/1152/1151 861/1116/1115
f 900/1153/1152 487/69/69 2262/338/337
f 257/615/614 1365/1154/1153 1093/614/613
f 2239/1155/1154 2233/1156/1155 313/258/257
f 1447/1157/1156 2077/1158/1157 959/1159/1158
f 2248/1160/1159 447/1161/1160 1292/1162/1161
f 1090/1163/1162 1262/1164/1163 1181/1165/1164
f 416/1166/1165 2584/1167/1166 1463/1168/1167
f 786/1169/1168 1725/144/144 1712/653/652
f 1103/481/480 1078/428/427 719/430/429
f 338/224/223 815/1062/1061 2499/1170/1169
f 1770/323/322 1017/225/224 1874/1171/1170
f 2295/1172/1171 1214/1173/1172 2103/1174/1173
f 1705/1175/1174 1672/1176/1175 79/1177/1176
f 2080/644/643 794/1178/1177 1407/367/366
f 794/1178/1177 2080/644/643 1814/1179/1178
f 1827/1180/1179 766/799/798 1679/1181/1180
f 1636/270/269 465/1182/1181 341/1183/1182
f 96/1184/1183 158/1185/1184 14/1186/1185
f 2259/128/128 1734/1187/1186 567/456/455
f 2188/795/794 1094/890/889 1208/889/888
f 1417/1098/1097 1595/1100/1099 1144/361/360
f 1116/1188/1187 2565/1189/1188 2174/787/786
f 2340/164/164 663/1190/1189 1153/957/956
f 2085/1191/1190 2388/1192/1191 1581/312/311
f 2504/349/348 162/348/347 1209/1193/1192
f 1052/1194/1193 64/1195/1194 243/439/438
f 307/882/881 1310/688/687 1327/723/722
f 2532/101/101 932/1196/1195 492/1197/1196
f 13/757/756 789/1198/1197 2176/758/757
f 672/871/870 310/675/674 1320/331/330
f 6/589/588 1347/591/590 413/1199/1198
f 975/408/407 1374/1200/1199 657/1201/1200
f 1339/1202/1201 1699/938/937 270/232/231
f 177/678/677 623/286/285 1905/1203/1202
f 1479/1204/1203 1478/1205/1204 1222/1206/1205
f 1657/441/440 777/1207/1206 424/1208/1207
f 2145/1209/1208 396/1017/1016 1524/1210/1209
f 457/1211/1210 555/1212/1211 624/502/501
f 2391/86/86 611/108/108 1152/1213/1212
f 1401/835/834 553/946/945 973/945/944
f 130/1214/1213 385/1061/1060 2069/1215/1214
f 1434/1216/1215 1875/742/741 1918/1217/1216
f 1790/1218/1217 1828/288/287 1965/1219/1218
f 85/206/205 1401/835/834 973/945/944
f 1404/1220/1219 1031/251/250 842/247/246
f 547/51/51 2104/1221/1220 1150/52/52
f 633/851/850 617/1030/1029 531/1222/1221
f 465/1182/1181 1636/270/269 1110/269/268
f 2238/1223/1222 67/1224/1223 930/1225/1224
f 1974/768/767 646/770/769 985/1226/1225
f 151/84/84 190/278/277 1301/280/279
f 1028/1227/1226 699/76/76 1270/617/616
f 2023/1228/1227 559/1229/1228 1756/1230/1229
f 1902/354/353 2135/1003/1002 2273/226/225
f 2165/1231/1230 1383/1232/1231 1631/1233/1232
f 1248/1074/1073 966/706/705 2073/1234/1233
f 1090/1163/1162 1181/1165/1164 2518/895/894
f 2317/292/291 104/291/290 2199/1235/1234
f 1/568/567 639/1236/1235 2569/569/568
f 1860/539/538 1434/1216/1215 361/344/343
f 2339/216/215 1826/1237/1236 1393/214/213
f 1872/1238/1237 1533/513/512 1796/515/514
f 1317/1239/1238 1476/1240/1239 1748/1241/1240
f 1476/1240/1239 683/1242/1241 2350/1243/1242
f 214/1244/1243 811/627/626 358/1245/1244
f 1371/931/930 924/1246/1245 1459/932/931
f 2505/1247/1246 2031/1248/1247 1317/1239/1238
f 338/224/223 302/1249/1248 1017/225/224
f 2504/349/348 1209/1193/1192 1361/1250/1249
f 1689/1251/1250 436/1252/1251 1972/260/259
f 146/1253/1252 188/735/734 1854/1254/1253
f 479/39/39 2257/1255/1254 2501/1256/1255
f 970/1257/1256 2263/465/464 2152/467/466
f 2032/321/320 704/466/465 1018/1258/1257
f 2294/623/622 433/1259/1258 1543/131/131
f 635/1260/1259 2332/1261/1260 669/594/593
f 891/1262/1261 1277/1263/1262 2389/935/934
f 1107/324/323 1770/323/322 1531/750/749
f 597/135/135 392/134/134 2356/1264/1263
f 871/822/821 1450/824/823 823/1265/1264
f 1170/989/988 2256/1266/1265 2259/128/128
f 643/950/949 487/69/69 900/1153/1152
f 131/1267/1266 1270/617/616 1975/616/615
f 137/1268/1267 154/1269/1268 1309/1270/1269
f 953/65/65 1560/1271/1270 1732/1272/1271
f 1555/121/121 1569/1273/1272 1528/119/119
f 778/1274/1273 1605/1275/1274 2189/1276/1275
f 1975/616/615 357/1277/1276 131/1267/1266
f 2436/1278/1277 1257/187/187 2267/264/263
f 1523/189/189 1508/1279/1278 1484/1280/1279
f 1285/1281/1280 264/374/373 1749/1282/1281
f 1632/803/802 1903/802/801 1341/1283/1282
f 534/1284/1283 1383/1232/1231 963/1285/1284
f 27/1286/1285 2123/1287/1286 2127/1288/1287
f 245/1289/1288 711/1290/1289 481/1291/1290
f 1392/1132/1131 1454/1128/1127 1644/1127/1126
f 2403/158/158 983/611/610 1309/1270/1269
f 2403/158/158 1559/605/604 743/159/159
f 1335/763/762 2080/644/643 1113/628/627
f 2230/1292/1291 2363/259/258 879/1293/1292
f 141/1294/1293 2412/1295/1294 694/1296/1295
f 1035/1297/1296 541/1298/1297 1424/1299/1298
f 1940/294/293 321/296/295 2538/1300/1299
f 2228/1301/1300 1690/1302/1301 2039/979/978
f 1226/1303/1302 1312/83/83 1241/1304/1303
f 2242/1305/1304 499/1306/1305 2116/303/302
f 397/399/398 737/418/417 2013/1307/1306
f 2098/1308/1307 2038/1309/1308 1164/1310/1309
f 435/1311/1310 1010/199/199 1174/310/309
f 157/1094/1093 156/603/602 1589/1312/1311
f 1418/1313/1312 111/1314/1313 868/1315/1314
f 2282/1316/1315 1582/1317/1316 1356/1318/1317
f 204/1149/1148 2090/829/828 65/831/830
f 1443/1319/1318 1192/830/829 2458/1320/1319
f 1667/1321/1320 1049/1322/1321 456/1323/1322
f 1341/1283/1282 443/1324/1323 1632/803/802
f 1670/1325/1324 1225/1326/1325 1821/1327/1326
f 2356/1264/1263 128/1328/1327 1714/1329/1328
f 816/1330/1329 2263/465/464 113/1331/1330
f 123/1332/1331 1800/1333/1332 1726/1334/1333
f 986/940/939 2375/233/232 270/232/231
f 2065/1335/1334 1857/1336/1335 105/1337/1336
f 862/457/456 760/810/809 596/811/810
f 835/651/650 1938/746/745 1189/1338/1337
f 1342/1339/1338 1544/82/82 2470/1340/1339
f 360/38/38 723/727/726 7/1341/1340
f 2521/1342/1341 2140/1139/1138 2452/1343/1342
f 76/1344/1343 62/356/355 1299/355/354
f 914/1345/1344 462/327/326 598/326/325
f 579/552/551 2207/528/527 1793/879/878
f 64/1195/1194 1947/1346/1345 584/1347/1346
f 461/985/984 1271/1348/1347 1778/986/985
f 1588/1021/1020 2478/1020/1019 1722/1349/1348
f 839/1350/1349 2187/90/90 2170/92/92
f 68/1049/1048 354/1351/1350 2157/1352/1351
f 473/1353/1352 1080/645/644 37/1354/1353
f 757/1355/1354 2307/1356/1355 758/1357/1356
f 2552/1358/1357 2318/1359/1358 1677/1360/1359
f 321/296/295 2121/295/294 1375/897/896
f 902/953/952 1305/954/953 1937/1361/1360
f 1060/1362/1361 2227/1363/1362 495/1364/1363
f 2170/92/92 571/865/864 1779/1365/1364
f 1629/74/74 2002/73/73 2335/1366/1365
f 1947/1346/1345 1371/931/930 475/1367/1366
f 642/755/754 2346/1368/1367 481/1291/1290
f 2315/1369/1368 1251/1370/1369 1185/1371/1370
f 2286/1372/1371 2059/1373/1372 468/1374/1373
f 1655/1375/1374 1005/314/313 1901/110/110
f 432/1376/1375 1191/1054/1053 1619/1052/1051
f 2372/1377/1376 49/1378/1377 77/1379/1378
f 1753/1380/1379 1966/1381/1380 1921/1382/1381
f 1888/1383/1382 1075/1384/1383 209/1385/1384
f 1143/1386/1385 1659/248/247 2168/848/847
f 7/1341/1340 1410/726/725 2438/1387/1386
f 2000/1388/1387 128/1328/1327 20/1389/1388
f 2484/1390/1389 2437/1391/1390 299/1392/1391
f 2252/358/357 2030/809/808 2473/1393/1392
f 851/275/274 1230/1394/1393 1810/276/275
f 917/1395/1394 1902/354/353 351/353/352
f 1404/1220/1219 1608/252/251 1031/251/250
f 2383/1396/1395 1015/1085/1084 1834/1397/1396
f 134/1398/1397 495/1364/1363 1139/921/920
f 1410/726/725 494/1399/1398 2438/1387/1386
f 2345/1400/1399 53/1401/1400 1741/1402/1401
f 2413/1403/1402 380/1404/1403 142/1405/1404
f 1551/70/70 1021/1406/1405 382/71/71
f 333/1407/1406 1039/200/200 1710/1408/1407
f 885/1013/1012 1222/1206/1205 513/514/513
f 2023/1228/1227 1645/1409/1408 559/1229/1228
f 2540/1410/1409 2414/380/379 933/778/777
f 531/1222/1221 617/1030/1029 55/1411/1410
f 1930/526/525 1126/1412/1411 540/122/122
f 187/448/447 995/535/534 1275/534/533
f 2227/1363/1362 2244/1413/1412 495/1364/1363
f 1834/1397/1396 2390/721/720 496/720/719
f 505/1414/1413 158/1185/1184 1202/468/467
f 1518/1415/1414 672/871/870 1106/873/872
f 2026/583/582 577/330/329 274/584/583
f 2369/1416/1415 2219/1040/1039 644/814/813
f 2076/1417/1416 673/1418/1417 71/1419/1418
f 730/1420/1419 2544/1421/1420 1104/1422/1421
f 269/588/587 226/1423/1422 722/497/496
f 1898/1424/1423 1111/1425/1424 477/1426/1425
f 340/180/180 887/179/179 2132/1427/1426
f 1801/1428/1427 204/1149/1148 2078/1429/1428
f 2465/1430/1429 1245/1431/651 289/198/198
f 2392/392/391 2376/28/28 2519/1432/1430
f 1966/1381/1380 1891/1433/1431 11/370/369
f 1978/172/172 1895/1434/1432 1488/173/173
f 1892/386/385 283/753/752 642/755/754
f 2124/1435/1433 1382/1436/1434 1063/1437/1435
f 2231/1438/1436 1469/336/335 227/1439/1437
f 117/1440/1438 1302/1441/1439 1439/646/645
f 1276/1442/1440 381/1443/1441 1065/49/49
f 1099/1444/1442 515/438/437 1093/614/613
f 545/582/581 768/1445/1443 1395/1446/1444
f 358/1245/1244 1650/507/506 137/1268/1267
f 1208/889/888 234/888/887 1681/1447/1445
f 1035/1297/1296 1300/1448/1446 541/1298/1297
f 864/1449/1447 105/1337/1336 1981/1450/1448
f 1560/1271/1270 2380/208/207 369/207/206
f 1484/1280/1279 2515/1451/1449 2463/1452/1450
f 1379/1453/1451 1296/1454/1452 47/1455/1453
f 148/1456/1454 362/1457/1455 2004/1458/1456
f 286/99/99 1640/881/880 1967/100/100
f 1985/1459/1457 1824/1460/1458 1125/729/728
f 1962/1009/1008 2357/72/72 1629/74/74
f 1203/246/245 1035/1297/1296 2240/1461/1459
f 1607/1462/1460 2233/1156/1155 2239/1155/1154
f 1189/1338/1337 1842/1463/1461 835/651/650
f 541/1298/1297 2022/1464/1462 1211/104/104
f 2008/1465/1463 512/60/60 1338/1466/1464
f 1290/1467/1465 2085/1191/1190 1581/312/311
f 1428/1468/1466 1679/1181/1180 1047/544/543
f 1068/1469/1467 295/1470/1468 2378/793/792
f 2134/87/87 2451/1471/1469 2016/1472/1470
f 554/1473/1471 1760/1474/1472 614/1475/1473
f 306/599/598 2559/1476/1474 2542/1477/1475
f 37/1354/1353 1398/1478/1476 779/1479/1477
f 1497/512/511 1826/1237/1236 2066/1480/1478
f 1860/539/538 297/343/342 309/540/539
f 886/1481/1479 639/1236/1235 1/568/567
f 1109/551/550 2200/852/851 445/47/47
f 132/1140/1139 1763/561/560 1503/1482/1480
f 573/1483/1481 2055/943/942 374/503/502
f 873/427/426 1018/1258/1257 816/1330/1329
f 521/1484/1482 1389/1152/1151 1134/817/816
f 805/1485/1483 1084/299/298 547/51/51
f 699/76/76 267/1099/1098 1417/1098/1097
f 43/525/524 1930/526/525 17/124/124
f 415/274/273 594/1486/1484 1823/272/271
f 2277/955/954 1753/1380/1379 1059/749/748
f 215/1056/1055 1601/483/482 682/482/481
f 1688/168/168 2377/699/698 2037/169/169
f 613/964/963 2052/1487/1485 1269/1488/1486
f 1751/1489/1487 253/1490/1488 1631/1233/1232
f 2301/1491/1489 2147/622/621 569/1078/1077
f 1797/4/4 1848/6/6 1363/220/219
f 2472/1492/1490 2/1493/1491 2480/1494/1492
f 863/1495/1493 2239/1155/1154 1603/257/256
f 2065/1335/1334 105/1337/1336 55/1411/1410
f 2412/1295/1294 2352/705/704 694/1296/1295
f 918/1068/1067 2015/25/25 1935/27/27
f 450/1496/1494 627/849/848 229/1497/1495
f 1308/1498/1496 102/407/406 1215/1499/1497
f 1096/1150/1149 1022/578/577 2464/1151/1150
f 1561/577/576 2464/1151/1150 1022/578/577
f 1802/1500/1498 578/1501/1499 1833/1502/1500
f 1734/1187/1186 1358/1503/1501 567/456/455
f 199/1504/1502 18/1505/1503 1674/1506/1504
f 83/345/344 1002/1507/1505 1934/1508/1506
f 2571/1509/1507 2072/736/735 1449/1510/1508
f 906/1511/1509 508/1067/1066 1654/1069/1068
f 633/851/850 531/1222/1221 89/725/724
f 243/439/438 64/1195/1194 584/1347/1346
f 323/480/479 29/170/170 1946/165/165
f 817/115/115 1585/1512/1510 874/113/113
f 399/183/183 872/1513/1511 365/1514/1512
f 1302/1441/1439 1477/474/473 222/990/989
f 409/1515/1513 1255/1516/1514 1456/1517/1515
f 939/1518/1516 2279/1519/1517 311/1520/1518
f 906/1511/1509 1885/1521/1519 1610/1522/1520
f 2109/1523/1521 591/123/123 2549/1524/1522
f 2379/1525/1523 2544/1421/1420 730/1420/1419
f 2122/120/120 1682/1526/1524 1555/121/121
f 302/1249/1248 2499/1170/1169 2281/1527/1525
f 1857/1336/1335 2175/1528/1526 1981/1450/1448
f 407/262/261 2249/914/913 734/538/537
f 1331/1529/1527 148/1456/1454 261/236/235
f 1377/1530/1528 430/1531/1529 2064/1532/1530
f 2301/1491/1489 433/1259/1258 2294/623/622
f 1771/150/150 2416/1533/1531 2565/1189/1188
f 89/725/724 723/727/726 633/851/850
f 908/1534/1532 664/1535/1533 96/1184/1183
f 259/1536/1534 2197/1537/1535 488/1538/1536
f 975/408/407 709/780/779 1489/779/778
f 1253/1539/1537 216/59/59 1892/386/385
f 1650/507/506 154/1269/1268 137/1268/1267
f 1912/1540/1538 1676/1541/1539 1350/1542/1540
f 467/1543/1541 1676/1541/1539 1912/1540/1538
f 2236/1544/1542 2194/1545/1543 1062/1546/1544
f 745/126/126 1106/873/872 1413/127/127
f 291/794/793 233/683/682 1643/1547/1545
f 332/1147/1146 378/1548/1546 753/1145/1144
f 1148/1549/1547 677/1550/1548 2226/106/106
f 1481/1551/1549 1400/1552/1550 1879/308/307
f 1725/144/144 1886/1553/1551 759/609/608
f 1948/1554/1552 2214/1555/1553 1200/1556/1554
f 1909/992/991 2548/1557/1555 607/993/992
f 340/180/180 441/1558/1556 573/1483/1481
f 495/1364/1363 134/1398/1397 437/1559/1557
f 209/1385/1384 783/610/609 244/1560/1558
f 628/1561/1559 72/1562/1560 1607/1462/1460
f 623/286/285 1224/285/284 478/1563/1561
f 760/810/809 1886/1553/1551 2366/211/210
f 2168/848/847 1628/1564/1562 125/42/42
f 2258/530/529 1230/1394/1393 1917/41/41
f 1229/1565/1563 1571/880/879 286/99/99
f 989/433/432 1548/1566/1564 1830/1567/1565
f 1825/1568/1566 1778/986/985 1271/1348/1347
f 1485/823/822 504/1569/1567 1450/824/823
f 1316/1570/1568 2275/1571/1569 390/1572/1570
f 936/745/744 1527/1573/1571 1189/1338/1337
f 1470/404/403 1527/1573/1571 2108/403/402
f 1973/1014/1013 2474/969/968 50/1015/1014
f 337/335/334 1177/1574/1572 1469/336/335
f 2311/1575/1573 631/669/668 811/627/626
f 1556/1044/1043 2246/884/883 2426/942/941
f 2496/1576/1574 457/1211/1210 458/684/683
f 74/1577/1575 552/1578/1576 1350/1542/1540
f 869/1579/1577 2156/1580/1578 2058/767/766
f 1001/887/886 486/886/885 503/1581/1579
f 1545/912/911 2054/929/928 2162/913/912
f 228/1582/1580 752/494/493 2509/1583/1581
f 2020/1584/1582 1830/1567/1565 1660/1113/1112
f 2150/1585/1583 638/1586/1584 2447/1587/1585
f 513/514/513 1222/1206/1205 1478/1205/1204
f 1635/1588/1586 2122/120/120 1427/724/723
f 2500/24/24 2525/1589/1587 562/1590/1588
f 603/1026/1025 1465/1591/1589 1149/1592/1590
f 733/347/346 867/1593/1591 269/588/587
f 262/94/94 1487/1594/1592 58/1095/1094
f 405/1595/1593 2361/1596/1594 1427/724/723
f 1482/1597/1595 859/1598/1596 908/1534/1532
f 2288/1599/1597 2093/1600/1598 2290/1601/1599
f 2155/1064/1063 1709/1066/1065 1357/1602/1600
f 2517/1603/1601 849/1604/1602 2353/105/105
f 1817/1605/1603 213/1606/1604 2083/1607/1605
f 950/1608/1606 444/1609/1607 1430/1610/1608
f 1011/1611/1609 545/582/581 1943/704/703
f 1230/1394/1393 2119/894/893 272/1612/1610
f 1080/645/644 33/1613/1611 576/1614/1612
f 2529/997/996 2357/72/72 703/1615/1613
f 1903/802/801 741/1616/1614 2563/1617/1615
f 957/659/658 1170/989/988 2512/255/254
f 1149/1592/1590 167/218/217 2268/217/216
f 1523/189/189 2225/625/624 1508/1279/1278
f 1967/100/100 2126/1618/1616 932/1196/1195
f 1299/355/354 2087/1619/1617 1807/1620/1618
f 1034/372/371 641/1621/1619 1114/373/372
f 2398/523/522 2190/522/521 1062/1546/1544
f 314/1622/1620 2241/1623/1621 653/1624/1622
f 903/1625/1623 1397/1626/1624 1950/1627/1625
f 1433/1628/1626 947/1629/1627 2209/1630/1628
f 1916/1631/1629 2444/557/556 1960/556/555
f 1121/730/729 2001/933/932 1459/932/931
f 2034/585/584 1506/1632/1630 1855/1633/1631
f 1283/1634/1632 1719/740/739 836/1635/1633
f 2157/1352/1351 1999/1636/1634 2101/1637/1635
f 2320/1638/1636 1280/1639/1637 2029/1640/1638
f 2015/25/25 4/656/655 2162/913/912
f 2216/521/520 419/1641/1639 2190/522/521
f 2536/978/977 222/990/989 1980/1642/1640
f 513/514/513 1973/1014/1013 885/1013/1012
f 332/1147/1146 1014/1092/1091 2502/1643/1641
f 2347/1023/1022 1842/1463/1461 1527/1573/1571
f 1842/1463/1461 2347/1023/1022 1829/1644/1642
f 1789/1645/1643 934/1646/1644 1391/790/789
f 585/235/234 362/1457/1455 1331/1529/1527
f 2225/625/624 987/624/623 939/1518/1516
f 1392/1132/1131 1644/1127/1126 1871/1011/1010
f 974/1647/1645 814/3/3 671/1648/1646
f 2014/378/377 203/1107/1106 751/1106/1105
f 911/1649/1647 1050/1650/1648 1628/1564/1562
f 1790/1218/1217 935/681/680 1329/1651/1649
f 1319/909/908 1308/1498/1496 2516/1652/1650
f 1745/1653/1651 2367/1654/1652 1989/1655/1653
f 2034/585/584 142/1405/1404 1558/559/558
f 695/1045/1044 2426/942/941 100/1656/1654
f 296/1657/1655 141/1294/1293 694/1296/1295
f 692/1658/1656 1792/1659/1657 849/1604/1602
f 983/611/610 159/1660/1658 1309/1270/1269
f 1530/1661/1659 902/953/952 109/1662/1660
f 827/1663/1661 631/669/668 1499/671/670
f 220/1664/1662 536/1665/1663 1045/1666/1664
f 1544/82/82 164/78/78 16/952/951
f 540/122/122 17/124/124 1930/526/525
f 1023/1667/1665 1784/1668/1666 912/1669/1667
f 698/1670/1668 1509/1671/1669 2224/1672/1670
f 227/1439/1437 589/462/461 422/1673/1671
f 2011/1674/1672 914/1345/1344 598/326/325
f 1836/398/397 1124/175/175 2113/995/994
f 2385/1675/1673 1037/695/694 1609/697/696
f 1432/147/147 788/146/146 1786/316/315
f 411/511/510 424/1208/1207 1497/512/511
f 1025/773/772 2498/772/771 2482/1676/1674
f 642/755/754 149/1677/1675 2371/1678/1676
f 2522/919/918 27/1286/1285 1311/1679/1677
f 1234/1680/1069 2387/1681/1678 1128/1682/1679
f 225/1683/1680 1126/1412/1411 1930/526/525
f 1545/912/911 193/1684/1681 1402/1685/1682
f 664/1535/1533 1263/297/296 805/1485/1483
f 1061/1686/1683 1071/991/990 2044/1687/1684
f 2109/1523/1521 252/766/765 1735/411/410
f 1029/1688/743 2465/1430/1429 370/197/197
f 648/1689/1685 71/1419/1418 778/1274/1273
f 2567/151/151 1771/150/150 2039/979/978
f 552/1578/1576 508/1067/1066 906/1511/1509
f 1141/1690/1686 1634/1691/1687 2575/1692/1688
f 1805/1693/1689 520/1694/1690 454/1695/1691
f 1412/1696/1692 599/1697/1693 1924/1088/1087
f 2185/1698/1694 433/1259/1258 2301/1491/1489
f 1227/1048/1047 652/1047/1046 1440/1699/708
f 794/1178/1177 1420/1700/1695 1407/367/366
f 421/1701/1696 1986/1702/1697 2160/680/679
f 2468/1703/1698 2252/358/357 940/1704/1699
f 532/1705/1700 990/1706/1701 1063/1437/1435
f 888/1707/1702 1379/1453/1451 2460/1708/1703
f 1435/1709/1704 2098/1308/1307 1164/1310/1309
f 2494/318/317 1265/317/316 73/834/833
f 1037/695/694 1783/1710/1705 1881/1711/1706
f 2220/698/697 438/1712/1707 133/1713/1708
f 449/1714/1709 1136/1715/1710 2336/435/434
f 2156/1580/1578 451/1716/1711 1297/1717/1712
f 954/800/799 1722/1349/1348 2478/1020/1019
f 363/1718/1713 1112/1719/1714 516/1720/1715
f 2180/1721/1716 1464/1722/1717 1070/1038/1037
f 1832/440/439 44/1723/1718 257/615/614
f 1704/309/308 1879/308/307 1140/1724/1719
f 1158/1725/1720 2166/791/790 2241/1623/1621
f 546/1726/1721 795/1075/1074 124/1727/1722
f 520/1694/1690 348/1728/1723 1665/1729/1724
f 746/828/827 1580/1730/1725 1516/1731/1726
f 1583/1732/1727 930/1225/1224 2052/1487/1485
f 1917/41/41 1230/1394/1393 404/20/20
f 1605/1275/1274 673/1418/1417 842/247/246
f 2472/1492/1490 1033/1733/1728 2/1493/1491
f 1024/1734/1729 1452/161/161 24/163/163
f 551/630/629 1587/629/628 345/1735/463
f 1533/513/512 1973/1014/1013 513/514/513
f 1776/1736/1730 291/794/793 588/1016/1015
f 959/1159/1158 718/1737/1731 2493/1738/1732
f 626/1739/1733 1694/1740/1734 365/1514/1512
f 1852/305/304 2459/219/218 928/306/305
f 2006/1741/1735 24/163/163 2396/806/805
f 1157/1742/1736 2570/1743/1737 1705/1175/1174
f 549/1744/1738 376/797/796 86/796/795
f 754/1745/1739 2279/1519/1517 964/1746/1740
f 2348/1747/1741 542/1748/1742 680/815/814
f 18/1505/1503 483/1749/1743 2309/364/363
f 2048/1750/1744 139/1039/1038 1985/1459/1457
f 1978/172/172 2042/1751/1745 1895/1434/1432
f 883/994/993 969/447/446 707/1752/1746
f 1152/1213/1212 1669/1753/1747 1374/1200/1199
f 471/171/171 2358/1754/1748 1120/1755/1749
f 251/786/785 445/47/47 500/46/46
f 759/609/608 760/810/809 1333/1756/1750
f 660/1757/1751 2246/884/883 1556/1044/1043
f 1190/1758/1752 1025/773/772 461/985/984
f 1681/1447/1445 234/888/887 35/1759/1753
f 707/1752/1746 969/447/446 1671/446/445
f 1733/1760/1754 1535/1761/1755 1761/1762/1756
f 1839/1763/1757 1697/1764/1124 2441/1765/1758
f 555/1212/1211 457/1211/1210 2229/1766/1759
f 1665/1729/1724 120/351/350 1907/350/349
f 2013/1307/1306 737/418/417 684/417/416
f 1389/1152/1151 135/493/492 1381/1767/1760
f 70/1768/1761 497/1769/1762 1076/1770/1763
f 1889/1771/1764 1578/1772/1765 2491/14/14
f 1143/1386/1385 627/849/848 450/1496/1494
f 2296/495/494 650/477/476 710/496/495
f 1186/1773/1766 1719/740/739 982/734/733
f 2283/1774/1767 1585/1512/1510 2060/1775/1768
f 352/133/133 266/1776/1769 1543/131/131
f 402/510/509 406/1777/1770 1564/1778/1771
f 2445/1118/1117 1900/1117/1116 372/1779/1772
f 2219/1040/1039 1663/1780/1773 1755/1781/1774
f 774/66/66 32/1138/1137 2521/1342/1341
f 1370/505/504 2086/504/503 549/1744/1738
f 757/1355/1354 1929/1782/1775 2307/1356/1355
f 778/1274/1273 576/1614/1612 648/1689/1685
f 800/1783/1776 2333/1031/1030 617/1030/1029
f 946/9/9 1559/605/604 560/7/7
f 441/1558/1556 340/180/180 1295/1784/1777
f 906/1511/1509 779/1479/1477 1885/1521/1519
f 1926/1785/1778 47/1455/1453 1696/737/736
f 522/1786/1779 824/764/763 174/1787/1780
f 291/794/793 1776/1736/1730 2188/795/794
f 965/1788/1781 2367/1654/1652 1745/1653/1651
f 1530/1661/1659 354/1351/1350 68/1049/1048
f 2456/1789/1782 2209/1630/1628 288/1790/1783
f 810/1791/1784 244/1560/1558 783/610/609
f 480/1792/1785 632/1793/1786 645/1794/1787
f 1326/1795/1788 2359/1796/1789 1982/1797/1790
f 2186/621/620 955/1798/1791 2091/1799/1792
f 786/1169/1168 1960/556/555 1886/1553/1551
f 950/1608/1606 1430/1610/1608 268/1800/1793
f 1428/1468/1466 850/572/571 275/571/570
f 2166/791/790 1158/1801/1720 431/1802/1794
f 665/751/750 1959/825/824 1457/1803/1795
f 812/1036/1035 1238/1034/1033 1000/1033/1032
f 2385/1675/1673 1609/697/696 187/448/447
f 1841/1804/1796 461/985/984 2305/975/974
f 2432/896/895 1806/1112/1111 1375/897/896
f 1764/754/753 2306/1805/1797 1460/1806/1798
f 1801/1428/1427 248/877/876 98/1807/1799
f 588/1016/1015 291/794/793 1643/1547/1545
f 989/433/432 1830/1567/1565 2169/229/228
f 2397/517/516 449/1714/1709 1487/1594/1592
f 1301/280/279 1086/618/617 151/84/84
f 793/841/840 2400/1808/1800 533/898/897
f 531/1222/1221 55/1411/1410 470/1809/1801
f 45/471/470 1889/1771/1764 619/1810/1802
f 1638/541/540 1773/1811/1803 1856/743/742
f 186/1812/1804 2061/1813/1805 19/1814/1806
f 427/1815/1807 973/945/944 904/1816/1808
f 2454/1129/1128 389/1131/1130 1252/844/843
f 1091/1817/1809 1122/1818/1810 1050/1650/1648
f 735/1819/1811 618/1820/1812 1511/1821/1813
f 550/1822/1814 1286/1823/1815 1370/505/504
f 1397/1626/1624 123/1332/1331 467/1543/1541
f 2387/1681/1678 217/1141/1140 1128/1682/1679
f 2365/1824/1816 303/1825/1817 2063/1826/1818
f 842/247/246 1739/1827/1819 1659/248/247
f 1826/1237/1236 777/1207/1206 182/1828/1820
f 608/1829/1821 175/670/669 420/1830/1822
f 949/1831/1823 15/1832/1824 1853/1833/1825
f 2014/378/377 401/205/204 203/1107/1106
f 1578/1772/1765 333/1407/1406 1710/1408/1407
f 1816/1834/1826 1615/1835/1827 165/1836/1828
f 544/426/425 526/939/938 873/427/426
f 642/755/754 1764/754/753 149/1677/1675
f 2463/1452/1450 1319/909/908 1145/10/10
f 2521/1342/1341 1082/1837/1829 774/66/66
f 1368/340/339 339/1838/1830 1323/1839/1831
f 395/771/770 84/781/780 244/1560/1558
f 735/1819/1811 315/1840/1832 2341/1841/1833
f 2395/245/244 1905/1203/1202 1203/246/245
f 2559/1476/1474 306/599/598 1222/1206/1205
f 2275/1571/1569 1236/1842/1834 2325/1843/1835
f 1185/1371/1370 607/993/992 2548/1557/1555
f 2448/1844/1836 1455/1845/1837 9/1846/1838
f 846/1847/1839 1998/1848/1840 970/1257/1256
f 1343/988/987 526/939/938 1699/938/937
f 1233/1849/1841 1751/1489/1487 2418/267/266
f 1312/83/83 1282/951/950 1648/959/958
f 1294/273/272 1823/272/271 2522/919/918
f 261/236/235 326/947/946 2030/809/808
f 159/1660/1658 1075/1384/1383 358/1245/1244
f 2089/1850/1842 2523/1851/1843 1648/959/958
f 2018/1852/1844 2421/1853/1845 1718/1854/1846
f 587/50/50 1065/49/49 381/1443/1441
f 2077/1158/1157 718/1737/1731 959/1159/1158
f 2434/1855/1847 1391/790/789 1678/1856/1848
f 962/1857/1849 153/1858/1850 1982/1797/1790
f 1315/893/892 2407/674/673 272/1612/1610
f 985/1226/1225 894/775/774 1332/1859/1851
f 1563/1860/1852 1970/1861/1853 1498/1862/1854
f 1443/1319/1318 2531/239/238 519/1863/1855
f 978/1864/1856 1952/1865/1857 2216/521/520
f 1565/357/356 1377/1530/1528 2129/237/236
f 541/1298/1297 1211/104/104 223/861/860
f 828/1866/1858 1729/1867/1859 1672/1176/1175
f 2098/1308/1307 2149/1868/1860 423/1869/1861
f 2247/298/297 938/908/907 1355/902/901
f 1258/1870/1862 1388/918/917 1823/272/271
f 2032/321/320 829/1871/1863 704/466/465
f 2398/523/522 640/1872/1864 1342/1339/1338
f 653/1624/1622 1391/790/789 934/1646/1644
f 2100/301/300 46/668/667 280/302/301
f 413/1199/1198 2474/969/968 1533/513/512
f 1000/1033/1032 1928/1873/1865 220/1664/1662
f 350/748/747 343/711/710 57/846/845
f 1814/1179/1178 2080/644/643 1335/763/762
f 2516/1652/1650 1308/1498/1496 1215/1499/1497
f 1593/804/803 834/1108/1107 1416/117/117
f 1580/1730/1725 2199/1235/1234 104/291/290
f 1626/1874/1866 2376/28/28 1793/879/878
f 754/1745/1739 828/1866/1858 1693/648/647
f 2329/1875/1867 1672/1176/1175 2570/1743/1737
f 1169/1876/1868 1817/1605/1603 1621/1123/1122
f 15/1832/1824 328/1877/1869 1853/1833/1825
f 2168/848/847 911/1649/1647 1628/1564/1562
f 291/794/793 875/1878/1870 31/1879/1871
f 1439/646/645 1080/645/644 2189/1276/1275
f 1827/1180/1179 1613/573/572 1722/1349/1348
f 852/1005/1004 1795/1880/1872 1602/1006/1005
f 419/1641/1639 1573/1881/1873 1345/1882/1874
f 1657/441/440 424/1208/1207 411/511/510
f 1182/1883/1875 1201/1884/1876 1809/1885/1877
f 1302/1441/1439 1133/1886/1878 629/1887/1879
f 110/1888/1880 552/1578/1576 1153/957/956
f 2143/1889/1881 961/1079/1078 890/707/706
f 2188/795/794 198/948/947 415/274/273
f 1309/1270/1269 159/1660/1658 137/1268/1267
f 2081/1890/1882 2059/1373/1372 2286/1372/1371
f 691/277/276 1810/276/275 1303/1891/1883
f 1367/1892/1884 1473/57/57 2537/1893/1885
f 1339/1202/1201 883/994/993 661/520/519
f 753/1145/1144 2053/1894/1886 2417/1146/1145
f 328/1877/1869 1932/1895/1887 256/547/546
f 1967/100/100 825/821/820 2126/1618/1616
f 699/76/76 913/1896/1888 267/1099/1098
f 2528/444/443 534/1284/1283 63/1897/1889
f 1567/1898/1890 912/1669/1667 1534/91/91
f 2486/1899/1891 1090/1163/1162 2518/895/894
f 807/1900/1892 2218/1901/1893 2343/1902/1894
f 436/1252/1251 1333/1756/1750 862/457/456
f 865/1903/1895 38/925/924 2171/1904/1896
f 189/1905/1897 1156/1906/1898 2229/1766/1759
f 1673/904/903 168/1907/1899 2454/1129/1128
f 1614/195/195 559/1229/1228 566/196/196
f 341/1183/1182 1444/1908/1900 1636/270/269
f 2044/1687/1684 1071/991/990 1597/1909/1901
f 315/1840/1832 735/1819/1811 1233/1849/1841
f 1418/1313/1312 868/1315/1314 2502/1643/1641
f 1964/8/8 1387/1910/1902 717/1911/1903
f 40/974/973 2217/1912/1904 2560/1913/1905
f 655/1914/1906 1232/1915/1907 1571/880/879
f 729/397/396 1213/112/112 1617/1916/1908
f 165/1836/1828 1615/1835/1827 470/1809/1801
f 1311/1679/1677 875/1878/1870 1294/273/272
f 2334/1917/1909 2184/1918/1910 2379/1525/1523
f 988/1919/1911 2434/1855/1847 1594/1920/1912
f 1796/515/514 1478/1205/1204 1479/1204/1203
f 195/279/278 100/1656/1654 1301/280/279
f 877/40/40 2392/392/391 1318/1921/1913
f 905/626/625 214/1244/1243 1075/1384/1383
f 1030/774/773 1804/1922/1914 1105/741/740
f 1057/1923/1915 2368/1924/1916 2355/1925/1917
f 1791/1926/1918 2362/1927/1919 2561/192/192
f 2557/1928/1920 1747/1929/1921 2322/1930/1922
f 2362/1927/1919 1641/1931/1923 1867/1932/1924
f 2498/772/771 244/1560/1558 810/1791/1784
f 88/916/915 1759/915/914 1155/1001/1000
f 2230/1292/1291 2413/1403/1402 1949/1933/1925
f 202/190/190 1248/1074/1073 2073/1234/1233
f 1104/1422/1421 2544/1421/1420 2303/1934/1926
f 280/302/301 1812/432/431 319/300/299
f 2213/827/826 625/63/63 746/828/827
f 732/369/368 1927/371/370 1956/1935/1927
f 943/1936/791 1798/1937/1928 2441/1765/1758
f 534/1284/1283 1538/1938/1929 63/1897/1889
f 483/1749/1743 2107/1939/1930 2309/364/363
f 264/374/373 1114/373/372 2075/874/873
f 317/488/487 2204/1102/1101 1276/1442/1440
f 1440/1940/708 652/1047/1046 115/543/542
f 351/353/352 2273/226/225 2526/228/227
f 155/1941/1931 2486/1899/1891 1858/1942/1932
f 830/1943/1933 290/1043/1042 1844/639/638
f 369/207/206 134/1398/1397 1560/1271/1270
f 2089/1850/1842 1313/812/811 1955/1944/1934
f 1650/507/506 631/669/668 1775/508/507
f 428/1126/1125 430/1531/1529 702/1945/1935
f 54/1946/1936 2376/28/28 2392/392/391
f 189/1905/1897 314/1947/1620 1156/1906/1898
f 1773/1811/1803 1105/741/740 1856/743/742
f 1643/1547/1545 233/683/682 2246/884/883
f 177/678/677 2302/1948/1937 246/284/283
f 2581/1949/1938 186/1812/1804 19/1814/1806
f 1732/1272/1271 2028/1950/1939 953/65/65
f 874/113/113 2283/1774/1767 162/348/347
f 4/656/655 2015/25/25 918/1068/1067
f 2477/452/451 2391/86/86 1489/779/778
f 2043/1951/1940 2035/1952/1941 8/1953/1942
f 2482/1676/1674 1703/1954/1943 1482/1597/1595
f 1616/1955/1944 2285/1956/1945 362/1457/1455
f 38/925/924 1330/1957/1946 2171/1904/1896
f 2142/1958/1947 372/1779/1772 1900/1117/1116
f 285/1959/1948 347/1960/1949 2074/1961/1950
f 2508/1962/1951 1359/1963/1952 1548/1566/1564
f 1845/1964/1953 1435/1709/1704 2368/1924/1916
f 361/344/343 1434/1216/1215 2120/1965/1954
f 844/1966/1955 843/1967/1956 1855/1633/1631
f 1136/1968/1710 387/1969/1957 570/1970/1958
f 1748/1241/1240 2145/1209/1208 1524/1210/1209
f 839/1350/1349 2170/92/92 1779/1365/1364
f 1959/825/824 886/1481/1479 1/568/567
f 1766/1971/1959 2128/1972/1960 1945/1973/1961
f 2272/1974/1962 2353/105/105 1792/1659/1657
f 1897/536/535 2183/601/600 157/1094/1093
f 1059/749/748 1921/1382/1381 230/162/162
f 725/1975/1963 654/1976/1964 1133/1886/1878
f 1922/1977/1965 1272/1978/1966 1415/1979/1967
f 1489/779/778 1374/1200/1199 975/408/407
f 788/146/146 1598/863/862 1786/316/315
f 742/1980/1968 2231/1438/1436 1325/1981/1969
f 564/682/681 221/1982/1970 420/1830/1822
f 1122/1818/1810 1739/1827/1819 34/1983/1971
f 1059/749/748 1753/1380/1379 1921/1382/1381
f 2441/1765/1758 1697/1764/1124 943/1984/791
f 39/789/788 305/1985/1972 263/1986/1973
f 577/330/329 2446/329/328 2480/1494/1492
f 2390/721/720 1834/1397/1396 793/841/840
f 522/1786/1779 1696/737/736 824/764/763
f 2565/1189/1188 1116/1188/1187 516/1720/1715
f 1559/605/604 946/9/9 743/159/159
f 1805/1693/1689 454/1695/1691 715/1987/1974
f 1056/1988/1975 2071/1989/1976 965/1788/1781
f 1315/893/892 2305/975/974 2407/674/673
f 2564/1990/1977 1831/689/688 2530/1991/1978
f 293/118/118 927/1992/1979 2243/116/116
f 572/783/782 1344/501/500 84/781/780
f 816/1330/1329 2284/1993/1980 1769/1994/1981
f 1906/1995/1982 1677/1360/1359 2159/1996/1983
f 1456/1517/1515 2467/1997/1984 1918/1217/1216
f 144/328/327 577/330/329 2026/583/582
f 2528/444/443 899/443/442 696/1024/1023
f 2269/88/88 2134/87/87 2016/1472/1470
f 1618/1998/1985 1456/1517/1515 1875/742/741
f 65/831/830 1504/1999/1986 204/1149/1148
f 929/858/857 2377/699/698 2220/698/697
f 965/1788/1781 1758/2000/1987 2367/1654/1652
f 951/2001/1988 1567/1898/1890 2187/90/90
f 2523/1851/1843 2089/1850/1842 384/903/902
f 1083/634/633 1176/2002/1989 724/632/631
f 882/2003/1990 1398/1478/1476 1009/429/428
f 2423/2004/1991 1138/679/678 2161/2005/1992
f 2161/2005/1992 1138/679/678 2221/2006/1993
f 1363/220/219 1848/6/6 1624/2007/1994
f 1479/1204/1203 306/599/598 878/598/597
f 2143/1889/1881 974/1647/1645 961/1079/1078
f 1729/1867/1859 79/1177/1176 1672/1176/1175
f 633/851/850 1336/2008/1995 398/2009/1996
f 360/38/38 2436/1278/1277 2267/264/263
f 2393/883/882 1528/119/119 2235/2010/1997
f 852/1005/1004 1244/2011/1998 1795/1880/1872
f 728/944/943 573/1483/1481 485/837/836
f 171/2012/1999 403/2013/2000 1975/616/615
f 835/651/650 1448/2014/2001 1587/629/628
f 1839/1763/1757 2441/1765/1758 1013/2015/2002
f 1114/373/372 981/54/54 2075/874/873
f 1393/214/213 1281/2016/2003 740/215/214
f 1097/2017/2004 1808/2018/2005 2428/1055/1054
f 737/418/417 1746/996/995 853/419/418
f 2029/1640/1638 1280/1639/1637 2510/2019/2006
f 2545/927/926 498/315/314 767/289/288
f 2251/2020/2007 893/2021/2008 192/2022/2009
f 2371/1678/1676 149/1677/1675 2539/2023/2010
f 25/2024/2011 668/700/699 426/702/701
f 1915/139/139 2304/68/68 621/67/67
f 158/1185/1184 805/1485/1483 547/51/51
f 1353/2025/2012 2302/1948/1937 177/678/677
f 1014/1092/1091 1803/1091/1090 2502/1643/1641
f 1708/2026/2013 1066/2027/2014 1990/148/148
f 408/458/457 1348/2028/2015 1468/2029/2016
f 2451/1471/1469 619/1810/1802 2291/13/13
f 503/1581/1579 1950/1627/1625 1001/887/886
f 699/76/76 2271/2030/2017 913/1896/1888
f 768/1445/1443 770/784/783 500/46/46
f 1822/77/77 1417/1098/1097 1691/360/359
f 608/1829/1821 2033/2031/2018 228/1582/1580
f 1695/911/910 2091/1799/1792 955/1798/1791
f 463/459/458 408/458/457 803/261/260
f 463/459/458 803/261/260 1972/260/259
f 986/940/939 270/232/231 1699/938/937
f 1796/515/514 513/514/513 1478/1205/1204
f 810/1791/1784 605/2032/2019 1703/1954/1943
f 1228/2033/2020 1627/2034/2021 1797/4/4
f 1865/2035/2022 527/633/632 1698/2036/486
f 400/2037/2023 520/1694/1690 2221/2006/1993
f 1029/1688/743 106/2038/2024 944/2039/2025
f 1345/1882/1874 658/2040/2026 133/1713/1708
f 547/51/51 1026/1046/1045 2104/1221/1220
f 931/156/156 628/1561/1559 1607/1462/1460
f 1332/1859/1851 309/540/539 602/2041/2027
f 1479/1204/1203 878/598/597 902/953/952
f 2208/2042/2028 1423/576/575 1022/578/577
f 2084/2043/2029 340/180/180 2132/1427/1426
f 575/638/637 383/2044/2030 1173/2045/2031
f 315/1840/1832 122/2046/2032 2341/1841/1833
f 1676/1541/1539 467/1543/1541 292/655/654
f 1965/1219/1218 564/682/681 935/681/680
f 445/47/47 325/2047/2033 1109/551/550
f 1095/2048/2034 1740/661/660 1854/1254/1253
f 1067/2049/2035 844/1966/1955 1142/2050/2036
f 2006/1741/1735 1575/805/804 1430/1610/1608
f 1498/1862/1854 1970/1861/1853 992/1051/1050
f 2402/282/281 1564/1778/1771 648/1689/1685
f 2479/2051/2037 553/946/945 1174/310/309
f 2229/1766/1759 1156/1906/1898 555/1212/1211
f 916/2052/2038 129/2053/2039 489/2054/2040
f 2120/1965/1954 1570/2055/2041 201/2056/2042
f 74/1577/1575 918/1068/1067 508/1067/1066
f 1919/153/153 1754/2057/2043 2545/927/926
f 1213/112/112 716/111/111 1617/1916/1908
f 1512/2058/2044 2411/2059/2045 87/2060/2046
f 1934/1508/1506 1002/1507/1505 1154/2061/2047
f 140/2062/2048 1538/1938/1929 963/1285/1284
f 1799/2063/2049 1351/869/868 1340/870/869
f 1271/1348/1347 908/1534/1532 1123/2064/2050
f 1692/667/666 1912/1540/1538 1742/2065/2051
f 2219/1040/1039 1755/1781/1774 713/1041/1040
f 817/115/115 1351/869/868 2508/1962/1951
f 2549/1524/1522 826/2066/2052 1728/2067/2053
f 2072/736/735 146/1253/1252 1221/2068/2054
f 2312/145/145 994/608/607 1266/2069/2055
f 21/733/732 1272/1978/1966 1249/731/730
f 2126/1618/1616 1858/1942/1932 2121/295/294
f 1140/1724/1719 524/2070/2056 2409/2071/2057
f 342/636/635 1721/36/36 706/2072/2058
f 1962/1009/1008 703/1615/1613 2357/72/72
f 409/1515/1513 1804/1922/1914 1030/774/773
f 528/176/176 1124/175/175 1836/398/397
f 1089/565/564 1008/2073/2059 2490/566/565
f 1057/1923/1915 1845/1964/1953 2368/1924/1916
f 2261/2074/2060 1803/1091/1090 1700/2075/2061
f 586/635/634 160/637/636 553/946/945
f 1125/729/728 2580/728/727 2048/1750/1744
f 1033/1733/1728 138/400/399 421/1701/1696
f 867/1593/1591 1243/531/530 1229/1565/1563
f 963/1285/1284 1383/1232/1231 2165/1231/1230
f 1828/288/287 173/998/997 1126/1412/1411
f 1977/545/544 1010/199/199 435/1311/1310
f 1933/2076/2062 1849/2077/2063 2427/2078/2064
f 2103/1174/1173 1277/1263/1262 288/1790/1783
f 1486/2079/2065 1839/1763/1757 1013/2015/2002
f 470/1809/1801 2265/899/898 1385/2080/2066
f 1209/1193/1192 9/1846/1838 1455/1845/1837
f 556/2081/2067 2087/1619/1617 2437/1391/1390
f 180/2082/2068 2187/90/90 839/1350/1349
f 2173/341/340 1368/340/339 1707/2083/2069
f 2117/2084/2070 1904/2085/2071 1127/2086/2072
f 752/494/493 386/2087/2073 197/492/491
f 1096/1150/1149 1081/177/177 567/456/455
f 239/2088/2074 1307/2089/2075 1436/2090/2076
f 2298/2091/2077 1931/2092/2078 91/2093/2079
f 20/1389/1388 2138/2094/2080 2345/1400/1399
f 180/2082/2068 2394/2095/2081 559/1229/1228
f 923/2096/2082 1353/2025/2012 1100/2097/2083
f 1334/2098/2084 2505/1247/1246 1833/1502/1500
f 945/409/408 1142/2050/2036 206/34/34
f 1164/1310/1309 1171/2099/2085 1652/509/508
f 1845/1964/1953 2098/1308/1307 1435/1709/1704
f 822/2100/2086 896/375/374 260/2101/2087
f 375/960/959 841/962/961 585/235/234
f 249/2102/2088 1943/704/703 507/2103/2089
f 880/2104/2090 502/2105/2091 2564/1990/1977
f 256/547/546 700/2106/2092 1853/1833/1825
f 700/2106/2092 256/547/546 2096/549/548
f 1815/2107/2093 87/2060/2046 1038/2108/2094
f 568/2109/2095 178/238/237 1081/177/177
f 1849/2077/2063 831/2110/2096 593/415/414
f 2199/1235/1234 1599/1114/1113 1298/2111/2097
f 2436/1278/1277 7/1341/1340 2438/1387/1386
f 662/61/61 512/60/60 2178/2112/2098
f 689/32/32 1097/2017/2004 237/2113/2099
f 465/1182/1181 1110/269/268 533/898/897
f 1487/1594/1592 449/1714/1709 1939/1096/1095
f 2212/287/286 691/277/276 916/2052/2038
f 230/162/162 1921/1382/1381 535/1002/1001
f 1631/1233/1232 329/268/267 1751/1489/1487
f 702/1945/1935 993/665/664 1716/1012/1011
f 2555/2114/2100 1364/2115/2101 499/1306/1305
f 1231/1042/1041 1159/2116/2102 1777/498/497
f 2360/2117/2103 1316/1570/1568 2515/1451/1449
f 192/2022/2009 1215/1499/1497 2251/2020/2007
f 674/2118/2104 509/2119/2105 163/2120/2106
f 1153/957/956 552/1578/1576 323/480/479
f 196/2121/2107 1882/548/547 1406/2122/2108
f 2254/2123/2109 307/882/881 504/1569/1567
f 2259/128/128 1549/178/178 804/129/129
f 907/574/573 120/351/350 348/1728/1723
f 1378/612/611 630/12/12 1819/2124/2110
f 1362/673/672 2019/2125/2111 791/2126/2112
f 1941/2127/2113 949/1831/1823 1812/432/431
f 986/940/939 1769/1994/1981 2375/233/232
f 441/1558/1556 1295/1784/1777 1551/70/70
f 1949/1933/1925 2399/506/505 2230/1292/1291
f 341/1183/1182 282/2128/2114 1444/1908/1900
f 2514/2129/2115 1979/885/884 1001/887/886
f 406/1777/1770 402/510/509 2076/1417/1416
f 1493/97/97 152/96/96 2365/1824/1816
f 1635/1588/1586 2040/2130/2116 2122/120/120
f 1050/1650/1648 1122/1818/1810 1573/1881/1873
f 932/1196/1195 1864/2131/2117 52/1105/1104
f 1187/685/684 458/684/683 464/2132/2118
f 55/1411/1410 617/1030/1029 2065/1335/1334
f 2394/2095/2081 839/1350/1349 668/700/699
f 162/348/347 1647/2133/2119 1851/2134/2120
f 152/96/96 2422/98/98 2083/1607/1605
f 1359/1963/1952 2317/292/291 1298/2111/2097
f 2517/1603/1601 2353/105/105 2475/2135/2121
f 685/2136/2122 18/1505/1503 379/2137/2123
f 249/2102/2088 1011/1611/1609 1943/704/703
f 1814/1179/1178 1335/763/762 1207/762/761
f 876/2138/2124 1822/77/77 36/2139/2125
f 1380/847/846 1132/307/306 1538/1938/1929
f 358/1245/1244 811/627/626 1650/507/506
f 2411/2059/2045 429/29/29 2376/28/28
f 787/2140/2126 1207/762/761 572/783/782
f 222/990/989 1161/2141/2127 1302/1441/1439
f 127/152/152 2234/592/591 592/2142/2128
f 845/2143/2129 238/227/226 2273/226/225
f 887/179/179 555/1212/1211 1156/1906/1898
f 2322/1930/1922 1226/1303/1302 1241/1304/1303
f 1274/2144/2130 1904/2085/2071 2560/1913/1905
f 247/930/929 1532/859/858 278/253/252
f 348/1728/1723 58/1095/1094 320/1097/1096
f 1289/2145/2131 976/2146/2132 1290/1467/1465
f 1511/1821/1813 618/1820/1812 1737/2147/2133
f 1970/1861/1853 2454/1129/1128 1252/844/843
f 181/2148/2134 2323/2149/2135 1914/2150/2136
f 1753/1380/1379 1873/2151/2137 1966/1381/1380
f 259/1536/1534 488/1538/1536 2410/855/854
f 650/477/476 2296/495/494 1589/1312/1311
f 29/170/170 323/480/479 880/2104/2090
f 815/1062/1061 1384/620/619 2499/1170/1169
f 1197/11/11 1319/909/908 2516/1652/1650
f 861/1116/1115 1462/868/867 2509/1583/1581
f 1549/178/178 1953/89/89 1204/2152/2138
f 103/839/838 649/840/839 122/2046/2032
f 2058/767/766 2156/1580/1578 1297/1717/1712
f 884/658/657 434/663/662 1349/2153/2139
f 1158/2154/1720 94/2155/2140 367/2156/2141
f 1862/396/395 1655/1375/1374 1213/112/112
f 842/247/246 1031/251/250 1739/1827/1819
f 1942/2157/2142 1264/2158/2143 1339/1202/1201
f 489/2054/2040 285/1959/1948 2261/2074/2060
f 1535/1761/1755 1733/1760/1754 1765/2159/2144
f 1456/1517/1515 1918/1217/1216 1875/742/741
f 2152/467/466 704/466/465 2320/1638/1636
f 1387/1910/1902 1964/8/8 2043/1951/1940
f 1581/312/311 2388/1192/1191 1166/313/312
f 2554/2160/2145 2093/1600/1598 2288/1599/1597
f 616/714/713 538/234/233 518/712/711
f 1017/225/224 302/1249/1248 1874/1171/1170
f 938/908/907 1387/1910/1902 840/941/940
f 1098/499/498 905/626/625 1888/1383/1382
f 984/2161/2146 958/2162/2147 1706/2163/2148
f 517/204/203 1780/203/202 1609/697/696
f 2280/2164/2149 950/1608/1606 268/1800/1793
f 2400/1808/1800 1988/2165/2150 533/898/897
f 669/594/593 2332/1261/1260 2234/592/591
f 1678/1856/1848 1976/2166/2151 2461/2167/2152
f 690/2/2 2312/145/145 600/891/890
f 878/598/597 771/266/265 1305/954/953
f 2431/2168/2153 2448/1844/1836 1606/395/394
f 544/426/425 986/940/939 526/939/938
f 2237/2169/2154 1612/2170/2155 2125/2171/2156
f 1527/1573/1571 1842/1463/1461 1189/1338/1337
f 1355/902/901 1026/1046/1045 547/51/51
f 1888/1383/1382 905/626/625 1075/1384/1383
f 2481/2172/2157 1597/1909/1901 2114/2173/2158
f 1197/11/11 1819/2124/2110 630/12/12
f 1266/2069/2055 1333/1756/1750 436/1252/1251
f 478/1563/1561 1224/285/284 2045/2174/2159
f 3/2175/2160 1011/1611/1609 144/328/327
f 1476/1240/1239 1317/1239/1238 683/1242/1241
f 1401/835/834 85/206/205 847/836/835
f 1330/1957/1946 1448/2014/2001 1989/1655/1653
f 2096/549/548 2550/2176/2161 700/2106/2092
f 273/1072/1071 2449/1071/1070 1135/2177/2162
f 3/2175/2160 2026/583/582 545/582/581
f 1441/2178/2163 2543/2179/2164 41/2180/2165
f 41/2180/2165 1515/2181/2166 2503/2182/2167
f 1720/2183/2168 2142/1958/1947 1079/2184/2169
f 368/132/132 1586/2185/2170 2435/2186/2171
f 284/394/393 2111/393/392 1326/1795/1788
f 716/111/111 948/1143/1142 1286/1823/1815
f 1161/2141/2127 222/990/989 686/977/976
f 1482/1597/1595 908/1534/1532 1271/1348/1347
f 505/1414/1413 1202/468/467 2547/470/469
f 448/2187/2172 815/1062/1061 637/2188/2173
f 2175/1528/1526 60/1059/1058 1251/1370/1369
f 1158/1725/1720 2241/1623/1621 189/2189/1897
f 2125/2171/2156 1738/2190/2174 2485/2191/2175
f 1749/1282/1281 264/374/373 1423/576/575
f 1553/2192/2176 1111/1425/1424 1929/1782/1775
f 1005/314/313 200/1144/1143 1901/110/110
f 2313/476/475 856/155/155 287/2193/2177
f 836/1635/1633 2056/231/230 1730/230/229
f 144/328/327 1993/2194/2178 2446/329/328
f 278/253/252 2162/913/912 247/930/929
f 2414/380/379 1781/382/381 933/778/777
f 2226/106/106 314/1622/1620 653/1624/1622
f 2472/1492/1490 1501/154/154 857/2195/2179
f 1820/982/981 575/638/637 2487/983/982
f 2459/219/218 2292/527/526 2463/1452/1450
f 2024/2196/2180 2239/1155/1154 863/1495/1493
f 1766/1971/1959 2038/1309/1308 2159/1996/1983
f 2071/1989/1976 1056/1988/1975 41/2180/2165
f 629/1887/1879 1899/2197/2181 72/1562/1560
f 704/466/465 829/1871/1863 1280/1639/1637
f 169/2198/2182 580/961/960 1616/1955/1944
f 192/2022/2009 2516/1652/1650 1215/1499/1497
f 1772/2199/2183 1859/1119/1118 2445/1118/1117
f 1728/2067/2053 826/2066/2052 2574/2200/2184
f 2438/1387/1386 494/1399/1398 1494/2201/2185
f 2466/2202/2186 738/833/832 739/1136/1135
f 703/1615/1613 2549/1524/1522 1212/2203/2187
f 323/480/479 1610/1522/1520 1078/428/427
f 1799/2063/2049 2324/2204/2188 1958/2205/2189
f 1217/690/689 1980/1642/1640 1994/691/690
f 776/2206/2190 2425/2207/2191 1338/1466/1464
f 226/1423/1422 867/1593/1591 1229/1565/1563
f 948/1143/1142 2155/1064/1063 1357/1602/1600
f 858/2208/2192 947/1629/1627 1433/1628/1626
f 605/2032/2019 539/160/160 750/907/906
f 2000/1388/1387 20/1389/1388 1741/1402/1401
f 1428/1468/1466 275/571/570 1679/1181/1180
f 2430/2209/2193 2568/2210/2194 1369/18/18
f 1369/18/18 2568/2210/2194 2523/1851/1843
f 1494/2201/2185 2419/900/899 249/2102/2088
f 521/1484/1482 1328/1089/1088 126/2211/2195
f 1120/1755/1749 1237/2212/2196 83/345/344
f 1395/1446/1444 768/1445/1443 500/46/46
f 1118/2213/2197 1662/2214/2198 2425/2207/2191
f 655/1914/1906 1571/880/879 1229/1565/1563
f 2137/363/362 1702/1073/1072 2091/1799/1792
f 78/249/248 1143/1386/1385 391/2215/2199
f 1661/2216/2200 1690/1302/1301 2228/1301/1300
f 1804/1922/1914 1618/1998/1985 1105/741/740
f 1980/1642/1640 1557/2217/2201 976/2146/2132
f 1761/1762/1756 747/103/103 1733/1760/1754
f 464/2132/2118 624/502/501 2055/943/942
f 16/952/951 164/78/78 688/80/80
f 872/1513/1511 1074/423/422 951/2001/1988
f 899/443/442 1572/445/444 674/2118/2104
f 2540/1410/1409 635/1260/1259 1372/2218/2202
f 2198/2219/2203 2326/385/384 1927/371/370
f 1432/147/147 1786/316/315 101/102/102
f 577/330/329 2009/2220/2204 274/584/583
f 2110/2221/2205 27/1286/1285 2522/919/918
f 831/2110/2096 1471/2222/2206 2264/2223/2207
f 591/123/123 615/2224/2208 1212/2203/2187
f 2197/1537/1535 259/1536/1534 2506/660/659
f 851/275/274 691/277/276 2141/21/21
f 1077/2225/2209 1961/2226/2210 423/1869/1861
f 2010/717/716 236/1082/1081 837/1081/1080
f 610/2227/2211 2110/2221/2205 2522/919/918
f 2549/1524/1522 1728/2067/2053 2109/1523/1521
f 2553/2228/2212 207/114/114 2504/349/348
f 1470/404/403 2347/1023/1022 1527/1573/1571
f 1636/270/269 1444/1908/1900 1890/2229/2213
f 2182/2230/2214 2539/2023/2010 149/1677/1675
f 834/1108/1107 1599/1114/1113 1416/117/117
f 133/1713/1708 2190/522/521 419/1641/1639
f 2438/1387/1386 1494/2201/2185 1996/185/185
f 958/2162/2147 984/2161/2146 808/2231/2215
f 2316/2232/2216 1933/2076/2062 2427/2078/2064
f 2038/1309/1308 1171/2099/2085 1164/1310/1309
f 2557/1928/1920 456/1323/1322 1747/1929/1921
f 1557/2217/2201 2085/1191/1190 976/2146/2132
f 707/1752/1746 761/518/517 883/994/993
f 2576/967/966 979/37/37 1244/2011/1998
f 2540/1410/1409 2332/1261/1260 635/1260/1259
f 289/198/198 1177/1574/1572 1020/311/310
f 1939/1096/1095 449/1714/1709 557/434/433
f 529/2233/2217 1242/2234/2218 2300/381/380
f 1392/1132/1131 1871/1011/1010 414/1133/1132
f 632/1793/1786 1323/1839/1831 341/1183/1182
f 907/574/573 348/1728/1723 320/1097/1096
f 2252/358/357 2473/1393/1392 940/1704/1699
f 1783/1710/1705 883/994/993 1881/1711/1706
f 72/1562/1560 391/2215/2199 2233/1156/1155
f 1267/845/844 2235/2010/1997 921/2235/2219
f 300/333/332 2564/1990/1977 565/872/871
f 2293/2236/2220 2342/2237/2221 612/2238/2222
f 1460/1806/1798 1944/2239/2223 1403/2240/2224
f 2327/2241/2225 604/2242/2226 1612/2170/2155
f 816/1330/1329 1769/1994/1981 418/425/424
f 1582/1317/1316 469/2243/2227 821/857/856
f 1440/1940/708 115/543/542 667/542/541
f 891/1262/1261 1415/1979/1967 1277/1263/1262
f 326/947/946 1208/889/888 1681/1447/1445
f 2335/1366/1365 2002/73/73 506/2244/2228
f 142/1405/1404 380/1404/1403 1558/559/558
f 9/1846/1838 1209/1193/1192 1851/2134/2120
f 1885/1521/1519 779/1479/1477 882/2003/1990
f 919/529/528 1260/892/891 2258/530/529
f 420/1830/1822 2033/2031/2018 608/1829/1821
f 550/1822/1814 1370/505/504 549/1744/1738
f 1146/710/709 56/460/459 1087/461/460
f 1174/310/309 553/946/945 435/1311/1310
f 1277/1263/1262 1415/1979/1967 288/1790/1783
f 486/886/885 1692/667/666 184/666/665
f 2380/208/207 1560/1271/1270 953/65/65
f 1069/85/85 231/109/109 2391/86/86
f 1593/804/803 1416/117/117 1550/420/419
f 1311/1679/1677 27/1286/1285 1115/2245/2229
f 2085/1191/1190 2289/2246/2230 287/2193/2177
f 485/837/836 573/1483/1481 441/1558/1556
f 1373/1103/1102 1708/2026/2013 1990/148/148
f 1847/2247/2231 2566/2248/2232 23/2249/2233
f 2332/1261/1260 1019/2250/2234 2234/592/591
f 1634/1691/1687 1926/1785/1778 2575/1692/1688
f 2333/1031/1030 792/1057/1056 2017/1032/1031
f 176/2251/2235 1623/1080/1079 236/1082/1081
f 981/54/54 1182/1883/1875 1492/875/874
f 1312/83/83 16/952/951 1282/951/950
f 2540/1410/1409 626/1739/1733 636/2252/2236
f 562/1590/1588 2525/1589/1587 453/2253/2237
f 227/1439/1437 422/1673/1671 1325/1981/1969
f 1321/2254/2238 2467/1997/1984 1456/1517/1515
f 1890/2229/2213 707/1752/1746 1636/270/269
f 107/2255/2239 481/1291/1290 1216/2256/2240
f 454/1695/1691 548/473/472 2177/472/471
f 1100/2097/2083 177/678/677 1905/1203/1202
f 2279/1519/1517 1693/648/647 311/1520/1518
f 929/858/857 2220/698/697 658/2040/2026
f 2413/1403/1402 879/1293/1292 380/1404/1403
f 1593/804/803 1550/420/419 1903/802/801
f 385/1061/1060 1183/801/800 954/800/799
f 1128/1682/1679 1227/1048/1047 1234/1680/1069
f 258/2257/2241 1507/2258/2242 327/2259/2243
f 77/1379/1378 49/1378/1377 871/822/821
f 977/2260/2244 666/2261/2245 1772/2199/2183
f 566/196/196 668/700/699 1736/194/194
f 51/2262/2246 250/719/718 1987/917/916
f 732/369/368 942/807/806 535/1002/1001
f 1797/4/4 876/2138/2124 1591/5/5
f 530/1110/1109 797/2263/2247 678/1111/1110
f 2302/1948/1937 1553/2192/2176 246/284/283
f 2470/1340/1339 1544/82/82 1863/81/81
f 1264/2158/2143 1942/2157/2142 525/2264/2248
f 1394/212/211 2163/2265/2249 1348/2028/2015
f 560/7/7 2043/1951/1940 1964/8/8
f 1700/2075/2061 1803/1091/1090 1920/1090/1089
f 120/351/350 907/574/573 90/352/351
f 809/956/955 2277/955/954 1059/749/748
f 910/166/166 161/600/599 1837/677/676
f 2183/601/600 1155/1001/1000 410/602/601
f 1113/628/627 1012/366/365 1546/2266/2250
f 947/1629/1627 997/2267/2251 2295/1172/1171
f 1947/1346/1345 2211/2268/2252 924/1246/1245
f 106/2038/2024 2213/827/826 1646/826/825
f 184/666/665 2483/2269/2253 503/1581/1579
f 1130/878/877 2109/1523/1521 1735/411/410
f 2507/2270/2254 1683/2271/2255 474/2272/2256
f 719/430/429 1980/1642/1640 1217/690/689
f 963/1285/1284 350/748/747 140/2062/2048
f 264/374/373 2075/874/873 1423/576/575
f 2522/919/918 1388/918/917 998/149/149
f 284/394/393 2442/2273/2257 1606/395/394
f 1463/1168/1167 1894/2274/2258 1307/2089/2075
f 1306/1115/1114 1660/1113/1112 834/1108/1107
f 871/822/821 1137/2275/2259 77/1379/1378
f 2528/444/443 1631/1233/1232 1383/1232/1231
f 1785/62/62 662/61/61 1893/2276/2260
f 1893/2276/2260 662/61/61 2325/1843/1835
f 506/2244/2228 2102/2277/2261 2511/454/453
f 1932/1895/1887 1406/2122/2108 1882/548/547
f 2401/842/841 1110/269/268 143/1101/1100
f 2261/2074/2060 285/1959/1948 2074/1961/1950
f 2010/717/716 286/99/99 2532/101/101
f 2334/1917/1909 390/1572/1570 2237/2169/2154
f 543/2278/2262 1396/2279/2263 1518/1415/1414
f 2529/997/996 353/2280/2264 2357/72/72
f 1934/1508/1506 444/1609/1607 2139/2281/2265
f 2274/2282/2266 1099/1444/1442 1880/2283/2267
f 2428/1055/1054 1601/483/482 215/1056/1055
f 1225/1326/1325 945/409/408 937/410/409
f 1573/1881/1873 892/2284/2268 1345/1882/1874
f 2096/549/548 2483/2269/2253 2550/2176/2161
f 938/908/907 840/941/940 1355/902/901
f 2149/1868/1860 1845/1964/1953 1656/2285/2269
f 1958/2205/2189 1254/2286/2270 82/293/292
f 803/261/260 208/2287/2271 2249/914/913
f 2022/1464/1462 1432/147/147 101/102/102
f 619/1810/1802 1889/1771/1764 2291/13/13
f 576/1614/1612 33/1613/1611 648/1689/1685
f 2508/1962/1951 1490/2288/2272 1359/1963/1952
f 1570/2055/2041 1657/441/440 201/2056/2042
f 409/1515/1513 1456/1517/1515 1618/1998/1985
f 2290/1601/1599 819/2289/2273 2359/1796/1789
f 1661/2216/2200 2123/1287/1286 1690/1302/1301
f 1562/2290/2274 341/1183/1182 465/1182/1181
f 1755/1781/1774 1663/1780/1773 2501/1256/1255
f 307/882/881 2393/883/882 2172/2291/2275
f 871/822/821 1027/2292/2276 1485/823/822
f 604/2242/2226 2581/1949/1938 2097/2293/2277
f 6/589/588 413/1199/1198 1639/2294/2278
f 2078/1429/1428 1504/1999/1986 682/482/481
f 538/234/233 1199/2295/2279 518/712/711
f 880/2104/2090 1103/481/480 502/2105/2091
f 1343/988/987 525/2264/2248 339/1838/1830
f 969/447/446 2385/1675/1673 187/448/447
f 351/353/352 2210/553/552 917/1395/1394
f 1721/36/36 349/2296/2280 706/2072/2058
f 277/254/253 1193/2297/2281 33/1613/1611
f 346/716/715 639/1236/1235 886/1481/1479
f 2282/1316/1315 469/2243/2227 1582/1317/1316
f 651/2298/2282 662/61/61 2178/2112/2098
f 765/325/324 2146/2299/2283 375/960/959
f 1231/1042/1041 1547/910/909 1159/2116/2102
f 2329/1875/1867 2570/1743/1737 145/2300/2284
f 1338/1466/1464 1662/2214/2198 2327/2241/2225
f 2008/1465/1463 1338/1466/1464 2327/2241/2225
f 1796/515/514 1479/1204/1203 61/1050/1049
f 1796/515/514 61/1050/1049 838/1035/1034
f 1427/724/723 2122/120/120 1528/119/119
f 2284/1993/1980 1461/649/648 145/2300/2284
f 1270/617/616 699/76/76 693/75/75
f 2395/245/244 1818/241/240 1390/243/242
f 796/2301/2285 641/1621/1619 1034/372/371
f 134/1398/1397 1732/1272/1271 1560/1271/1270
f 127/152/152 1756/1230/1229 1919/153/153
f 1619/1052/1051 1471/2222/2206 432/1376/1375
f 136/2302/2286 1216/2256/2240 1168/2303/2287
f 1419/2304/2288 1178/2305/2289 476/2306/2290
f 935/681/680 1790/1218/1217 1965/1219/1218
f 1518/1415/1414 310/675/674 672/871/870
f 1225/1326/1325 937/410/409 2154/1027/1026
f 438/1712/1707 258/2257/2241 1713/2307/2291
f 50/1015/1014 896/375/374 1162/377/376
f 631/669/668 2311/1575/1573 2524/703/702
f 2484/1390/1389 556/2081/2067 2437/1391/1390
f 768/1445/1443 1360/785/784 770/784/783
f 636/2252/2236 1019/2250/2234 2332/1261/1260
f 2555/2114/2100 2372/1377/1376 1364/2115/2101
f 622/2308/2292 478/1563/1561 1708/2026/2013
f 597/135/135 2356/1264/1263 1714/1329/1328
f 141/1294/1293 1625/186/186 507/2103/2089
f 1385/2080/2066 2265/899/898 1210/901/900
f 1411/2309/2293 1972/260/259 802/491/490
f 113/1331/1330 311/1520/1518 1422/650/649
f 1524/1210/1209 396/1017/1016 1356/1318/1317
f 2118/2310/2294 1969/390/389 877/40/40
f 2512/255/254 1079/2184/2169 2142/1958/1947
f 2470/1340/1339 2176/758/757 1342/1339/1338
f 2050/283/282 2402/282/281 1532/859/858
f 1921/1382/1381 11/370/369 535/1002/1001
f 1254/2286/2270 1206/2311/2295 82/293/292
f 575/638/637 2310/640/639 2487/983/982
f 523/137/137 1869/2312/2296 870/138/138
f 1027/2292/2276 1044/2313/2297 1485/823/822
f 1948/1554/1552 683/1242/1241 1042/2314/2298
f 1367/1892/1884 959/1159/1158 2493/1738/1732
f 2160/680/679 1329/1651/1649 935/681/680
f 1714/1329/1328 2314/22/22 1376/2315/2299
f 227/1439/1437 1469/336/335 1177/1574/1572
f 48/2316/2300 2455/2317/2301 2507/2270/2254
f 56/460/459 1146/710/709 1481/1551/1549
f 2553/2228/2212 1441/2178/2163 41/2180/2165
f 1039/200/200 2336/435/434 523/201/137
f 1751/1489/1487 735/1819/1811 1511/1821/1813
f 2059/1373/1372 1972/260/259 1411/2309/2293
f 1572/445/444 1284/2318/2302 81/2319/2303
f 241/2320/2304 1043/2321/2305 2083/1607/1605
f 2405/210/209 1065/49/49 510/48/48
f 281/140/140 304/142/142 885/1013/1012
f 1633/550/549 2200/852/851 1109/551/550
f 2318/1359/1358 2552/1358/1357 2433/2322/2306
f 2375/233/232 145/2300/2284 1199/2295/2279
f 1863/81/81 1431/2323/2307 2470/1340/1339
f 1736/194/194 353/2280/2264 922/949/948
f 854/519/518 761/518/517 1890/2229/2213
f 1983/346/345 1934/1508/1506 2139/2281/2265
f 2564/1990/1977 1413/127/127 565/872/871
f 2578/922/921 1914/2150/2136 1399/1076/1075
f 304/142/142 2559/1476/1474 885/1013/1012
f 2230/1292/1291 879/1293/1292 2413/1403/1402
f 780/642/641 273/1072/1071 1135/2177/2162
f 360/38/38 979/37/37 2266/966/965
f 401/205/204 705/379/378 1780/203/202
f 1367/1892/1884 2537/1893/1885 1200/1556/1554
f 2556/2324/2308 1453/2325/2309 1791/1926/1918
f 709/780/779 975/408/407 1162/377/376
f 165/1836/1828 864/1449/1447 529/2233/2217
f 1956/1935/1927 1324/2326/2310 732/369/368
f 28/2327/2311 1847/2247/2231 21/733/732
f 2480/1494/1492 2/1493/1491 1127/2086/2072
f 1100/2097/2083 1353/2025/2012 177/678/677
f 2174/787/786 1076/1770/1763 497/1769/1762
f 81/2319/2303 1138/679/678 2423/2004/1991
f 1195/56/56 1201/1884/1876 1182/1883/1875
f 1387/1910/1902 8/1953/1942 1247/2328/2312
f 2127/1288/1287 1235/2329/2313 2229/1766/1759
f 384/903/902 1498/1862/1854 2523/1851/1843
f 908/1534/1532 590/2330/2314 664/1535/1533
f 2527/970/969 1821/1327/1326 1788/971/970
f 425/560/559 1558/559/558 2244/1413/1412
f 873/427/426 816/1330/1329 418/425/424
f 2108/403/402 936/745/744 1516/1731/1726
f 74/1577/1575 508/1067/1066 552/1578/1576
f 1932/1895/1887 956/242/241 1406/2122/2108
f 1156/2331/1898 677/1550/1548 887/2332/179
f 68/1049/1048 61/1050/1049 1530/1661/1659
f 205/2333/2315 2197/1537/1535 2079/662/661
f 1003/2334/2316 2315/1369/1368 1185/1371/1370
f 115/543/542 1428/1468/1466 1047/544/543
f 970/1257/1256 2152/467/466 846/1847/1839
f 111/1314/1313 460/2335/2317 378/1548/1546
f 674/2118/2104 696/1024/1023 899/443/442
f 1810/276/275 1362/673/672 1303/1891/1883
f 1763/561/560 2005/563/562 2156/1580/1578
f 1604/2336/2318 1352/2337/2319 1011/1611/1609
f 583/2338/2320 294/2339/2321 775/2340/2322
f 24/163/163 2006/1741/1735 781/2341/2323
f 1720/2183/2168 1989/1655/1653 2142/1958/1947
f 2471/414/413 235/416/415 2164/2342/2324
f 1800/1333/1332 602/2041/2027 1726/1334/1333
f 1595/1100/1099 1414/2343/2325 923/2096/2082
f 1788/971/970 1686/2344/2326 742/1980/1968
f 1628/1564/1562 1050/1650/1648 1952/1865/1857
f 915/2345/2327 910/166/166 1837/677/676
f 2033/2031/2018 420/1830/1822 386/2087/2073
f 2042/1751/1745 1978/172/172 1172/936/935
f 1841/1804/1796 1190/1758/1752 461/985/984
f 1289/2145/2131 1290/1467/1465 1655/1375/1374
f 2160/680/679 564/682/681 2524/703/702
f 1957/2346/2328 1656/2285/2269 2012/862/861
f 243/439/438 1054/436/435 1052/1194/1193
f 589/2347/461 1587/629/628 422/2348/1671
f 599/1697/1693 1412/1696/1692 126/2211/2195
f 895/2349/2329 1354/2350/2330 433/1259/1258
f 1801/1428/1427 1554/2351/2331 204/1149/1148
f 44/1723/1718 1447/1157/1156 959/1159/1158
f 1721/36/36 344/35/35 349/2296/2280
f 1311/1679/1677 1115/2245/2229 31/1879/1871
f 957/659/658 2512/255/254 2142/1958/1947
f 1207/762/761 574/2352/2332 1814/1179/1178
f 773/2353/2333 1260/892/891 919/529/528
f 1838/1134/1133 1611/564/563 132/1140/1139
f 1673/904/903 77/1379/1378 168/1907/1899
f 1168/2303/2287 1216/2256/2240 1044/2313/2297
f 2290/1601/1599 659/2354/2334 2348/1747/1741
f 773/2353/2333 1119/973/972 1260/892/891
f 2404/777/776 2492/182/182 1995/184/184
f 631/669/668 827/1663/1661 1775/508/507
f 1939/1096/1095 557/434/433 999/575/574
f 1701/2355/2335 1594/1920/1912 2495/2356/2336
f 1746/996/995 2113/995/994 822/2100/2086
f 2101/1637/1635 1999/1636/1634 255/2357/2337
f 1334/2098/2084 1833/1502/1500 1570/2055/2041
f 2528/444/443 1284/2318/2302 1572/445/444
f 876/2138/2124 36/2139/2125 1591/5/5
f 1739/1827/1819 1031/251/250 34/1983/1971
f 1157/1742/1736 897/713/712 518/712/711
f 26/516/515 1876/93/93 1529/95/95
f 1515/2181/2166 1409/2358/2338 1762/2359/2339
f 1468/2029/2016 2415/999/998 1759/915/914
f 1587/629/628 2297/2360/2340 996/924/923
f 810/1791/1784 783/610/609 605/2032/2019
f 2139/2281/2265 950/1608/1606 2280/2164/2149
f 1015/1085/1084 2383/1396/1395 1474/1083/1082
f 325/2047/2033 1274/2144/2130 1868/2361/2341
f 37/1354/1353 708/647/646 1398/1478/1476
f 1048/188/188 2073/1234/1233 987/624/623
f 827/1663/1661 1462/868/867 1775/508/507
f 2045/2174/2159 2349/2362/2342 1066/2027/2014
f 901/2363/2343 366/579/578 2566/2248/2232
f 1706/2163/2148 958/2162/2147 1509/1671/1669
f 391/2215/2199 1143/1386/1385 450/1496/1494
f 298/1093/1092 1607/1462/1460 2024/2196/2180
f 2003/864/863 1674/1506/1504 685/2136/2122
f 435/1311/1310 553/946/945 1514/546/545
f 2088/469/468 1418/1313/1312 1803/1091/1090
f 1732/1272/1271 2057/920/919 1992/2364/2344
f 995/535/534 705/379/378 1987/917/916
f 544/426/425 1769/1994/1981 986/940/939
f 1207/762/761 787/2140/2126 574/2352/2332
f 2238/1223/1222 2052/1487/1485 2489/1148/1147
f 112/1109/1108 240/319/318 1542/2365/2345
f 101/102/102 2494/318/317 747/103/103
f 2382/798/797 1175/926/925 1453/2366/2309
f 2080/644/643 1012/366/365 1113/628/627
f 914/1345/1344 506/2244/2228 1820/982/981
f 2572/64/64 2380/208/207 953/65/65
f 342/636/635 706/2072/2058 160/637/636
f 2334/1917/1909 2237/2169/2154 2184/1918/1910
f 1227/2367/1047 1440/709/708 343/711/710
f 1506/1632/1630 2034/585/584 356/558/557
f 2027/406/405 1040/2368/2346 1421/606/605
f 964/1746/1740 974/1647/1645 671/1648/1646
f 2579/2369/2347 1976/2166/2151 1101/2370/2348
f 45/471/470 1907/350/349 1194/2371/2349
f 1451/595/594 69/597/596 1026/1046/1045
f 807/1900/1892 845/2143/2129 2338/1007/1006
f 2338/1007/1006 1188/853/852 807/1900/1892
f 1572/445/444 81/2319/2303 2202/2372/2350
f 296/1657/1655 1512/2058/2044 87/2060/2046
f 1493/97/97 290/1043/1042 1777/498/497
f 2343/1902/1894 2224/1672/1670 749/2373/2351
f 218/2374/2352 287/2193/2177 2289/2246/2230
f 45/471/470 548/473/472 1907/350/349
f 605/2032/2019 2373/2375/2353 1703/1954/1943
f 503/1581/1579 2483/2269/2253 476/2306/2290
f 2311/1575/1573 2520/368/367 2524/703/702
f 1858/1942/1932 2486/1899/1891 2121/295/294
f 96/1184/1183 664/1535/1533 805/1485/1483
f 2452/1343/1342 2140/1139/1138 86/796/795
f 1768/860/859 1415/1979/1967 891/1262/1261
f 701/2376/2354 237/2113/2099 1496/2377/2355
f 1498/1862/1854 992/1051/1050 1369/18/18
f 2441/1765/1758 1798/1937/1928 1661/2216/2200
f 670/2378/2356 886/1481/1479 1959/825/824
f 2540/1410/1409 933/778/777 2469/2379/2357
f 1040/2368/2346 2334/1917/1909 1421/606/605
f 1296/1454/1452 1731/2380/2358 121/2381/2359
f 2247/298/297 1467/906/905 938/908/907
f 1394/212/211 1843/2382/2360 2163/2265/2249
f 140/2062/2048 57/846/845 1380/847/846
f 2561/192/192 866/2383/2361 2191/193/193
f 1249/731/730 1272/1978/1966 1922/1977/1965
f 1629/74/74 2335/1366/1365 1337/453/452
f 2052/1487/1485 613/964/963 2148/240/239
f 785/45/45 1395/1446/1444 500/46/46
f 1309/1270/1269 154/1269/1268 2405/210/209
f 1768/860/859 891/1262/1261 334/479/478
f 1339/1202/1201 1314/2384/2362 883/994/993
f 620/475/474 1302/1441/1439 629/1887/1879
f 863/1495/1493 2230/1292/1291 2399/506/505
f 756/2385/2363 1099/1444/1442 1093/614/613
f 1303/1891/1883 1362/673/672 791/2126/2112
f 2492/182/182 1061/1686/1683 1526/2386/2364
f 1289/2145/2131 1994/691/690 976/2146/2132
f 87/2060/2046 1625/186/186 296/1657/1655
f 1840/2387/2365 532/1705/1700 1382/1436/1434
f 1465/1591/1589 556/2081/2067 2484/1390/1389
f 1292/1162/1161 712/2388/2366 93/2389/2367
f 1296/1454/1452 1898/1424/1423 1731/2380/2358
f 1779/1365/1364 571/865/864 1173/2045/2031
f 659/2354/2334 2359/1796/1789 542/1748/1742
f 1333/1756/1750 760/810/809 862/457/456
f 1126/1412/1411 173/998/997 540/122/122
f 787/2140/2126 1841/1804/1796 40/974/973
f 198/948/947 326/947/946 261/236/235
f 1257/187/187 1625/186/186 87/2060/2046
f 122/2046/2032 2439/485/484 2341/1841/1833
f 2527/970/969 549/1744/1738 2086/504/503
f 1342/1339/1338 640/1872/1864 164/78/78
f 492/1197/1196 203/1107/1106 2569/569/568
f 821/857/856 322/2390/2368 1582/1317/1316
f 1558/559/558 380/1404/1403 2323/2149/2135
f 2397/517/516 1140/1724/1719 449/1714/1709
f 1545/912/911 1402/1685/1682 2054/929/928
f 356/558/557 425/560/559 2227/1363/1362
f 2577/2391/2369 468/1374/1373 726/586/585
f 2182/2230/2214 1403/2240/2224 2539/2023/2010
f 2562/2392/2370 2416/1533/1531 1771/150/150
f 2387/2393/1678 350/748/747 2165/1231/1230
f 1893/2276/2260 2325/1843/1835 1236/1842/1834
f 2137/363/362 493/365/364 1702/1073/1072
f 472/696/695 1457/1803/1795 517/204/203
f 2186/621/620 2091/1799/1792 2147/622/621
f 1767/2394/2371 511/2395/2372 1449/1510/1508
f 1235/2329/2313 189/1905/1897 2229/1766/1759
f 132/1140/1139 1611/564/563 1763/561/560
f 2559/1476/1474 1222/1206/1205 885/1013/1012
f 2545/927/926 818/965/964 860/928/927
f 1968/2396/2373 2125/2171/2156 1612/2170/2155
f 1949/1933/1925 2413/1403/1402 1067/2049/2035
f 1215/1499/1497 784/607/606 2251/2020/2007
f 843/1967/1956 142/1405/1404 2034/585/584
f 336/442/441 1564/1778/1771 801/281/280
f 37/1354/1353 1080/645/644 708/647/646
f 2456/1789/1782 288/1790/1783 1415/1979/1967
f 1684/2397/2374 2261/2074/2060 1700/2075/2061
f 1347/591/590 2474/969/968 413/1199/1198
f 1795/1880/1872 2319/2398/2375 1566/854/853
f 584/1347/1346 1947/1346/1345 475/1367/1366
f 928/306/305 2459/219/218 167/218/217
f 671/1648/1646 2081/1890/1882 2286/1372/1371
f 673/1418/1417 1608/252/251 1404/1220/1219
f 1947/1346/1345 924/1246/1245 1371/931/930
f 2560/1913/1905 1425/2399/2376 574/2352/2332
f 870/138/138 745/126/126 1915/139/139
f 98/1807/1799 520/1694/1690 1805/1693/1689
f 514/2400/2377 2163/2265/2249 1006/732/731
f 348/1728/1723 400/2037/2023 262/94/94
f 777/1207/1206 1826/1237/1236 424/1208/1207
f 685/2136/2122 1674/1506/1504 18/1505/1503
f 1519/490/489 1568/489/488 1462/868/867
f 2307/1356/1355 763/2401/2378 758/1357/1356
f 2274/2282/2266 738/833/832 563/832/831
f 150/332/331 880/2104/2090 2564/1990/1977
f 50/1015/1014 2474/969/968 1997/968/967
f 1548/1566/1564 1359/1963/1952 1660/1113/1112
f 316/1029/1028 2497/2402/2379 2556/2324/2308
f 2572/64/64 847/836/835 2380/208/207
f 1963/2403/2380 51/2262/2246 2121/295/294
f 2578/922/921 1399/1076/1075 795/1075/1074
f 2583/2404/2381 2115/739/738 12/2405/2382
f 2462/2406/2383 481/1291/1290 711/1290/1289
f 1959/825/824 2299/570/569 517/204/203
f 1184/2407/2384 1287/2408/2385 1378/612/611
f 602/2041/2027 1402/1685/1682 193/1684/1681
f 2110/2221/2205 2123/1287/1286 27/1286/1285
f 1351/869/868 82/293/292 1490/2288/2272
f 2408/2409/2386 478/1563/1561 622/2308/2292
f 1387/1910/1902 2043/1951/1940 8/1953/1942
f 1398/1478/1476 686/977/976 1475/976/975
f 1151/478/477 1041/2410/2387 1768/860/859
f 410/602/601 1041/2410/2387 1151/478/477
f 1705/1175/1174 472/696/695 183/1086/1085
f 501/2411/2388 1176/2002/1989 1083/634/633
f 1104/1422/1421 921/2235/2219 2235/2010/1997
f 2136/2412/2389 10/2413/2390 1358/1503/1501
f 1334/2098/2084 1570/2055/2041 2120/1965/1954
f 1584/2414/2391 2192/987/986 1343/988/987
f 1805/1693/1689 715/1987/1974 1554/2351/2331
f 356/558/557 2227/1363/1362 1506/1632/1630
f 408/458/457 1468/2029/2016 208/2287/2271
f 492/1197/1196 932/1196/1195 52/1105/1104
f 996/2415/923 742/1980/1968 1325/1981/1969
f 242/265/264 1815/2107/2093 54/1946/1936
f 423/1869/1861 1600/2416/2392 1077/2225/2209
f 582/752/751 665/751/750 1457/1803/1795
f 1977/545/544 2213/827/826 106/2038/2024
f 228/1582/1580 386/2087/2073 752/494/493
f 2035/1952/1941 2354/2417/2393 8/1953/1942
f 2575/1692/1688 1878/2418/2394 2351/2419/2395
f 207/114/114 1340/870/869 817/115/115
f 2202/2372/2350 2423/2004/1991 1505/2420/2396
f 1634/1691/1687 2460/1708/1703 1379/1453/1451
f 1764/754/753 1460/1806/1798 2182/2230/2214
f 2259/128/128 2457/130/130 1170/989/988
f 1605/1275/1274 71/1419/1418 673/1418/1417
f 458/684/683 457/1211/1210 464/2132/2118
f 446/2421/2397 1115/2245/2229 2127/1288/1287
f 357/1277/1276 2262/2422/337 382/2423/71
f 624/502/501 555/1212/1211 2328/181/181
f 805/1485/1483 1263/297/296 1084/299/298
f 2384/782/781 1190/1758/1752 1841/1804/1796
f 1494/2201/2185 249/2102/2088 2255/2424/2398
f 639/1236/1235 721/718/717 2569/569/568
f 1537/1104/1103 2196/619/618 1086/618/617
f 1032/2425/2399 765/325/324 462/327/326
f 207/114/114 2546/2426/2400 1340/870/869
f 2037/169/169 711/1290/1289 245/1289/1288
f 1101/2370/2348 1976/2166/2151 1873/2151/2137
f 1272/1978/1966 21/733/732 1437/2427/2401
f 339/1838/1830 1584/2414/2391 1343/988/987
f 1701/2355/2335 1540/2428/2402 1731/2380/2358
f 655/1914/1906 2139/2281/2265 1232/1915/1907
f 2272/1974/1962 2226/106/106 2353/105/105
f 1561/577/576 1809/1885/1877 2464/1151/1150
f 90/352/351 1578/1772/1765 1907/350/349
f 568/2109/2095 1081/177/177 2464/1151/1150
f 1070/1038/1037 185/866/865 1160/580/579
f 2574/2200/2184 271/2429/2403 1728/2067/2053
f 2364/405/404 1040/2368/2346 2027/406/405
f 756/2385/2363 1365/1154/1153 1042/2314/2298
f 2411/2059/2045 2376/28/28 1038/2108/2094
f 1026/1046/1045 69/597/596 2104/1221/1220
f 2458/1320/1319 2489/1148/1147 2148/240/239
f 1714/1329/1328 2331/2430/2404 597/135/135
f 532/1705/1700 1840/2387/2365 1906/1995/1982
f 1492/875/874 1182/1883/1875 1561/577/576
f 427/1815/1807 904/1816/1808 349/2296/2280
f 647/2431/2405 1685/2432/2406 1505/2420/2396
f 2485/2191/2175 1738/2190/2174 952/17/17
f 1224/285/284 757/1355/1354 758/1357/1356
f 15/1832/1824 91/2093/2079 328/1877/1869
f 211/2433/2407 865/1903/1895 2171/1904/1896
f 692/1658/1656 849/1604/1602 1414/2343/2325
f 70/1768/1761 1076/1770/1763 925/2434/2408
f 391/2215/2199 450/1496/1494 2233/1156/1155
f 681/2435/2409 2337/2436/2410 554/1473/1471
f 2326/385/384 1846/384/383 2443/2437/2411
f 2337/2436/2410 2566/2248/2232 554/1473/1471
f 1041/2410/2387 833/2438/2412 1768/860/859
f 1895/1434/1432 1101/2370/2348 1488/173/173
f 522/1786/1779 2575/1692/1688 1926/1785/1778
f 1640/881/880 1232/1915/1907 926/2439/2413
f 526/939/938 1542/2365/2345 873/427/426
f 341/1183/1182 1323/1839/1831 282/2128/2114
f 1763/561/560 2156/1580/1578 869/1579/1577
f 504/1569/1567 731/2440/2414 855/2441/2415
f 504/1569/1567 855/2441/2415 1450/824/823
f 1986/1702/1697 421/1701/1696 138/400/399
f 2258/530/529 1260/892/891 2119/894/893
f 1398/1478/1476 708/647/646 686/977/976
f 1177/1574/1572 289/198/198 1495/463/462
f 1604/2336/2318 1011/1611/1609 249/2102/2088
f 38/925/924 2297/2360/2340 1330/1957/1946
f 287/2193/2177 856/155/155 2388/1192/1191
f 1932/1895/1887 1882/548/547 256/547/546
f 2370/2442/2416 2354/2417/2393 276/2443/2417
f 961/1079/1078 2279/1519/1517 118/708/707
f 720/359/358 2468/1703/1698 373/664/663
f 1618/1998/1985 1804/1922/1914 409/1515/1513
f 420/1830/1822 225/1683/1680 386/2087/2073
f 1891/1433/1431 2198/2219/2203 11/370/369
f 421/1701/1696 2160/680/679 2520/368/367
f 1898/1424/1423 1929/1782/1775 1111/1425/1424
f 1396/2279/2263 543/2278/2262 1620/2444/2418
f 1171/2099/2085 1945/1973/1961 1652/509/508
f 2304/68/68 1915/139/139 745/126/126
f 1802/1500/1498 1524/1210/1209 1356/1318/1317
f 2179/26/26 2015/25/25 277/254/253
f 1157/1742/1736 145/2300/2284 2570/1743/1737
f 240/319/318 112/1109/1108 2440/555/554
f 1866/402/401 2545/927/926 767/289/288
f 1411/2309/2293 439/2445/2419 2047/524/523
f 1955/1944/1934 384/903/902 2089/1850/1842
f 1184/2407/2384 893/2021/2008 453/2253/2237
f 2128/1972/1960 2318/1359/1358 2211/2268/2252
f 970/1257/1256 1998/1848/1840 939/1518/1516
f 35/1759/1753 528/176/176 397/399/398
f 1512/2058/2044 694/1296/1295 429/29/29
f 2178/2112/2098 512/60/60 2008/1465/1463
f 448/2187/2172 407/262/261 734/538/537
f 448/2187/2172 734/538/537 815/1062/1061
f 1067/2049/2035 945/409/408 1670/1325/1324
f 67/1224/1223 715/1987/1974 454/1695/1691
f 113/1331/1330 970/1257/1256 311/1520/1518
f 774/66/66 1082/1837/1829 316/2446/1028
f 133/1713/1708 1713/2307/2291 2190/522/521
f 82/293/292 1799/2063/2049 1958/2205/2189
f 1791/1926/1918 377/2447/2420 2362/1927/1919
f 542/1748/1742 48/2316/2300 1223/2448/2421
f 271/2429/2403 1466/455/454 132/1140/1139
f 1984/339/338 128/1328/1327 2000/1388/1387
f 2392/392/391 242/265/264 54/1946/1936
f 2129/237/236 212/2449/2422 585/235/234
f 714/1130/1129 1908/2450/2423 389/1131/1130
f 93/2389/2367 712/2388/2366 1951/2451/2424
f 288/1790/1783 2209/1630/1628 2103/1174/1173
f 1350/1542/1540 1676/1541/1539 74/1577/1575
f 1357/1602/1600 2399/506/505 1370/505/504
f 979/37/37 2501/1256/1255 1244/2011/1998
f 793/841/840 1015/1085/1084 2400/1808/1800
f 990/1706/1701 532/1705/1700 1600/2416/2392
f 2472/1492/1490 857/2195/2179 1592/401/400
f 2293/2236/2220 612/2238/2222 1027/2292/2276
f 1149/1592/1590 2484/1390/1389 1248/1074/1073
f 430/1531/1529 720/359/358 702/1945/1935
f 2040/2130/2116 893/2021/2008 1682/1526/1524
f 53/1401/1400 2248/1160/1159 1292/1162/1161
f 1202/468/467 460/2335/2317 111/1314/1313
f 1843/2382/2360 614/1475/1473 28/2327/2311
f 473/1353/1352 779/1479/1477 1654/1069/1068
f 1910/31/31 991/1037/1036 1045/1666/1664
f 2198/2219/2203 254/383/382 2326/385/384
f 1271/1348/1347 1123/2064/2050 1825/1568/1566
f 2105/2452/2425 1008/2073/2059 1089/565/564
f 1503/1482/1480 869/1579/1577 2058/767/766
f 350/748/747 57/846/845 140/2062/2048
f 2160/680/679 2524/703/702 2520/368/367
f 801/281/280 201/2056/2042 1657/441/440
f 385/1061/1060 1637/431/430 2069/1215/1214
f 1382/1436/1434 2124/1435/1433 1141/1690/1686
f 1290/1467/1465 1581/312/311 1005/314/313
f 1174/310/309 337/335/334 2479/2051/2037
f 1323/1839/1831 339/1838/1830 525/2264/2248
f 134/1398/1397 1139/921/920 2057/920/919
f 407/262/261 637/2188/2173 802/491/490
f 2005/563/562 991/1037/1036 2156/1580/1578
f 105/1337/1336 1857/1336/1335 1981/1450/1448
f 1469/336/335 2231/1438/1436 412/337/336
f 75/2453/2426 83/345/344 733/347/346
f 1841/1804/1796 787/2140/2126 572/783/782
f 565/872/871 1413/127/127 1106/873/872
f 1443/1319/1318 235/416/415 593/415/414
f 731/2440/2414 504/1569/1567 307/882/881
f 1564/1778/1771 2402/282/281 801/281/280
f 1031/251/250 166/250/249 34/1983/1971
f 2244/1413/1412 1139/921/920 495/1364/1363
f 676/376/375 2477/452/451 709/780/779
f 955/1798/1791 2186/621/620 266/1776/1769
f 349/2296/2280 344/35/35 1506/1632/1630
f 1783/1710/1705 2385/1675/1673 969/447/446
f 1481/1551/1549 1879/308/307 56/460/459
f 706/2072/2058 349/2296/2280 904/1816/1808
f 2383/1396/1395 2114/2173/2158 607/993/992
f 445/47/47 251/786/785 325/2047/2033
f 384/903/902 1955/1944/1934 1364/2115/2101
f 2426/942/941 728/944/943 1537/1104/1103
f 1960/556/555 2366/211/210 1886/1553/1551
f 2358/1754/1748 1452/161/161 1237/2212/2196
f 320/1097/1096 1939/1096/1095 999/575/574
f 34/1983/1971 892/2284/2268 1122/1818/1810
f 1167/984/983 746/828/827 625/63/63
f 1808/2018/2005 2157/1352/1351 2101/1637/1635
f 791/2126/2112 14/1186/1185 505/1414/1413
f 2016/1472/1470 2105/2452/2425 1131/567/566
f 2511/454/453 452/2454/2427 1466/455/454
f 667/542/541 2453/2455/2428 92/2456/2429
f 30/2457/1141 1737/2147/2133 1680/2458/2430
f 1958/2205/2189 1073/2459/2431 1254/2286/2270
f 529/2233/2217 1981/1450/1448 1242/2234/2218
f 1327/723/722 1911/722/721 2393/883/882
f 2252/358/357 1565/357/356 1218/808/807
f 2387/1681/1678 30/1142/1141 217/1141/1140
f 2045/2174/2159 466/2460/2432 2349/2362/2342
f 1166/313/312 2388/1192/1191 312/2461/2433
f 922/949/948 353/2280/2264 2529/997/996
f 427/1815/1807 1506/1632/1630 1060/1362/1361
f 28/2327/2311 1760/1474/1472 1847/2247/2231
f 2366/211/210 1179/213/212 760/810/809
f 1731/2380/2358 736/738/737 121/2381/2359
f 1886/1553/1551 760/810/809 759/609/608
f 2063/1826/1818 2487/983/982 2310/640/639
f 293/118/118 2378/793/792 546/1726/1721
f 1137/2275/2259 823/1265/1264 2454/1129/1128
f 601/2462/2434 1862/396/395 729/397/396
f 57/846/845 343/711/710 1146/710/709
f 1219/587/586 1107/324/323 79/1177/1176
f 2533/759/758 1642/2463/2435 1419/2304/2288
f 2173/341/340 2210/553/552 1717/342/341
f 1176/2002/1989 1822/77/77 876/2138/2124
f 2124/1435/1433 763/2401/2378 888/1707/1702
f 2433/2322/2306 2211/2268/2252 2318/1359/1358
f 2275/1571/1569 2360/2117/2103 2424/2464/2436
f 36/2139/2125 1822/77/77 1691/360/359
f 1988/2165/2150 1562/2290/2274 465/1182/1181
f 405/1595/1593 1327/723/722 634/2465/2437
f 1669/1753/1747 611/108/108 643/950/949
f 1912/1540/1538 663/1190/1189 1742/2065/2051
f 955/1798/1791 266/1776/1769 352/133/133
f 502/2105/2091 719/430/429 1217/690/689
f 464/2132/2118 2055/943/942 1187/685/684
f 1767/2394/2371 1449/1510/1508 1590/2466/2438
f 39/789/788 152/96/96 305/1985/1972
f 455/2467/2439 1472/2468/2440 1480/2469/2441
f 2408/2409/2386 1203/246/245 1905/1203/1202
f 1781/382/381 1242/2234/2218 1909/992/991
f 212/2449/2422 765/325/324 375/960/959
f 395/771/770 244/1560/1558 2498/772/771
f 1538/1938/1929 140/2062/2048 1380/847/846
f 2307/1356/1355 1750/2470/2442 763/2401/2378
f 904/1816/1808 160/637/636 706/2072/2058
f 1451/595/594 1247/2328/2312 1055/596/595
f 1404/1220/1219 842/247/246 673/1418/1417
f 134/1398/1397 2057/920/919 1732/1272/1271
f 1445/2471/2443 416/1166/1165 1956/1935/1927
f 2024/2196/2180 1607/1462/1460 2239/1155/1154
f 1541/2472/2444 126/2211/2195 381/1443/1441
f 1193/2297/2281 648/1689/1685 33/1613/1611
f 2076/1417/1416 71/1419/1418 406/1777/1770
f 955/1798/1791 1446/2473/2445 1695/911/910
f 1579/2474/2446 2344/2475/2447 1184/2407/2384
f 367/2156/2141 431/2476/1794 1158/2154/1720
f 1981/1450/1448 2175/1528/1526 2315/1369/1368
f 1624/2007/1994 1848/6/6 1588/1021/1020
f 526/939/938 2192/987/986 1542/2365/2345
f 877/40/40 1318/1921/1913 1917/41/41
f 1556/1044/1043 1124/175/175 748/174/174
f 1032/2425/2399 303/1825/1817 2205/2477/2448
f 2414/380/379 1372/2218/2202 675/2478/2449
f 1170/989/988 884/658/657 2256/1266/1265
f 291/794/793 31/1879/1871 233/683/682
f 189/2189/1897 2241/1623/1621 314/1622/1620
f 1501/154/154 1919/153/153 857/2195/2179
f 217/1141/1140 1727/221/220 1613/573/572
f 2135/1003/1002 1336/2008/1995 279/1004/1003
f 664/1535/1533 590/2330/2314 1263/297/296
f 2530/1991/1978 1862/396/395 1429/125/125
f 1429/125/125 1862/396/395 601/2462/2434
f 2314/22/22 108/2479/2450 1376/2315/2299
f 1980/1642/1640 222/990/989 218/2374/2352
f 405/1595/1593 1427/724/723 1327/723/722
f 781/2341/2323 2006/1741/1735 1154/2061/2047
f 433/1259/1258 2432/896/895 2518/895/894
f 1250/788/787 2205/2477/2448 39/789/788
f 364/2480/2451 1083/634/633 527/633/632
f 2125/2171/2156 1968/2396/2373 1738/2190/2174
f 997/2267/2251 2583/2404/2381 2295/1172/1171
f 980/1060/1059 1186/1773/1766 982/734/733
f 1439/646/645 2189/1276/1275 117/1440/1438
f 1623/1080/1079 722/497/496 226/1423/1422
f 1368/340/339 1438/2481/2452 339/1838/1830
f 901/2363/2343 1160/580/579 366/579/578
f 896/375/374 822/2100/2086 676/376/375
f 2581/1949/1938 95/2482/2453 186/1812/1804
f 381/1443/1441 2534/2483/2454 1541/2472/2444
f 859/1598/1596 1482/1597/1595 1703/1954/1943
f 224/980/979 2039/979/978 1112/1719/1714
f 125/42/42 798/44/44 229/1497/1495
f 10/2413/2390 2136/2412/2389 1349/2153/2139
f 677/1550/1548 1954/2484/2455 2226/106/106
f 2132/2485/1426 887/2332/179 1148/1549/1547
f 1256/761/760 1642/2463/2435 2533/759/758
f 2421/1853/1845 509/2119/2105 1685/2432/2406
f 35/1759/1753 234/888/887 748/174/174
f 2539/2023/2010 1651/687/686 2260/686/685
f 1109/551/550 325/2047/2033 773/2353/2333
f 1756/1230/1229 592/2142/2128 2023/1228/1227
f 1652/509/508 515/438/437 1099/1444/1442
f 312/2461/2433 2155/1064/1063 200/1144/1143
f 1509/1671/1669 958/2162/2147 808/2231/2215
f 1298/2111/2097 2317/292/291 2199/1235/1234
f 1664/2486/2456 1460/1806/1798 2306/1805/1797
f 1242/2234/2218 2315/1369/1368 1003/2334/2316
f 1035/1297/1296 1373/1103/1102 1300/1448/1446
f 168/1907/1899 77/1379/1378 1137/2275/2259
f 1733/1760/1754 1813/692/691 1765/2159/2144
f 2165/1231/1230 350/748/747 963/1285/1284
f 347/1960/1949 129/2053/2039 2547/470/469
f 1038/2108/2094 54/1946/1936 1815/2107/2093
f 2000/1388/1387 2429/2487/2457 2278/23/23
f 335/421/420 2243/116/116 1667/1321/1320
f 1358/1503/1501 10/2413/2390 2208/2042/2028
f 800/1783/1776 595/1058/1057 2333/1031/1030
f 1118/2213/2197 2450/2488/2458 1662/2214/2198
f 1598/863/862 1787/2489/2459 1786/316/315
f 768/1445/1443 545/582/581 274/584/583
f 1049/1322/1321 1991/2490/2460 456/1323/1322
f 78/249/248 1659/248/247 1143/1386/1385
f 1808/2018/2005 536/1665/1663 1928/1873/1865
f 1902/354/353 398/2009/1996 1336/2008/1995
f 1661/2216/2200 1798/1937/1928 2123/1287/1286
f 335/421/420 1667/1321/1320 42/2491/2461
f 1461/649/648 2284/1993/1980 1422/650/649
f 205/2333/2315 1095/2048/2034 1794/2492/2462
f 1910/31/31 1923/2493/2463 689/32/32
f 1709/1066/1065 2399/506/505 1357/1602/1600
f 2569/569/568 2532/101/101 492/1197/1196
f 1784/1668/1666 483/1749/1743 199/1504/1502
f 2178/2112/2098 2237/2169/2154 651/2298/2282
f 2398/523/522 1062/1546/1544 2194/1545/1543
f 2272/1974/1962 1792/1659/1657 913/1896/1888
f 989/433/432 2082/2494/2464 1548/1566/1564
f 1471/2222/2206 831/2110/2096 1004/2495/2465
f 2211/2268/2252 1947/1346/1345 64/1195/1194
f 1057/1923/1915 2355/1925/1917 1787/2489/2459
f 1677/1360/1359 2318/1359/1358 2159/1996/1983
f 2379/1525/1523 1421/606/605 2334/1917/1909
f 2391/86/86 1152/1213/1212 1489/779/778
f 1550/420/419 741/1616/1614 1903/802/801
f 1203/246/245 2408/2409/2386 622/2308/2292
f 777/1207/1206 578/1501/1499 1802/1500/1498
f 925/2434/2408 1850/1122/1121 368/132/132
f 1966/1381/1380 11/370/369 1921/1382/1381
f 921/2235/2219 2099/843/842 1267/845/844
f 1276/1442/1440 2204/1102/1101 2534/2483/2454
f 2024/2196/2180 863/1495/1493 2399/506/505
f 1689/1251/1250 1266/2069/2055 436/1252/1251
f 1405/424/423 2107/1939/1930 2144/422/421
f 1056/1988/1975 331/2496/2466 41/2180/2165
f 299/1392/1391 890/707/706 966/706/705
f 2006/1741/1735 2396/806/805 1575/805/804
f 753/1145/1144 172/2497/2467 977/2260/2244
f 2405/210/209 1276/1442/1440 1065/49/49
f 725/1975/1963 1302/1441/1439 117/1440/1438
f 1637/431/430 848/2498/2468 1812/432/431
f 1816/1834/1826 1352/2337/2319 1604/2336/2318
f 1971/2499/2469 1352/2337/2319 1816/1834/1826
f 1087/461/460 1132/307/306 1380/847/846
f 911/1649/1647 1091/1817/1809 1050/1650/1648
f 1586/2185/2170 368/132/132 1354/2350/2330
f 1156/2331/1898 1954/2484/2455 677/1550/1548
f 871/822/821 823/1265/1264 1137/2275/2259
f 1609/697/696 472/696/695 517/204/203
f 833/2438/2412 1922/1977/1965 1415/1979/1967
f 1195/56/56 2067/55/55 2316/2232/2216
f 2/1493/1491 1033/1733/1728 318/2500/2470
f 649/840/839 657/1201/1200 122/2046/2032
f 2107/1939/1930 744/2501/2471 2309/364/363
f 2150/1585/1583 1463/1168/1167 239/2088/2074
f 206/34/34 1855/1633/1631 344/35/35
f 753/1145/1144 977/2260/2244 2053/1894/1886
f 2324/2204/2188 1073/2459/2431 1958/2205/2189
f 1138/679/678 1529/95/95 2221/2006/1993
f 835/651/650 1587/629/628 330/631/630
f 1742/2065/2051 663/1190/1189 294/2339/2321
f 1524/1210/1209 1833/1502/1500 1748/1241/1240
f 1445/2471/2443 2443/2437/2411 968/2502/2472
f 364/2503/2451 1865/2504/2022 2158/2505/2473
f 515/438/437 799/437/436 1093/614/613
f 1787/2489/2459 2355/1925/1917 1265/317/316
f 1403/2240/2224 1944/2239/2223 634/2465/2437
f 2368/1924/1916 1435/1709/1704 1164/1310/1309
f 195/279/278 190/278/277 1124/175/175
f 1792/1659/1657 692/1658/1656 913/1896/1888
f 267/1099/1098 913/1896/1888 692/1658/1656
f 1658/2506/2474 310/675/674 1518/1415/1414
f 1055/596/595 796/2301/2285 1811/2507/2475
f 2282/1316/1315 2253/1019/1018 469/2243/2227
f 2416/1533/1531 1616/1955/1944 1250/788/787
f 1097/2017/2004 2428/1055/1054 237/2113/2099
f 45/471/470 930/1225/1224 2177/472/471
f 2522/919/918 1311/1679/1677 1294/273/272
f 971/776/775 933/778/777 1781/382/381
f 1162/377/376 676/376/375 709/780/779
f 2302/1948/1937 1414/2343/2325 2517/1603/1601
f 1520/1000/999 1041/2410/2387 1155/1001/1000
f 1695/911/910 2309/364/363 2137/363/362
f 2265/899/898 470/1809/1801 1615/1835/1827
f 1788/971/970 1821/1327/1326 1686/2344/2326
f 1652/509/508 1052/1194/1193 1054/436/435
f 739/1136/1135 738/833/832 1880/2283/2267
f 2041/2508/2476 1223/2448/2421 474/2272/2256
f 12/2405/2382 1525/2509/2477 2042/1751/1745
f 1933/2076/2062 2316/2232/2216 2133/2510/2478
f 370/197/197 1010/199/199 1977/545/544
f 2084/2511/2029 131/1267/1266 1021/2512/1405
f 2370/2442/2416 276/2443/2417 920/2513/2479
f 193/1684/1681 1545/912/911 292/655/654
f 2354/2417/2393 2133/2510/2478 276/2443/2417
f 439/2445/2419 637/2188/2173 558/223/222
f 1422/650/649 311/1520/1518 1693/648/647
f 1131/567/566 1204/2152/2138 2269/88/88
f 1442/43/43 978/1864/1856 2398/523/522
f 1660/1113/1112 1359/1963/1952 1298/2111/2097
f 2084/2511/2029 1028/1227/1226 131/1267/1266
f 1633/550/549 579/552/551 1793/879/878
f 1555/121/121 1682/1526/1524 2251/2020/2007
f 1291/2514/2480 722/497/496 1623/1080/1079
f 654/1976/1964 1899/2197/2181 1133/1886/1878
f 1857/1336/1335 60/1059/1058 2175/1528/1526
f 1325/1981/1969 2231/1438/1436 227/1439/1437
f 151/84/84 1086/618/617 1069/85/85
f 910/166/166 29/170/170 161/600/599
f 124/1727/1722 795/1075/1074 1991/2490/2460
f 94/2155/2140 1158/2154/1720 1235/2329/2313
f 2465/2515/1429 1029/2516/743 1938/746/745
f 24/163/163 535/1002/1001 2396/806/805
f 1205/2517/2481 1791/1926/1918 1196/2518/2482
f 1039/200/200 2476/202/201 1710/1408/1407
f 2093/1600/1598 66/263/262 242/265/264
f 2319/2398/2375 1596/2519/2483 1566/854/853
f 77/1379/1378 1364/2115/2101 2372/1377/1376
f 1515/2181/2166 1762/2359/2339 2503/2182/2167
f 1149/1592/1590 1465/1591/1589 2484/1390/1389
f 1458/2520/2484 1691/360/359 1757/2521/2485
f 293/118/118 546/1726/1721 124/1727/1722
f 25/2024/2011 426/702/701 2002/73/73
f 1220/581/580 2195/867/866 1304/2522/2486
f 381/1443/1441 1412/1696/1692 587/50/50
f 2208/2042/2028 1749/1282/1281 1423/576/575
f 786/1169/1168 1886/1553/1551 1725/144/144
f 1365/1154/1153 257/615/614 1948/1554/1552
f 180/2082/2068 839/1350/1349 2394/2095/2081
f 255/2357/2337 647/2431/2405 1601/483/482
f 1567/1898/1890 1534/91/91 2187/90/90
f 1948/1554/1552 257/615/614 2214/1555/1553
f 45/471/470 1194/2371/2349 1889/1771/1764
f 716/111/111 1286/1823/1815 550/1822/1814
f 2011/1674/1672 765/325/324 212/2449/2422
f 2292/527/526 2459/219/218 1852/305/304
f 1216/2256/2240 2371/1678/1676 1044/2313/2297
f 1832/440/439 2181/715/714 44/1723/1718
f 2028/1950/1939 1167/984/983 953/65/65
f 467/1543/1541 123/1332/1331 193/1684/1681
f 1953/89/89 1081/177/177 1269/1488/1486
f 2513/304/303 2116/303/302 1774/813/812
f 2266/966/965 723/727/726 360/38/38
f 476/2306/2290 1178/2305/2289 903/1625/1623
f 2584/1167/1166 1586/2185/2170 1894/2274/2258
f 775/2340/2322 663/1190/1189 2340/164/164
f 1897/536/535 88/916/915 2183/601/600
f 1515/2181/2166 1743/2523/2487 1409/2358/2338
f 660/1757/1751 1556/1044/1043 748/174/174
f 1641/1931/1923 211/2433/2407 1867/1932/1924
f 7/1341/1340 723/727/726 1410/726/725
f 891/1262/1261 210/934/933 75/2453/2426
f 1749/1282/1281 2208/2042/2028 1574/1120/1119
f 1574/1120/1119 2208/2042/2028 10/2413/2390
f 1698/2036/486 527/633/632 1293/2524/2488
f 1816/1834/1826 675/2478/2449 1971/2499/2469
f 1483/2525/2489 1851/2134/2120 2321/2526/2490
f 2250/1018/1017 1948/1554/1552 1200/1556/1554
f 1655/1375/1374 1901/110/110 1213/112/112
f 267/1099/1098 1414/2343/2325 1595/1100/1099
f 498/315/314 860/928/927 922/949/948
f 2561/192/192 2362/1927/1919 1867/1932/1924
f 1918/1217/1216 442/2527/2491 1434/1216/1215
f 368/132/132 1543/131/131 1354/2350/2330
f 1078/428/427 1885/1521/1519 1009/429/428
f 1511/1821/1813 1737/2147/2133 2165/1231/1230
f 1977/545/544 435/1311/1310 1514/546/545
f 2102/2277/2261 914/1345/1344 2011/1674/1672
f 2417/1146/1145 2053/1894/1886 1743/2523/2487
f 1870/2528/2492 2083/1607/1605 213/1606/1604
f 208/2287/2271 1759/915/914 2249/914/913
f 1996/185/185 1257/187/187 2436/1278/1277
f 1745/1653/1651 1448/2014/2001 1829/1644/1642
f 2164/2342/2324 235/416/415 519/1863/1855
f 1215/1499/1497 102/407/406 784/607/606
f 820/2529/2493 744/2501/2471 2107/1939/1930
f 2325/1843/1835 651/2298/2282 390/1572/1570
f 1685/2432/2406 1572/445/444 2202/2372/2350
f 1453/2325/2309 2362/1927/1919 377/2447/2420
f 2542/1477/1475 2418/267/266 306/599/598
f 1604/2336/2318 2419/900/899 1615/1835/1827
f 2454/1129/1128 1240/905/904 1673/904/903
f 2303/1934/1926 2379/1525/1523 2153/334/333
f 2409/2530/2057 1426/2531/2494 1396/2279/2263
f 100/1656/1654 1537/1104/1103 1086/618/617
f 1951/2451/2424 556/2081/2067 1465/1591/1589
f 1519/490/489 861/1116/1115 2534/2483/2454
f 1301/280/279 100/1656/1654 1086/618/617
f 585/235/234 212/2449/2422 375/960/959
f 2344/2475/2447 1287/2408/2385 1184/2407/2384
f 480/1792/1785 1707/2083/2069 1368/340/339
f 480/1792/1785 1368/340/339 2167/2532/2495
f 968/2502/2472 363/1718/1713 2584/1167/1166
f 2193/2533/2496 1711/2534/2497 2306/1805/1797
f 1121/730/729 22/2535/2498 2049/136/136
f 682/482/481 1108/484/483 2068/2536/2499
f 1264/2158/2143 1699/938/937 1339/1202/1201
f 72/1562/1560 2233/1156/1155 1607/1462/1460
f 2225/625/624 939/1518/1516 1998/1848/1840
f 2348/1747/1741 2288/1599/1597 2290/1601/1599
f 2504/349/348 207/114/114 874/113/113
f 386/2087/2073 225/1683/1680 1930/526/525
f 29/170/170 880/2104/2090 150/332/331
f 2449/1071/1070 2309/364/363 744/2501/2471
f 122/2046/2032 1374/1200/1199 1669/1753/1747
f 682/482/481 2068/2536/2499 2078/1429/1428
f 2572/64/64 1514/546/545 847/836/835
f 1446/2473/2445 1547/910/909 1695/911/910
f 1159/2116/2102 1547/910/909 1446/2473/2445
f 328/1877/1869 1931/2092/2078 1932/1895/1887
f 859/1598/1596 1703/1954/1943 2373/2375/2353
f 323/480/479 906/1511/1509 1610/1522/1520
f 58/1095/1094 1487/1594/1592 1939/1096/1095
f 475/1367/1366 1371/931/930 1447/1157/1156
f 1395/1446/1444 785/45/45 2352/705/704
f 2018/1852/1844 1937/1361/1360 163/2120/2106
f 568/2109/2095 1809/1885/1877 1517/2537/2500
f 73/834/833 2466/2202/2186 2494/318/317
f 667/542/541 1481/2538/1549 1440/1940/708
f 1868/2361/2341 773/2353/2333 325/2047/2033
f 1938/746/745 936/745/744 1189/1338/1337
f 981/54/54 1195/56/56 1182/1883/1875
f 274/584/583 1127/2086/2072 1360/785/784
f 354/1351/1350 1718/1854/1846 2157/1352/1351
f 1037/695/694 2385/1675/1673 1783/1710/1705
f 2001/933/932 1121/730/729 881/2539/2501
f 889/1077/1076 1399/1076/1075 1863/81/81
f 1114/373/372 2067/55/55 981/54/54
f 2572/64/64 2213/827/826 1977/545/544
f 1007/2540/2502 1639/2294/2278 1238/1034/1033
f 1227/1048/1047 850/572/571 115/543/542
f 702/1945/1935 720/359/358 373/664/663
f 1255/1516/1514 409/1515/1513 739/1136/1135
f 2272/1974/1962 1028/1227/1226 1148/1549/1547
f 1567/1898/1890 1023/1667/1665 912/1669/1667
f 1041/2410/2387 1520/1000/999 833/2438/2412
f 38/925/924 865/1903/1895 80/923/922
f 2407/674/673 1362/673/672 1810/276/275
f 84/781/780 395/771/770 2384/782/781
f 185/866/865 1464/1722/1717 2112/2541/2503
f 2408/2409/2386 623/286/285 478/1563/1561
f 2041/2508/2476 2571/1509/1507 1449/1510/1508
f 1579/2474/2446 2525/1589/1587 93/2389/2367
f 1486/2079/2065 1013/2015/2002 813/2542/2504
f 1565/357/356 720/359/358 430/1531/1529
f 1420/1700/1695 1033/1733/1728 421/1701/1696
f 2342/2237/2221 327/2259/2243 612/2238/2222
f 258/2257/2241 327/2259/2243 2342/2237/2221
f 28/2327/2311 21/733/732 1006/732/731
f 1980/1642/1640 218/2374/2352 1557/2217/2201
f 1473/57/57 216/59/59 469/2243/2227
f 146/1253/1252 2072/736/735 188/735/734
f 443/1324/1323 2020/1584/1582 1306/1115/1114
f 417/2543/2505 1399/1076/1075 1914/2150/2136
f 1281/2016/2003 1393/214/213 2330/856/855
f 2273/226/225 2338/1007/1006 845/2143/2129
f 282/2128/2114 854/519/518 1444/1908/1900
f 1124/175/175 190/278/277 2113/995/994
f 2386/107/107 934/1646/1644 2475/2135/2121
f 812/1036/1035 220/1664/1662 1045/1666/1664
f 2159/1996/1983 2318/1359/1358 1766/1971/1959
f 1757/2521/2485 1931/2092/2078 2298/2091/2077
f 2301/1491/1489 569/1078/1077 2420/641/640
f 2492/182/182 1526/2386/2364 1405/424/423
f 1044/2313/2297 1027/2292/2276 1168/2303/2287
f 1074/423/422 2144/422/421 1023/1667/1665
f 731/2440/2414 2172/2291/2275 714/1130/1129
f 2249/914/913 1897/536/535 734/538/537
f 1455/1845/1837 489/2054/2040 2261/2074/2060
f 1252/844/843 992/1051/1050 1970/1861/1853
f 1973/1014/1013 50/1015/1014 281/140/140
f 1287/2408/2385 2344/2475/2447 308/1025/1024
f 245/1289/1288 99/2544/2506 764/167/167
f 386/2087/2073 228/1582/1580 2033/2031/2018
f 1341/1283/1282 1730/230/229 2169/229/228
f 2323/2149/2135 181/2148/2134 2244/1413/1412
f 1647/2133/2119 2321/2526/2490 1851/2134/2120
f 1589/1312/1311 156/603/602 650/477/476
f 1102/2545/2507 80/923/922 865/1903/1895
f 751/1106/1105 52/1105/1104 1864/2131/2117
f 274/584/583 2009/2220/2204 1127/2086/2072
f 1361/1250/1249 1684/2397/2374 2543/2179/2164
f 1599/1114/1113 2199/1235/1234 1580/1730/1725
f 2206/451/450 1160/580/579 679/449/448
f 1821/1327/1326 2086/504/503 1092/2546/2508
f 2265/899/898 1615/1835/1827 2419/900/899
f 1423/576/575 1492/875/874 1561/577/576
f 374/503/502 2055/943/942 624/502/501
f 2142/1958/1947 1989/1655/1653 1758/2000/1987
f 618/1820/1812 1680/2458/2430 1737/2147/2133
f 884/658/657 1349/2153/2139 2136/2412/2389
f 1049/1322/1321 927/1992/1979 1991/2490/2460
f 637/2188/2173 815/1062/1061 1036/1063/1062
f 775/2340/2322 2340/164/164 915/2345/2327
f 901/2363/2343 2566/2248/2232 2337/2436/2410
f 1509/1671/1669 488/1538/1536 1706/2163/2148
f 2439/485/484 1698/487/486 1293/2547/2488
f 1620/2444/2418 543/2278/2262 1106/873/872
f 1164/1310/1309 2274/2282/2266 563/832/831
f 374/503/502 340/180/180 573/1483/1481
f 2051/2548/2509 1228/2033/2020 1363/220/219
f 961/1079/1078 974/1647/1645 964/1746/1740
f 2467/1997/1984 2505/1247/1246 442/2527/2491
f 2223/2549/2510 650/477/476 334/479/478
f 1924/1088/1087 599/1697/1693 126/2211/2195
f 1784/1668/1666 2144/422/421 2107/1939/1930
f 257/615/614 44/1723/1718 2214/1555/1553
f 755/30/30 1793/879/878 2376/28/28
f 581/2550/2511 2191/193/193 866/2383/2361
f 1665/1729/1724 1907/350/349 548/473/472
f 626/1739/1733 365/1514/1512 636/2252/2236
f 1746/996/995 260/2101/2087 853/419/418
f 807/1900/1892 2410/855/854 2218/1901/1893
f 377/2447/2420 1791/1926/1918 1453/2325/2309
f 2257/1255/1254 2267/264/263 66/263/262
f 414/1133/1132 1715/1010/1009 1611/564/563
f 828/1866/1858 2577/2391/2369 1729/1867/1859
f 2172/2291/2275 1908/2450/2423 714/1130/1129
f 2481/2172/2157 2551/2551/2512 797/2263/2247
f 10/2413/2390 1349/2153/2139 1574/1120/1119
f 371/2552/2513 372/1779/1772 2142/1958/1947
f 2467/1997/1984 442/2527/2491 1918/1217/1216
f 546/1726/1721 2378/793/792 2028/1950/1939
f 2217/1912/1904 40/974/973 1119/973/972
f 2543/2179/2164 1684/2397/2374 1920/1090/1089
f 2228/1301/1300 2039/979/978 1268/981/980
f 1859/1119/1118 1772/2199/2183 2007/2553/2514
f 275/571/570 1613/573/572 1827/1180/1179
f 46/668/667 2100/301/300 184/666/665
f 1145/10/10 630/12/12 170/613/612
f 1757/2521/2485 1691/360/359 1390/243/242
f 852/1005/1004 1602/1006/1005 2338/1007/1006
f 1539/2554/2515 2138/2094/2080 614/1475/1473
f 2444/557/556 2138/2094/2080 1539/2554/2515
f 174/1787/1780 2583/2404/2381 997/2267/2251
f 1053/2555/2516 2518/895/894 1181/1165/1164
f 436/1252/1251 463/459/458 1972/260/259
f 459/256/255 581/2550/2511 1079/2184/2169
f 597/135/135 2331/2430/2404 484/2556/2517
f 2118/2310/2294 153/1858/1850 1969/390/389
f 1765/2159/2144 2466/2202/2186 606/1135/1134
f 870/138/138 1106/873/872 745/126/126
f 2568/2210/2194 2430/2209/2193 2222/2557/2518
f 2021/2558/2519 298/1093/1092 2024/2196/2180
f 1505/2420/2396 2423/2004/1991 1108/484/483
f 2553/2228/2212 41/2180/2165 331/2496/2466
f 1877/2559/2520 155/1941/1931 1430/1610/1608
f 1986/1702/1697 1329/1651/1649 2160/680/679
f 1214/1173/1172 12/2405/2382 2042/1751/1745
f 810/1791/1784 1703/1954/1943 2498/772/771
f 592/2142/2128 2234/592/591 1019/2250/2234
f 801/281/280 2120/1965/1954 201/2056/2042
f 1011/1611/1609 1352/2337/2319 144/328/327
f 326/947/946 1681/1447/1445 2473/1393/1392
f 2497/2560/2379 86/796/795 1453/2366/2309
f 1085/2561/2521 1658/2506/2474 1366/2562/2522
f 459/256/255 2457/130/130 804/129/129
f 1899/2197/2181 391/2215/2199 72/1562/1560
f 1458/2520/2484 2298/2091/2077 1848/6/6
f 1911/722/721 1528/119/119 2393/883/882
f 509/2119/2105 1572/445/444 1685/2432/2406
f 2343/1902/1894 2218/1901/1893 2224/1672/1670
f 1231/1042/1041 685/2136/2122 1547/910/909
f 2499/1170/1169 1291/2514/2480 176/2251/2235
f 2499/1170/1169 1384/620/619 1291/2514/2480
f 1169/1876/1868 1621/1123/1122 1850/1122/1121
f 119/2563/2523 76/1344/1343 1807/1620/1618
f 1762/2359/2339 1409/2358/2338 2445/1118/1117
f 2183/601/600 88/916/915 1155/1001/1000
f 121/2381/2359 47/1455/1453 1296/1454/1452
f 915/2345/2327 219/676/675 1085/2561/2521
f 1730/230/229 1341/1283/1282 1118/2213/2197
f 657/1201/1200 649/840/839 2201/141/141
f 1627/2034/2021 527/633/632 724/632/631
f 1766/1971/1959 1945/1973/1961 1171/2099/2085
f 1121/730/729 2049/136/136 881/2539/2501
f 439/2445/2419 802/491/490 637/2188/2173
f 1468/2029/2016 2163/2265/2249 514/2400/2377
f 1697/1125/1124 1839/2564/1757 1180/2565/2524
f 1627/2034/2021 1176/2002/1989 876/2138/2124
f 438/1712/1707 2220/698/697 258/2257/2241
f 375/960/959 2146/2299/2283 580/961/960
f 1774/813/812 1955/1944/1934 1313/812/811
f 58/1095/1094 348/1728/1723 262/94/94
f 832/2566/2525 2425/2207/2191 1064/2567/2526
f 2181/715/714 475/1367/1366 1447/1157/1156
f 2040/2130/2116 453/2253/2237 893/2021/2008
f 1488/173/173 1101/2370/2348 2277/955/954
f 1163/222/221 1727/221/220 217/1141/1140
f 1769/1994/1981 2284/1993/1980 2375/233/232
f 5/500/499 1098/499/498 1888/1383/1382
f 1552/533/532 995/535/534 1987/917/916
f 1461/649/648 1693/648/647 2329/1875/1867
f 2081/1890/1882 600/891/890 1689/1251/1250
f 2281/1527/1525 176/2251/2235 346/716/715
f 2509/1583/1581 752/494/493 135/493/492
f 479/39/39 2501/1256/1255 979/37/37
f 364/2480/2451 403/2013/2000 171/2012/1999
f 360/38/38 7/1341/1340 2436/1278/1277
f 158/1185/1184 547/51/51 1408/53/53
f 2341/1841/1833 2439/485/484 618/1820/1812
f 2271/2030/2017 2272/1974/1962 913/1896/1888
f 1255/1516/1514 1321/2254/2238 1456/1517/1515
f 978/1864/1856 1628/1564/1562 1952/1865/1857
f 553/946/945 2479/2051/2037 586/635/634
f 271/2429/2403 132/1140/1139 2046/2568/2527
f 120/351/350 1665/1729/1724 348/1728/1723
f 2147/622/621 2091/1799/1792 1702/1073/1072
f 912/1669/1667 1674/1506/1504 2003/864/863
f 2185/1698/1694 2301/1491/1489 2420/641/640
f 33/1613/1611 1080/645/644 277/254/253
f 1147/2569/2528 1467/906/905 2373/2375/2353
f 622/2308/2292 1373/1103/1102 1035/1297/1296
f 2124/1435/1433 1752/2570/2529 763/2401/2378
f 1713/2307/2291 2342/2237/2221 1198/2571/2530
f 1451/595/594 840/941/940 1387/1910/1902
f 495/1364/1363 437/1559/1557 1060/1362/1361
f 2304/68/68 32/1138/1137 774/66/66
f 1689/1251/1250 1972/260/259 2059/1373/1372
f 2481/2172/2157 388/643/642 1135/2177/2162
f 2063/1826/1818 2310/640/639 1493/97/97
f 1770/323/322 1874/1171/1170 1531/750/749
f 1013/2015/2002 2441/1765/1758 1268/981/980
f 2251/2020/2007 1569/1273/1272 1555/121/121
f 768/1445/1443 274/584/583 1360/785/784
f 1391/790/789 2062/1124/1123 1678/1856/1848
f 2500/24/24 1782/2572/2531 108/2479/2450
f 2433/2322/2306 2180/1721/1716 2048/1750/1744
f 1146/710/709 1440/709/708 1481/1551/1549
f 1576/2573/2532 1392/1132/1131 1466/455/454
f 1714/1329/1328 128/1328/1327 1984/339/338
f 1622/2574/2533 985/1226/1225 123/1332/1331
f 2566/2248/2232 1847/2247/2231 1760/1474/1472
f 1549/178/178 1204/2152/2138 2490/566/565
f 556/2081/2067 712/2388/2366 2087/1619/1617
f 1350/1542/1540 110/1888/1880 663/1190/1189
f 2010/717/716 2532/101/101 721/718/717
f 1526/2386/2364 1061/1686/1683 744/2501/2471
f 1645/1409/1408 1666/2575/2534 180/2082/2068
f 1944/2239/2223 405/1595/1593 634/2465/2437
f 2369/1416/1415 644/814/813 1925/2576/2535
f 2503/2182/2167 1758/2000/1987 2071/1989/1976
f 1559/605/604 1502/604/603 560/7/7
f 32/1138/1137 601/2462/2434 729/397/396
f 300/333/332 150/332/331 2564/1990/1977
f 1356/1318/1317 396/1017/1016 2282/1316/1315
f 185/866/865 1220/581/580 1160/580/579
f 777/1207/1206 1802/1500/1498 322/2390/2368
f 477/1426/1425 2475/2135/2121 988/1919/1911
f 2429/2487/2457 2525/1589/1587 2500/24/24
f 2453/2455/2428 667/542/541 1047/544/543
f 2398/523/522 2194/1545/1543 640/1872/1864
f 1968/2396/2373 2097/2293/2277 1738/2190/2174
f 1928/1873/1865 68/1049/1048 2157/1352/1351
f 337/335/334 1020/311/310 1177/1574/1572
f 2292/527/526 1484/1280/1279 2463/1452/1450
f 1499/671/670 608/1829/1821 1046/2577/2536
f 2161/2005/1992 520/1694/1690 98/1807/1799
f 1073/2459/2431 2324/2204/2188 331/2496/2466
f 1116/1188/1187 70/1768/1761 2435/2186/2171
f 1099/1444/1442 1321/2254/2238 1880/2283/2267
f 1248/1074/1073 2484/1390/1389 299/1392/1391
f 2537/1893/1885 2253/1019/1018 2250/1018/1017
f 454/1695/1691 520/1694/1690 1665/1729/1724
f 2007/2553/2514 1285/1281/1280 1749/1282/1281
f 1288/756/755 2470/1340/1339 417/2543/2505
f 818/965/964 1754/2057/2043 1756/1230/1229
f 1641/1931/1923 865/1903/1895 211/2433/2407
f 1272/1978/1966 1437/2427/2401 2456/1789/1782
f 570/1970/1958 1620/2444/2418 870/138/138
f 916/2052/2038 1455/1845/1837 2448/1844/1836
f 2421/1853/1845 2018/1852/1844 163/2120/2106
f 163/2120/2106 509/2119/2105 2421/1853/1845
f 143/1101/1100 1521/271/270 1275/534/533
f 2539/2023/2010 1403/2240/2224 1651/687/686
f 2240/1461/1459 1424/1299/1298 1261/2578/2537
f 520/1694/1690 400/2037/2023 348/1728/1723
f 777/1207/1206 322/2390/2368 182/1828/1820
f 1933/2076/2062 2133/2510/2478 1849/2077/2063
f 2317/292/291 1490/2288/2272 82/293/292
f 595/1058/1057 2173/341/340 1707/2083/2069
f 2189/1276/1275 1605/1275/1274 117/1440/1438
f 1038/2108/2094 2376/28/28 54/1946/1936
f 1876/93/93 1487/1594/1592 262/94/94
f 380/1404/1403 879/1293/1292 59/2579/2538
f 121/2381/2359 736/738/737 47/1455/1453
f 491/2580/2539 148/1456/1454 2004/1458/1456
f 2373/2375/2353 605/2032/2019 1147/2569/2528
f 1123/2064/2050 908/1534/1532 2019/2125/2111
f 531/1222/1221 1385/2080/2066 89/725/724
f 580/961/960 1250/788/787 1616/1955/1944
f 2230/1292/1291 1603/257/256 2363/259/258
f 2577/2391/2369 726/586/585 1729/1867/1859
f 388/643/642 780/642/641 1135/2177/2162
f 1598/863/862 1057/1923/1915 1787/2489/2459
f 2507/2270/2254 474/2272/2256 48/2316/2300
f 1185/1371/1370 2130/2581/2540 1072/1084/1083
f 2054/929/928 247/930/929 2162/913/912
f 2170/92/92 1534/91/91 2003/864/863
f 1675/2582/2541 798/44/44 59/2579/2538
f 1902/354/353 917/1395/1394 398/2009/1996
f 1526/2386/2364 820/2529/2493 1405/424/423
f 1674/1506/1504 912/1669/1667 199/1504/1502
f 1528/119/119 1104/1422/1421 2235/2010/1997
f 1726/1334/1333 602/2041/2027 193/1684/1681
f 126/2211/2195 1541/2472/2444 521/1484/1482
f 1221/2068/2054 146/1253/1252 1740/661/660
f 2306/1805/1797 1764/754/753 283/753/752
f 800/1783/1776 917/1395/1394 2210/553/552
f 1107/324/323 1531/750/749 582/752/751
f 2446/329/328 2203/1121/1120 2480/1494/1492
f 1299/355/354 2308/143/143 909/1/1
f 1225/1326/1325 1670/1325/1324 945/409/408
f 1268/981/980 224/980/979 813/2542/2504
f 43/525/524 1735/411/410 806/413/412
f 1130/878/877 1735/411/410 43/525/524
f 1881/1711/1706 616/714/713 1037/695/694
f 2254/2123/2109 1310/688/687 307/882/881
f 2546/2426/2400 1799/2063/2049 1340/870/869
f 269/588/587 867/1593/1591 226/1423/1422
f 2454/1129/1128 1970/1861/1853 1240/905/904
f 2493/1738/1732 718/1737/1731 1473/57/57
f 183/1086/1085 1157/1742/1736 1705/1175/1174
f 897/713/712 1157/1742/1736 183/1086/1085
f 694/1296/1295 755/30/30 429/29/29
f 2236/1544/1542 1062/1546/1544 2242/1305/1304
f 2364/405/404 102/407/406 1308/1498/1496
f 2432/896/895 433/1259/1258 2185/1698/1694
f 1449/1510/1508 2072/736/735 1221/2068/2054
f 218/2374/2352 1477/474/473 287/2193/2177
f 2078/1429/1428 2068/2536/2499 1801/1428/1427
f 196/2121/2107 1259/2583/2542 2533/759/758
f 427/1815/1807 1060/1362/1361 973/945/944
f 1590/2466/2438 1221/2068/2054 1740/661/660
f 2249/914/913 88/916/915 1897/536/535
f 699/76/76 1417/1098/1097 1822/77/77
f 1262/1164/1163 1436/2090/2076 1181/1165/1164
f 972/2584/2543 2021/2558/2519 1709/1066/1065
f 1684/2397/2374 1455/1845/1837 2261/2074/2060
f 537/2585/2544 1777/498/497 1159/2116/2102
f 2412/1295/1294 1943/704/703 2352/705/704
f 1508/1279/1278 1998/1848/1840 846/1847/1839
f 98/1807/1799 1554/2351/2331 1801/1428/1427
f 2365/1824/1816 39/789/788 2205/2477/2448
f 1137/2275/2259 2454/1129/1128 168/1907/1899
f 640/1872/1864 2236/1544/1542 2106/79/79
f 1547/910/909 685/2136/2122 379/2137/2123
f 110/1888/1880 1350/1542/1540 552/1578/1576
f 2519/1432/1430 2376/28/28 1626/1874/1866
f 1901/110/110 200/1144/1143 948/1143/1142
f 1829/1644/1642 1448/2014/2001 1842/1463/1461
f 764/167/167 1507/2258/2242 258/2257/2241
f 34/1983/1971 1345/1882/1874 892/2284/2268
f 171/2012/1999 1975/616/615 693/75/75
f 489/2054/2040 129/2053/2039 285/1959/1948
f 1369/18/18 952/17/17 2430/2209/2193
f 2206/451/450 139/1039/1038 1160/580/579
f 1067/2049/2035 1142/2050/2036 945/409/408
f 329/268/267 1631/1233/1232 696/1024/1023
f 1882/548/547 196/2121/2107 2096/549/548
f 1359/1963/1952 1490/2288/2272 2317/292/291
f 1294/273/272 875/1878/1870 291/794/793
f 566/196/196 559/1229/1228 2394/2095/2081
f 653/1624/1622 934/1646/1644 2226/106/106
f 2140/1139/1138 716/111/111 550/1822/1814
f 1114/373/372 2370/2442/2416 920/2513/2479
f 368/132/132 1850/1122/1121 352/133/133
f 1994/691/690 1289/2145/2131 1862/396/395
f 1489/779/778 1152/1213/1212 1374/1200/1199
f 807/1900/1892 2343/1902/1894 960/694/693
f 2025/2586/2545 2149/1868/1860 1957/2346/2328
f 137/1268/1267 159/1660/1658 358/1245/1244
f 1916/1631/1629 1960/556/555 179/2587/2546
f 2297/2360/2340 1448/2014/2001 1330/1957/1946
f 1068/1469/1467 2378/793/792 1416/117/117
f 2154/1027/1026 412/337/336 2231/1438/1436
f 1074/423/422 1567/1898/1890 951/2001/1988
f 2294/623/622 2147/622/621 2301/1491/1489
f 2284/1993/1980 113/1331/1330 1422/650/649
f 1778/986/985 1825/1568/1566 2407/674/673
f 2448/1844/1836 2212/287/286 916/2052/2038
f 164/78/78 1544/82/82 1342/1339/1338
f 2096/549/548 196/2121/2107 2483/2269/2253
f 1293/2524/2488 30/1142/1141 1680/2588/2430
f 1328/1089/1088 1134/817/816 782/819/818
f 993/665/664 684/417/416 6/589/588
f 1367/1892/1884 1200/1556/1554 2214/1555/1553
f 2123/1287/1286 610/2227/2211 1690/1302/1301
f 2351/2419/2395 2195/867/866 1840/2387/2365
f 1658/2506/2474 1518/1415/1414 1396/2279/2263
f 2128/1972/1960 2211/2268/2252 64/1195/1194
f 426/702/701 1577/701/700 383/2044/2030
f 1692/667/666 1979/885/884 1912/1540/1538
f 2475/2135/2121 1789/1645/1643 988/1919/1911
f 1535/1761/1755 762/769/768 903/1625/1623
f 2084/2511/2029 2132/2485/1426 1148/1549/1547
f 731/2440/2414 307/882/881 2172/2291/2275
f 906/1511/1509 1654/1069/1068 779/1479/1477
f 796/2301/2285 1034/372/371 1811/2507/2475
f 1988/2165/2150 645/1794/1787 1562/2290/2274
f 767/289/288 1828/288/287 1790/1218/1217
f 733/347/346 2223/2549/2510 75/2453/2426
f 1430/1610/1608 1246/937/936 1877/2559/2520
f 813/2542/2504 191/2589/2547 1846/384/383
f 1303/1891/1883 791/2126/2112 129/2053/2039
f 588/1016/1015 2246/884/883 660/1757/1751
f 2151/2590/2548 1666/2575/2534 1645/1409/1408
f 800/1783/1776 2210/553/552 2173/341/340
f 1417/1098/1097 1144/361/360 1691/360/359
f 1368/340/339 1717/342/341 1438/2481/2452
f 1879/308/307 524/2070/2056 1140/1724/1719
f 2140/1139/1138 2521/1342/1341 32/1138/1137
f 1265/317/316 1786/316/315 1787/2489/2459
f 2038/1309/1308 2098/1308/1307 1961/2226/2210
f 737/418/417 1836/398/397 1746/996/995
f 597/135/135 881/2539/2501 2049/136/136
f 2146/2299/2283 765/325/324 1032/2425/2399
f 1464/1722/1717 185/866/865 1070/1038/1037
f 2352/705/704 785/45/45 755/30/30
f 1157/1742/1736 1199/2295/2279 145/2300/2284
f 2496/1576/1574 31/1879/1871 1115/2245/2229
f 1491/1087/1086 831/2110/2096 1924/1088/1087
f 1023/1667/1665 1567/1898/1890 1074/423/422
f 59/2579/2538 2323/2149/2135 380/1404/1403
f 618/1820/1812 735/1819/1811 2341/1841/1833
f 2196/619/618 1537/1104/1103 485/837/836
f 2074/1961/1950 347/1960/1949 1803/1091/1090
f 1241/1304/1303 1312/83/83 1648/959/958
f 1600/2416/2392 532/1705/1700 1906/1995/1982
f 863/1495/1493 1603/257/256 2230/1292/1291
f 1814/1179/1178 318/2500/2470 794/1178/1177
f 2040/2130/2116 1682/1526/1524 2122/120/120
f 1130/878/877 591/123/123 2109/1523/1521
f 361/344/343 2120/1965/1954 801/281/280
f 2302/1948/1937 2517/1603/1601 1553/2192/2176
f 1979/885/884 2514/2129/2115 1912/1540/1538
f 376/797/796 2094/972/971 1102/2591/2507
f 317/488/487 2405/210/209 154/1269/1268
f 564/682/681 1965/1219/1218 221/1982/1970
f 775/2340/2322 1085/2561/2521 583/2338/2320
f 1714/1329/1328 1376/2315/2299 2331/2430/2404
f 782/819/818 490/818/817 1510/412/411
f 2406/2592/2549 2041/2508/2476 1449/1510/1508
f 1313/812/811 1648/959/958 1936/958/957
f 310/675/674 1837/677/676 1320/331/330
f 808/2231/2215 727/2593/2550 1785/62/62
f 34/1983/1971 2339/216/215 740/215/214
f 790/209/208 1309/1270/1269 2405/210/209
f 474/2272/2256 1683/2271/2255 2571/1509/1507
f 1946/165/165 1153/957/956 323/480/479
f 683/1242/1241 2250/1018/1017 2350/1243/1242
f 1737/2147/2133 30/2457/1141 2387/2393/1678
f 116/562/561 1007/2540/2502 2005/563/562
f 725/1975/1963 1605/1275/1274 654/1976/1964
f 790/209/208 510/48/48 1502/604/603
f 1974/768/767 1622/2574/2533 903/1625/1623
f 104/291/290 82/293/292 1470/404/403
f 1995/184/184 2469/2379/2357 933/778/777
f 697/593/592 1501/154/154 2203/1121/1120
f 196/2121/2107 1419/2304/2288 2483/2269/2253
f 2449/1071/1070 744/2501/2471 1135/2177/2162
f 2200/852/851 785/45/45 445/47/47
f 1549/178/178 2490/566/565 1008/2073/2059
f 2037/169/169 245/1289/1288 764/167/167
f 1923/2493/2463 1910/31/31 1045/1666/1664
f 273/1072/1071 1744/963/962 1702/1073/1072
f 2459/219/218 2463/1452/1450 1145/10/10
f 1299/355/354 1807/1620/1618 76/1344/1343
f 1530/1661/1659 61/1050/1049 902/953/952
f 2336/435/434 1869/2594/2296 523/201/137
f 268/1800/1793 1858/1942/1932 825/821/820
f 1352/2337/2319 1993/2194/2178 144/328/327
f 1044/2313/2297 2260/686/685 2254/2123/2109
f 632/1793/1786 480/1792/1785 2167/2532/2495
f 644/814/813 1279/816/815 511/2395/2372
f 1022/578/577 1096/1150/1149 2208/2042/2028
f 957/659/658 1900/1117/1116 1687/657/656
f 2093/1600/1598 242/265/264 2290/1601/1599
f 399/183/183 2492/182/182 1074/423/422
f 1985/1459/1457 1125/729/728 2048/1750/1744
f 694/1296/1295 2352/705/704 755/30/30
f 636/2252/2236 2332/1261/1260 2540/1410/1409
f 1345/1882/1874 34/1983/1971 740/215/214
f 2077/1158/1157 881/2539/2501 484/2556/2517
f 1229/1565/1563 1243/531/530 655/1914/1906
f 827/1663/1661 1499/671/670 1046/2577/2536
f 862/457/456 596/811/810 408/458/457
f 2580/728/727 2433/2322/2306 2048/1750/1744
f 983/611/610 209/1385/1384 1075/1384/1383
f 269/588/587 1322/2595/2551 733/347/346
f 948/1143/1142 1357/1602/1600 1286/1823/1815
f 2056/231/230 1719/740/739 1186/1773/1766
f 1183/801/800 385/1061/1060 130/1214/1213
f 1073/2459/2431 1056/1988/1975 965/1788/1781
f 1442/43/43 789/1198/1197 798/44/44
f 1148/1549/1547 2226/106/106 2272/1974/1962
f 1892/386/385 2193/2533/2496 283/753/752
f 2541/15/15 2287/191/191 2105/2452/2425
f 2105/2452/2425 2291/13/13 2541/15/15
f 1891/1433/1431 1966/1381/1380 1513/2596/2552
f 823/1265/1264 855/2441/2415 714/1130/1129
f 1540/2428/2402 1701/2355/2335 1525/2509/2477
f 1279/816/815 2406/2592/2549 511/2395/2372
f 567/456/455 1549/178/178 2259/128/128
f 1141/1690/1686 2124/1435/1433 2460/1708/1703
f 1238/1034/1033 413/1199/1198 1872/1238/1237
f 1673/904/903 384/903/902 1364/2115/2101
f 1644/1127/1126 702/1945/1935 1716/1012/1011
f 1968/2396/2373 1612/2170/2155 604/2242/2226
f 1666/2575/2534 872/1513/1511 951/2001/1988
f 2428/1055/1054 1191/1054/1053 237/2113/2099
f 964/1746/1740 671/1648/1646 2577/2391/2369
f 1896/2597/2553 675/2478/2449 1816/1834/1826
f 703/1615/1613 1962/1009/1008 2549/1524/1522
f 1831/689/688 502/2105/2091 1217/690/689
f 1948/1554/1552 1042/2314/2298 1365/1154/1153
f 1181/1165/1164 433/1259/1258 1053/2555/2516
f 283/753/752 2193/2533/2496 2306/1805/1797
f 1174/310/309 1020/311/310 337/335/334
f 99/2544/2506 107/2255/2239 136/2302/2286
f 2422/98/98 241/2320/2304 2083/1607/1605
f 302/1249/1248 2281/1527/1525 1874/1171/1170
f 900/1153/1152 364/2503/2451 2158/2505/2473
f 153/1858/1850 2118/2310/2294 2558/19/19
f 2346/1368/1367 642/755/754 2371/1678/1676
f 365/1514/1512 1694/1740/1734 1995/184/184
f 1037/695/694 183/1086/1085 472/696/695
f 632/1793/1786 341/1183/1182 1562/2290/2274
f 158/1185/1184 1408/53/53 1202/468/467
f 979/37/37 2576/967/966 2266/966/965
f 959/1159/1158 2214/1555/1553 44/1723/1718
f 249/2102/2088 2419/900/899 1604/2336/2318
f 213/1606/1604 1850/1122/1121 1076/1770/1763
f 2197/1537/1535 205/2333/2315 984/2161/2146
f 1800/1333/1332 1332/1859/1851 602/2041/2027
f 2285/1956/1945 594/1486/1484 2004/1458/1456
f 750/907/906 1467/906/905 1147/2569/2528
f 1513/2596/2552 1884/2598/2554 1891/1433/1431
f 1185/1371/1370 1072/1084/1083 1474/1083/1082
f 1037/695/694 616/714/713 897/713/712
f 1620/2444/2418 387/1969/1957 1396/2279/2263
f 2255/2424/2398 1625/186/186 1996/185/185
f 1273/2599/2555 2276/2600/2556 832/2566/2525
f 1602/1006/1005 1795/1880/1872 1566/854/853
f 719/430/429 2536/978/977 1980/1642/1640
f 1057/1923/1915 1656/2285/2269 1845/1964/1953
f 560/7/7 1502/604/603 510/48/48
f 1109/551/550 773/2353/2333 579/552/551
f 2298/2091/2077 1458/2520/2484 1757/2521/2485
f 1149/1592/1590 170/613/612 603/1026/1025
f 1360/785/784 1904/2085/2071 1274/2144/2130
f 2044/1687/1684 1135/2177/2162 744/2501/2471
f 643/950/949 900/1153/1152 2158/2505/2473
f 229/1497/1495 798/44/44 1675/2582/2541
f 1694/1740/1734 626/1739/1733 2469/2379/2357
f 1260/892/891 1119/973/972 1315/893/892
f 2320/1638/1636 704/466/465 1280/1639/1637
f 1935/27/27 2179/26/26 473/1353/1352
f 502/2105/2091 1831/689/688 2564/1990/1977
f 1833/1502/1500 1524/1210/1209 1802/1500/1498
f 1626/1874/1866 2207/528/527 2258/530/529
f 1473/57/57 1367/1892/1884 2493/1738/1732
f 2558/19/19 2141/21/21 2431/2168/2153
f 1485/823/822 1044/2313/2297 2254/2123/2109
f 2397/517/516 1704/309/308 1140/1724/1719
f 365/1514/1512 1666/2575/2534 636/2252/2236
f 1304/2522/2486 2351/2419/2395 1878/2418/2394
f 276/2443/2417 2133/2510/2478 2316/2232/2216
f 1256/761/760 1211/104/104 1761/1762/1756
f 1060/1362/1361 1506/1632/1630 2227/1363/1362
f 661/520/519 854/519/518 1339/1202/1201
f 93/2389/2367 53/1401/1400 1292/1162/1161
f 1070/1038/1037 139/1039/1038 2048/1750/1744
f 916/2052/2038 691/277/276 1303/1891/1883
f 559/1229/1228 1645/1409/1408 180/2082/2068
f 1544/82/82 16/952/951 1312/83/83
f 2342/2237/2221 1713/2307/2291 258/2257/2241
f 45/471/470 619/1810/1802 930/1225/1224
f 1280/1639/1637 829/1871/1863 2510/2019/2006
f 964/1746/1740 2279/1519/1517 961/1079/1078
f 1261/2578/2537 1424/1299/1298 2131/760/759
f 1460/1806/1798 1664/2486/2456 1944/2239/2223
f 732/369/368 2150/1585/1583 942/807/806
f 1324/2326/2310 1463/1168/1167 2150/1585/1583
f 1901/110/110 948/1143/1142 716/111/111
f 671/1648/1646 814/3/3 2081/1890/1882
f 1172/936/935 1120/1755/1749 210/934/933
f 67/1224/1223 2177/472/471 930/1225/1224
f 1976/2166/2151 1513/2596/2552 1873/2151/2137
f 2515/1451/1449 1319/909/908 2463/1452/1450
f 1009/429/428 1475/976/975 2536/978/977
f 988/1919/1911 1016/2601/2557 1898/1424/1423
f 1898/1424/1423 477/1426/1425 988/1919/1911
f 2430/2209/2193 19/1814/1806 2222/2557/2518
f 872/1513/1511 1666/2575/2534 365/1514/1512
f 916/2052/2038 489/2054/2040 1455/1845/1837
f 1589/1312/1311 2296/495/494 1291/2514/2480
f 2441/1765/1758 1661/2216/2200 2228/1301/1300
f 829/1871/1863 960/694/693 2343/1902/1894
f 1123/2064/2050 2245/672/671 1825/1568/1566
f 2560/1913/1905 1904/2085/2071 1425/2399/2376
f 2081/1890/1882 1689/1251/1250 2059/1373/1372
f 2115/739/738 736/738/737 1525/2509/2477
f 46/668/667 130/1214/1213 280/302/301
f 994/608/607 1333/1756/1750 1266/2069/2055
f 2357/72/72 25/2024/2011 2002/73/73
f 2233/1156/1155 450/1496/1494 229/1497/1495
f 432/1376/1375 1649/2602/2558 1496/2377/2355
f 1843/2382/2360 1539/2554/2515 614/1475/1473
f 594/1486/1484 415/274/273 491/2580/2539
f 954/800/799 1827/1180/1179 1722/1349/1348
f 359/2603/2559 1480/2469/2441 128/1328/1327
f 640/1872/1864 2194/1545/1543 2236/1544/1542
f 136/2302/2286 1168/2303/2287 1507/2258/2242
f 1647/2133/2119 2060/1775/1768 1522/387/386
f 2349/2362/2342 990/1706/1701 2025/2586/2545
f 1681/1447/1445 35/1759/1753 2473/1393/1392
f 2169/229/228 443/1324/1323 1341/1283/1282
f 85/206/205 437/1559/1557 369/207/206
f 659/2354/2334 542/1748/1742 2348/1747/1741
f 915/2345/2327 1837/677/676 219/676/675
f 210/934/933 1120/1755/1749 1861/2604/2560
f 559/1229/1228 1614/195/195 1756/1230/1229
f 2356/1264/1263 359/2603/2559 128/1328/1327
f 2245/672/671 2019/2125/2111 1362/673/672
f 2180/1721/1716 2433/2322/2306 2552/1358/1357
f 470/1809/1801 1385/2080/2066 531/1222/1221
f 647/2431/2405 1718/1854/1846 2421/1853/1845
f 674/2118/2104 1572/445/444 509/2119/2105
f 602/2041/2027 309/540/539 1402/1685/1682
f 1609/697/696 1780/203/202 187/448/447
f 701/2376/2354 265/532/531 2070/2605/2561
f 1232/1915/1907 2139/2281/2265 926/2439/2413
f 1596/2519/2483 2506/660/659 259/1536/1534
f 1552/533/532 2374/2606/2562 2401/842/841
f 1532/859/858 1193/2297/2281 278/253/252
f 1747/1929/1921 456/1323/1322 1991/2490/2460
f 1510/412/411 265/532/531 701/2376/2354
f 2104/1221/1220 1811/2507/2475 1150/52/52
f 949/1831/1823 1129/1022/1021 1588/1021/1020
f 1264/2158/2143 1343/988/987 1699/938/937
f 1467/906/905 2247/298/297 2373/2375/2353
f 650/477/476 2223/2549/2510 710/496/495
f 2320/1638/1636 2029/1640/1638 846/1847/1839
f 397/399/398 1836/398/397 737/418/417
f 2508/1962/1951 1351/869/868 1490/2288/2272
f 1072/1084/1083 2400/1808/1800 1015/1085/1084
f 2040/2130/2116 1635/1588/1586 2361/1596/1594
f 2327/2241/2225 1662/2214/2198 604/2242/2226
f 303/1825/1817 2365/1824/1816 2205/2477/2448
f 99/2544/2506 245/1289/1288 107/2255/2239
f 1094/890/889 1776/1736/1730 588/1016/1015
f 620/475/474 629/1887/1879 628/1561/1559
f 579/552/551 919/529/528 2207/528/527
f 2498/772/771 1703/1954/1943 2482/1676/1674
f 447/1161/1160 1653/2607/2563 1712/653/652
f 1295/1784/1777 340/180/180 2084/2043/2029
f 551/630/629 1245/652/651 330/631/630
f 2261/2074/2060 2074/1961/1950 1803/1091/1090
f 1036/1063/1062 338/224/223 558/223/222
f 1826/1237/1236 2339/216/215 2066/1480/1478
f 2223/2549/2510 733/347/346 1322/2595/2551
f 1424/1299/1298 541/1298/1297 223/861/860
f 1346/2608/2564 22/2535/2498 1121/730/729
f 937/410/409 1721/36/36 342/636/635
f 1519/490/489 2534/2483/2454 2204/1102/1101
f 856/155/155 2313/476/475 931/156/156
f 1628/1564/1562 978/1864/1856 1442/43/43
f 1436/2090/2076 1262/1164/1163 638/1586/1584
f 516/1720/1715 1116/1188/1187 2435/2186/2171
f 491/2580/2539 198/948/947 148/1456/1454
f 598/326/325 765/325/324 2011/1674/1672
f 1165/486/485 2158/2505/2473 1698/487/486
f 453/2253/2237 1579/2474/2446 1184/2407/2384
f 174/1787/1780 824/764/763 2583/2404/2381
f 1426/2531/2494 147/2609/2565 1366/2562/2522
f 2041/2508/2476 474/2272/2256 2571/1509/1507
f 1864/2131/2117 2126/1618/1616 2121/295/294
f 2462/2406/2383 1892/386/385 642/755/754
f 1517/2537/2500 178/238/237 568/2109/2095
f 449/1714/1709 2336/435/434 557/434/433
f 1536/2610/2566 2360/2117/2103 2515/1451/1449
f 1765/2159/2144 1813/692/691 2466/2202/2186
f 1464/1722/1717 1677/1360/1359 2112/2541/2503
f 1286/1823/1815 1357/1602/1600 1370/505/504
f 1154/2061/2047 2006/1741/1735 444/1609/1607
f 1597/1909/1901 1135/2177/2162 2044/1687/1684
f 2347/1023/1022 82/293/292 1206/2311/2295
f 1048/188/188 2225/625/624 1523/189/189
f 2534/2483/2454 1389/1152/1151 1541/2472/2444
f 12/2405/2382 1214/1173/1172 2583/2404/2381
f 1025/773/772 2482/1676/1674 1271/1348/1347
f 1637/431/430 2478/1020/1019 848/2498/2468
f 514/2400/2377 1249/731/730 1278/2611/2567
f 578/1501/1499 1570/2055/2041 1833/1502/1500
f 1576/2573/2532 1466/455/454 452/2454/2427
f 1794/2492/2462 776/2206/2190 769/2612/2568
f 74/1577/1575 1676/1541/1539 772/654/653
f 645/1794/1787 632/1793/1786 1562/2290/2274
f 2534/2483/2454 861/1116/1115 1389/1152/1151
f 2127/1288/1287 2123/1287/1286 94/2155/2140
f 837/1081/1080 286/99/99 2010/717/716
f 1138/679/678 1704/309/308 26/516/515
f 2538/1300/1299 678/1111/1110 797/2263/2247
f 1653/2607/2563 2248/1160/1159 1916/1631/1629
f 3/2175/2160 144/328/327 2026/583/582
f 40/974/973 574/2352/2332 787/2140/2126
f 705/379/378 187/448/447 1780/203/202
f 1283/1634/1632 836/1635/1633 2276/2600/2556
f 442/2527/2491 1334/2098/2084 1434/1216/1215
f 2052/1487/1485 2238/1223/1222 1583/1732/1727
f 767/289/288 1790/1218/1217 1866/402/401
f 696/1024/1023 1305/954/953 771/266/265
f 2389/935/934 210/934/933 891/1262/1261
f 238/227/226 845/2143/2129 960/694/693
f 2440/555/554 394/554/553 240/319/318
f 1582/1317/1316 322/2390/2368 1802/1500/1498
f 507/2103/2089 2255/2424/2398 249/2102/2088
f 522/1786/1779 1926/1785/1778 1696/737/736
f 821/857/856 1253/1539/1537 2377/699/698
f 1297/1717/1712 1913/33/33 1058/765/764
f 2002/73/73 426/702/701 383/2044/2030
f 2114/2173/2158 2551/2551/2512 2481/2172/2157
f 1185/1371/1370 1251/1370/1369 2130/2581/2540
f 2571/1509/1507 980/1060/1059 2072/736/735
f 2316/2232/2216 2427/2078/2064 1195/56/56
f 1321/2254/2238 756/2385/2363 1500/2613/2569
f 43/525/524 17/124/124 1130/878/877
f 165/1836/1828 482/2614/2570 864/1449/1447
f 270/232/231 1314/2384/2362 1339/1202/1201
f 2017/1032/1031 2065/1335/1334 617/1030/1029
f 1088/693/692 394/554/553 2526/228/227
f 971/776/775 1909/992/991 1071/991/990
f 24/163/163 230/162/162 535/1002/1001
f 949/1831/1823 1941/2127/2113 1129/1022/1021
f 1880/2283/2267 1321/2254/2238 1255/1516/1514
f 2333/1031/1030 595/1058/1057 792/1057/1056
f 2276/2600/2556 1730/230/229 1118/2213/2197
f 292/655/654 2162/913/912 4/656/655
f 2088/469/468 1202/468/467 111/1314/1313
f 1743/2523/2487 2053/1894/1886 1772/2199/2183
f 1095/2048/2034 1854/1254/1253 1794/2492/2462
f 702/1945/1935 1644/1127/1126 428/1126/1125
f 2018/1852/1844 1718/1854/1846 109/1662/1660
f 410/602/601 1155/1001/1000 1041/2410/2387
f 2507/2270/2254 2455/2317/2301 2321/2526/2490
f 940/1704/1699 397/399/398 2468/1703/1698
f 1801/1428/1427 2068/2536/2499 248/877/876
f 646/770/769 894/775/774 985/1226/1225
f 441/1558/1556 1724/838/837 485/837/836
f 2099/843/842 1104/1422/1421 2303/1934/1926
f 2014/378/377 751/1106/1105 1987/917/916
f 1287/2408/2385 170/613/612 1378/612/611
f 2384/782/781 395/771/770 1190/1758/1752
f 1048/188/188 202/190/190 2073/1234/1233
f 1784/1668/1666 1023/1667/1665 2144/422/421
f 339/1838/1830 1438/2481/2452 1584/2414/2391
f 889/1077/1076 1863/81/81 2322/1930/1922
f 607/993/992 1474/1083/1082 2383/1396/1395
f 1119/973/972 2305/975/974 1315/893/892
f 925/2434/2408 1076/1770/1763 1850/1122/1121
f 903/1625/1623 1622/2574/2533 1397/1626/1624
f 433/1259/1258 2518/895/894 1053/2555/2516
f 1006/732/731 1249/731/730 514/2400/2377
f 2188/795/794 415/274/273 1294/273/272
f 2025/2586/2545 1600/2416/2392 423/1869/1861
f 360/38/38 2257/1255/1254 479/39/39
f 1929/1782/1775 1750/2470/2442 2307/1356/1355
f 1666/2575/2534 2151/2590/2548 636/2252/2236
f 1653/2607/2563 786/1169/1168 1712/653/652
f 2172/2291/2275 389/1131/1130 1908/2450/2423
f 22/2535/2498 359/2603/2559 392/134/134
f 570/1970/1958 387/1969/1957 1620/2444/2418
f 663/1190/1189 1912/1540/1538 1350/1542/1540
f 2210/553/552 2440/555/554 1717/342/341
f 1662/2214/2198 2450/2488/2458 2573/2615/2571
f 1809/1885/1877 568/2109/2095 2464/1151/1150
f 668/700/699 566/196/196 2394/2095/2081
f 1270/617/616 131/1267/1266 1028/1227/1226
f 2400/1808/1800 645/1794/1787 1988/2165/2150
f 2022/1464/1462 101/102/102 1211/104/104
f 503/1581/1579 476/2306/2290 1950/1627/1625
f 968/2502/2472 2584/1167/1166 416/1166/1165
f 1595/1100/1099 923/2096/2082 1723/362/361
f 1144/361/360 1595/1100/1099 1723/362/361
f 574/2352/2332 1425/2399/2376 2117/2084/2070
f 460/2335/2317 172/2497/2467 378/1548/1546
f 835/651/650 1245/652/651 1938/746/745
f 107/2255/2239 1216/2256/2240 136/2302/2286
f 2152/467/466 2320/1638/1636 846/1847/1839
f 972/2584/2543 898/157/157 2021/2558/2519
f 745/126/126 1429/125/125 2304/68/68
f 989/433/432 1668/388/387 1522/387/386
f 2257/1255/1254 2554/2160/2145 1755/1781/1774
f 1120/1755/1749 83/345/344 1861/2604/2560
f 751/1106/1105 1864/2131/2117 51/2262/2246
f 895/2349/2329 433/1259/1258 1181/1165/1164
f 287/2193/2177 2388/1192/1191 2085/1191/1190
f 2264/2223/2207 1619/1052/1051 1192/830/829
f 399/183/183 365/1514/1512 1995/184/184
f 2495/2356/2336 2461/2167/2152 2579/2369/2347
f 2198/2219/2203 1884/2598/2554 254/383/382
f 2165/1231/1230 1631/1233/1232 253/1490/1488
f 1375/897/896 1806/1112/1111 321/296/295
f 2283/1774/1767 2060/1775/1768 162/348/347
f 198/948/947 2188/795/794 1208/889/888
f 2115/739/738 1525/2509/2477 12/2405/2382
f 308/1025/1024 2344/2475/2447 1951/2451/2424
f 633/851/850 97/850/849 1336/2008/1995
f 49/1378/1377 1027/2292/2276 871/822/821
f 1210/901/900 494/1399/1398 1385/2080/2066
f 2371/1678/1676 2539/2023/2010 1044/2313/2297
f 888/1707/1702 2460/1708/1703 2124/1435/1433
f 712/2388/2366 1807/1620/1618 2087/1619/1617
f 73/834/833 738/833/832 2466/2202/2186
f 1345/1882/1874 740/215/214 658/2040/2026
f 1015/1085/1084 793/841/840 1834/1397/1396
f 1577/701/700 1173/2045/2031 383/2044/2030
f 1935/27/27 473/1353/1352 1654/1069/1068
f 2117/2084/2070 318/2500/2470 574/2352/2332
f 1708/2026/2013 1373/1103/1102 622/2308/2292
f 609/1065/1064 972/2584/2543 1709/1066/1065
f 1978/172/172 471/171/171 1172/936/935
f 575/638/637 830/1943/1933 1844/639/638
f 855/2441/2415 823/1265/1264 1450/824/823
f 1504/1999/1986 65/831/830 114/1053/1052
f 1261/2578/2537 1259/2583/2542 956/242/241
f 220/1664/1662 1928/1873/1865 536/1665/1663
f 40/974/973 1841/1804/1796 2305/975/974
f 623/286/285 2408/2409/2386 1905/1203/1202
f 1386/58/58 1711/2534/2497 2193/2533/2496
f 338/224/223 2499/1170/1169 302/1249/1248
f 2065/1335/1334 2017/1032/1031 1857/1336/1335
f 1786/316/315 2494/318/317 101/102/102
f 1816/1834/1826 1604/2336/2318 1615/1835/1827
f 2210/553/552 2526/228/227 394/554/553
f 2549/1524/1522 1962/1009/1008 826/2066/2052
f 2542/1477/1475 2559/1476/1474 304/142/142
f 1548/1566/1564 1660/1113/1112 1830/1567/1565
f 1863/81/81 417/2543/2505 1431/2323/2307
f 711/1290/1289 1253/1539/1537 2462/2406/2383
f 444/1609/1607 950/1608/1606 2139/2281/2265
f 2185/1698/1694 2420/641/640 388/643/642
f 507/2103/2089 1625/186/186 2255/2424/2398
f 614/1475/1473 1760/1474/1472 28/2327/2311
f 580/961/960 2205/2477/2448 1250/788/787
f 1874/1171/1170 2281/1527/1525 670/2378/2356
f 670/2378/2356 2281/1527/1525 886/1481/1479
f 2578/922/921 2244/1413/1412 181/2148/2134
f 2336/435/434 1136/1715/1710 1869/2594/2296
f 2576/967/966 97/850/849 723/727/726
f 529/2233/2217 864/1449/1447 1981/1450/1448
f 454/1695/1691 1665/1729/1724 548/473/472
f 2433/2322/2306 2580/728/727 2211/2268/2252
f 2535/2616/2572 19/1814/1806 2061/1813/1805
f 2475/2135/2121 477/1426/1425 1111/1425/1424
f 2104/1221/1220 69/597/596 1811/2507/2475
f 943/792/791 2062/1124/1123 1391/790/789
f 2377/699/698 1253/1539/1537 2037/169/169
f 1443/1319/1318 593/415/414 2264/2223/2207
f 2567/151/151 610/2227/2211 998/149/149
f 803/261/260 408/458/457 208/2287/2271
f 116/562/561 1639/2294/2278 1007/2540/2502
f 1045/1666/1664 536/1665/1663 1923/2493/2463
f 902/953/952 1937/1361/1360 2018/1852/1844
f 2568/2210/2194 2222/2557/2518 1241/1304/1303
f 2437/1391/1390 2087/1619/1617 909/1/1
f 1925/2576/2535 1767/2394/2371 2506/660/659
f 1771/150/150 1258/1870/1862 2562/2392/2370
f 1429/125/125 1413/127/127 2530/1991/1978
f 1345/1882/1874 133/1713/1708 419/1641/1639
f 1828/288/287 687/290/289 173/998/997
f 2345/1400/1399 2138/2094/2080 2248/1160/1159
f 2295/1172/1171 2583/2404/2381 1214/1173/1172
f 347/1960/1949 2088/469/468 1803/1091/1090
f 2437/1391/1390 2143/1889/1881 299/1392/1391
f 2346/1368/1367 2371/1678/1676 1216/2256/2240
f 1245/1431/651 551/2617/629 1495/463/462
f 857/2195/2179 1919/153/153 2545/927/926
f 170/613/612 1149/1592/1590 2268/217/216
f 1318/1921/1913 1626/1874/1866 1917/41/41
f 83/345/344 1934/1508/1506 1983/346/345
f 838/1035/1034 68/1049/1048 1000/1033/1032
f 952/17/17 19/1814/1806 2430/2209/2193
f 2450/2488/2458 2563/1617/1615 95/2482/2453
f 361/344/343 297/343/342 1860/539/538
f 589/2347/461 345/1735/463 1587/629/628
f 1381/1767/1760 135/493/492 301/2618/2573
f 1113/628/627 1098/499/498 1335/763/762
f 1246/937/936 638/1586/1584 155/1941/1931
f 316/2446/1028 1082/1837/1829 2497/2560/2379
f 2098/1308/1307 423/1869/1861 1961/2226/2210
f 1522/387/386 2488/389/388 1647/2133/2119
f 894/775/774 1773/1811/1803 1332/1859/1851
f 466/2460/2432 1752/2570/2529 2349/2362/2342
f 1172/936/935 471/171/171 1120/1755/1749
f 2075/874/873 1492/875/874 1423/576/575
f 2240/1461/1459 1035/1297/1296 1424/1299/1298
f 1032/2425/2399 2205/2477/2448 2146/2299/2283
f 2197/1537/1535 1706/2163/2148 488/1538/1536
f 1817/1605/1603 1169/1876/1868 1850/1122/1121
f 656/16/16 1369/18/18 992/1051/1050
f 1601/483/482 1505/2420/2396 1108/484/483
f 809/956/955 1059/749/748 1452/161/161
f 1907/350/349 1578/1772/1765 1194/2371/2349
f 336/442/441 411/511/510 1564/1778/1771
f 13/757/756 1288/756/755 1914/2150/2136
f 678/1111/1110 2538/1300/1299 321/296/295
f 1963/2403/2380 496/720/719 250/719/718
f 241/2320/2304 1159/2116/2102 1446/2473/2445
f 2038/1309/1308 1961/2226/2210 2159/1996/1983
f 1951/2451/2424 2344/2475/2447 93/2389/2367
f 1758/2000/1987 2503/2182/2167 371/2552/2513
f 111/1314/1313 378/1548/1546 868/1315/1314
f 1931/2092/2078 956/242/241 1932/1895/1887
f 122/2046/2032 1165/486/485 2439/485/484
f 2244/1413/1412 2578/922/921 1139/921/920
f 1768/860/859 833/2438/2412 1415/1979/1967
f 486/886/885 1979/885/884 1692/667/666
f 1896/2597/2553 529/2233/2217 2300/381/380
f 736/738/737 1540/2428/2402 1525/2509/2477
f 167/218/217 1248/1074/1073 928/306/305
f 746/828/827 1516/1731/1726 1646/826/825
f 1150/52/52 666/2261/2245 977/2260/2244
f 983/611/610 1075/1384/1383 159/1660/1658
f 289/198/198 1020/311/310 1010/199/199
f 572/783/782 1207/762/761 1344/501/500
f 324/2619/2574 60/1059/1058 595/1058/1057
f 1011/1611/1609 3/2175/2160 545/582/581
f 1193/2297/2281 1532/859/858 648/1689/1685
f 987/624/623 118/708/707 939/1518/1516
f 1402/1685/1682 309/540/539 297/343/342
f 2335/1366/1365 506/2244/2228 2511/454/453
f 523/137/137 1915/139/139 621/67/67
f 1331/1529/1527 261/236/235 585/235/234
f 1676/1541/1539 292/655/654 772/654/653
f 2047/524/523 439/2445/2419 558/223/222
f 63/1897/1889 81/2319/2303 1284/2318/2302
f 689/32/32 701/2376/2354 2070/2605/2561
f 1466/455/454 1392/1132/1131 1838/1134/1133
f 15/1832/1824 949/1831/1823 1588/1021/1020
f 1002/1507/1505 781/2341/2323 1154/2061/2047
f 389/1131/1130 1267/845/844 1252/844/843
f 1810/276/275 272/1612/1610 2407/674/673
f 2533/759/758 1419/2304/2288 196/2121/2107
f 1001/887/886 1950/1627/1625 1397/1626/1624
f 313/258/257 59/2579/2538 2363/259/258
f 1570/2055/2041 578/1501/1499 1657/441/440
f 5/500/499 244/1560/1558 84/781/780
f 1818/241/240 2395/245/244 393/244/243
f 2121/295/294 51/2262/2246 1864/2131/2117
f 2364/405/404 1316/1570/1568 1040/2368/2346
f 360/38/38 2267/264/263 2257/1255/1254
f 909/1/1 814/3/3 974/1647/1645
f 2281/1527/1525 346/716/715 886/1481/1479
f 1963/2403/2380 2538/1300/1299 496/720/719
f 2055/943/942 573/1483/1481 728/944/943
f 1442/43/43 2398/523/522 789/1198/1197
f 1992/2364/2344 2578/922/921 795/1075/1074
f 237/2113/2099 701/2376/2354 689/32/32
f 543/2278/2262 1518/1415/1414 1106/873/872
f 1521/271/270 1671/446/445 1275/534/533
f 2415/999/998 1278/2611/2567 1520/1000/999
f 1203/246/245 1261/2578/2537 393/244/243
f 1458/2520/2484 1591/5/5 36/2139/2125
f 259/1536/1534 1566/854/853 1596/2519/2483
f 1578/1772/1765 1710/1408/1407 2491/14/14
f 1449/1510/1508 511/2395/2372 2406/2592/2549
f 970/1257/1256 939/1518/1516 311/1520/1518
f 2038/1309/1308 1766/1971/1959 1171/2099/2085
f 1781/382/381 2300/381/380 1242/2234/2218
f 2431/2168/2153 1606/395/394 2442/2273/2257
f 337/335/334 412/337/336 586/635/634
f 905/626/625 811/627/626 214/1244/1243
f 436/1252/1251 862/457/456 463/459/458
f 2581/1949/1938 2573/2615/2571 95/2482/2453
f 382/2423/71 1021/2512/1405 357/1277/1276
f 1400/2620/1550 92/2456/2429 524/2621/2056
f 1134/817/816 1381/1767/1760 490/818/817
f 1414/2343/2325 2302/1948/1937 1353/2025/2012
f 437/1559/1557 134/1398/1397 369/207/206
f 754/1745/1739 2577/2391/2369 828/1866/1858
f 1658/2506/2474 1396/2279/2263 1426/2531/2494
f 2401/842/841 793/841/840 533/898/897
f 1112/1719/1714 1883/2622/2575 516/1720/1715
f 2167/2532/2495 1323/1839/1831 632/1793/1786
f 2209/1630/1628 23/2249/2233 1433/1628/1626
f 2565/1189/1188 516/1720/1715 1883/2622/2575
f 1320/331/330 1837/677/676 161/600/599
f 1297/1717/1712 1058/765/764 2058/767/766
f 1127/2086/2072 1904/2085/2071 1360/785/784
f 422/2348/1671 1587/629/628 996/924/923
f 2495/2356/2336 1594/1920/1912 2461/2167/2152
f 516/1720/1715 2435/2186/2171 363/1718/1713
f 2491/14/14 316/1029/1028 2541/15/15
f 850/572/571 1227/1048/1047 1128/1682/1679
f 282/2128/2114 1942/2157/2142 854/519/518
f 1773/1811/1803 1638/541/540 309/540/539
f 2471/414/413 1849/2077/2063 593/415/414
f 2471/414/413 2427/2078/2064 1849/2077/2063
f 1601/483/482 647/2431/2405 1505/2420/2396
f 2095/1028/1027 774/2623/66 316/1029/1028
f 390/1572/1570 651/2298/2282 2237/2169/2154
f 1588/1021/1020 2298/2091/2077 91/2093/2079
f 2426/942/941 1537/1104/1103 100/1656/1654
f 1411/2309/2293 468/1374/1373 2059/1373/1372
f 403/2013/2000 357/1277/1276 1975/616/615
f 519/1863/1855 235/416/415 1443/1319/1318
f 1416/117/117 1599/1114/1113 1068/1469/1467
f 1263/297/296 2373/2375/2353 2247/298/297
f 603/1026/1025 1951/2451/2424 1465/1591/1589
f 1873/2151/2137 1753/1380/1379 2277/955/954
f 425/560/559 2244/1413/1412 2227/1363/1362
f 1163/222/221 2051/2548/2509 1363/220/219
f 1887/2624/2576 2566/2248/2232 366/579/578
f 2497/2560/2379 1453/2366/2309 2556/2625/2308
f 1224/285/284 466/2460/2432 2045/2174/2159
f 2566/2248/2232 1887/2624/2576 23/2249/2233
f 1103/481/480 719/430/429 502/2105/2091
f 1313/812/811 1936/958/957 1282/951/950
f 1511/1821/1813 2165/1231/1230 253/1490/1488
f 2528/444/443 1383/1232/1231 534/1284/1283
f 1198/2571/2530 2555/2114/2100 499/1306/1305
f 250/719/718 51/2262/2246 1963/2403/2380
f 1120/1755/1749 2358/1754/1748 1237/2212/2196
f 898/157/157 298/1093/1092 2021/2558/2519
f 980/1060/1059 2488/389/388 1186/1773/1766
f 1576/2573/2532 428/1126/1125 1454/1128/1127
f 2562/2392/2370 1616/1955/1944 2416/1533/1531
f 645/1794/1787 2400/1808/1800 2130/2581/2540
f 1242/2234/2218 1003/2334/2316 1909/992/991
f 2131/760/759 223/861/860 1256/761/760
f 499/1306/1305 1364/2115/2101 1774/813/812
f 1819/2124/2110 192/2022/2009 893/2021/2008
f 1259/2583/2542 2131/760/759 2533/759/758
f 2021/2558/2519 2024/2196/2180 2399/506/505
f 1557/2217/2201 218/2374/2352 2289/2246/2230
f 59/2579/2538 313/258/257 1675/2582/2541
f 409/1515/1513 355/1137/1136 739/1136/1135
f 1576/2573/2532 430/1531/1529 428/1126/1125
f 1723/362/361 923/2096/2082 1390/243/242
f 995/535/534 187/448/447 705/379/378
f 1143/1386/1385 2168/848/847 627/849/848
f 1043/2321/2305 1446/2473/2445 1621/1123/1122
f 295/1470/1468 746/828/827 1167/984/983
f 861/1116/1115 2509/1583/1581 135/493/492
f 1634/1691/1687 47/1455/1453 1926/1785/1778
f 355/1137/1136 409/1515/1513 1030/774/773
f 2161/2005/1992 2221/2006/1993 520/1694/1690
f 2509/1583/1581 1462/868/867 1046/2577/2536
f 25/2024/2011 2357/72/72 353/2280/2264
f 2534/2483/2454 381/1443/1441 1276/1442/1440
f 2049/136/136 22/2535/2498 392/134/134
f 1672/1176/1175 1705/1175/1174 2570/1743/1737
f 1884/2598/2554 1486/2079/2065 254/383/382
f 23/2249/2233 1835/2626/2577 1433/1628/1626
f 1230/1394/1393 272/1612/1610 1810/276/275
f 1895/1434/1432 2579/2369/2347 1101/2370/2348
f 1476/1240/1239 2350/1243/1242 2145/1209/1208
f 240/319/318 2032/321/320 873/427/426
f 491/2580/2539 415/274/273 198/948/947
f 2542/1477/1475 1233/1849/1841 2418/267/266
f 2084/2043/2029 1021/1406/1405 1295/1784/1777
f 297/343/342 1532/859/858 247/930/929
f 1758/2000/1987 371/2552/2513 2142/1958/1947
f 263/1986/1973 305/1985/1972 213/1606/1604
f 1282/951/950 688/80/80 2513/304/303
f 2510/2019/2006 749/2373/2351 2360/2117/2103
f 1052/1194/1193 2128/1972/1960 64/1195/1194
f 1945/1973/1961 2128/1972/1960 1052/1194/1193
f 1390/243/242 956/242/241 1757/2521/2485
f 1638/541/540 1434/1216/1215 1860/539/538
f 1638/541/540 1856/743/742 1434/1216/1215
f 2100/301/300 319/300/299 184/666/665
f 1667/1321/1320 2243/116/116 1049/1322/1321
f 2274/2282/2266 1880/2283/2267 738/833/832
f 446/2421/2397 457/1211/1210 2496/1576/1574
f 420/1830/1822 221/1982/1970 225/1683/1680
f 507/2103/2089 2412/1295/1294 141/1294/1293
f 209/1385/1384 244/1560/1558 5/500/499
f 1686/2344/2326 2154/1027/1026 2231/1438/1436
f 621/67/67 774/66/66 2095/2627/1027
f 1277/1263/1262 2103/1174/1173 2389/935/934
f 1868/2361/2341 1274/2144/2130 2560/1913/1905
f 145/2300/2284 1461/649/648 2329/1875/1867
f 2111/393/392 1483/2525/2489 1326/1795/1788
f 1571/880/879 1232/1915/1907 1640/881/880
f 266/1776/1769 2186/621/620 2294/623/622
f 251/786/785 1360/785/784 1274/2144/2130
f 1871/1011/1010 1715/1010/1009 414/1133/1132
f 1377/1530/1528 2011/1674/1672 212/2449/2422
f 2032/321/320 194/2628/2578 829/1871/1863
f 2542/1477/1475 315/1840/1832 1233/1849/1841
f 8/1953/1942 2354/2417/2393 2370/2442/2416
f 1400/1552/1550 524/2070/2056 1879/308/307
f 2082/2494/2464 2508/1962/1951 1548/1566/1564
f 2209/1630/1628 2295/1172/1171 2103/1174/1173
f 1682/1526/1524 893/2021/2008 2251/2020/2007
f 67/1224/1223 1554/2351/2331 715/1987/1974
f 843/1967/1956 2413/1403/1402 142/1405/1404
f 1214/1173/1172 2042/1751/1745 1172/936/935
f 447/1161/1160 1712/653/652 119/2563/2523
f 155/1941/1931 1262/1164/1163 1090/1163/1162
f 824/764/763 2115/739/738 2583/2404/2381
f 988/1919/1911 1789/1645/1643 2434/1855/1847
f 423/1869/1861 2149/1868/1860 2025/2586/2545
f 1941/2127/2113 1812/432/431 848/2498/2468
f 541/1298/1297 1300/1448/1446 2022/1464/1462
f 1032/2425/2399 2487/983/982 2063/1826/1818
f 1525/2509/2477 2495/2356/2336 1895/1434/1432
f 1033/1733/1728 2472/1492/1490 1592/401/400
f 2242/1305/1304 1062/1546/1544 499/1306/1305
f 261/236/235 1218/808/807 2129/237/236
f 2437/1391/1390 909/1/1 2143/1889/1881
f 2470/1340/1339 1288/756/755 2176/758/757
f 431/2629/1794 1798/1937/1928 943/2630/791
f 2325/1843/1835 662/61/61 651/2298/2282
f 1204/2152/2138 1131/567/566 2490/566/565
f 2414/380/379 675/2478/2449 1896/2597/2553
f 2300/381/380 2414/380/379 1896/2597/2553
f 828/1866/1858 1672/1176/1175 2329/1875/1867
f 79/1177/1176 1107/324/323 582/752/751
f 1906/1995/1982 1840/2387/2365 2112/2541/2503
f 1392/1132/1131 1576/2573/2532 1454/1128/1127
f 1890/2229/2213 761/518/517 707/1752/1746
f 1403/2240/2224 634/2465/2437 1651/687/686
f 319/300/299 1812/432/431 2483/2269/2253
f 1913/33/33 451/1716/1711 1910/31/31
f 208/2287/2271 1468/2029/2016 1759/915/914
f 590/2330/2314 859/1598/1596 2373/2375/2353
f 418/425/424 1769/1994/1981 544/426/425
f 1255/1516/1514 739/1136/1135 1880/2283/2267
f 1083/634/633 171/2012/1999 501/2411/2388
f 2112/2541/2503 2195/867/866 185/866/865
f 2203/1121/1120 2472/1492/1490 2480/1494/1492
f 2262/338/337 403/2631/2000 900/1153/1152
f 900/1153/1152 403/2631/2000 364/2503/2451
f 223/861/860 2131/760/759 1424/1299/1298
f 1268/981/980 2441/1765/1758 2228/1301/1300
f 93/2389/2367 2344/2475/2447 1579/2474/2446
f 1526/2386/2364 744/2501/2471 820/2529/2493
f 921/2235/2219 1104/1422/1421 2099/843/842
f 62/356/355 76/1344/1343 1712/653/652
f 212/2449/2422 2129/237/236 1377/1530/1528
f 122/2046/2032 1669/1753/1747 1165/486/485
f 2461/2167/2152 2434/1855/1847 1678/1856/1848
f 758/1357/1356 1752/2570/2529 466/2460/2432
f 1398/1478/1476 1475/976/975 1009/429/428
f 2384/782/781 1841/1804/1796 572/783/782
f 1275/534/533 1552/533/532 143/1101/1100
f 1014/1092/1091 2417/1146/1145 1743/2523/2487
f 890/707/706 299/1392/1391 2143/1889/1881
f 1191/1054/1053 114/1053/1052 1619/1052/1051
f 2058/767/766 2046/2568/2527 1503/1482/1480
f 335/421/420 42/2491/2461 2061/1813/1805
f 892/2284/2268 1573/1881/1873 1122/1818/1810
f 1729/1867/1859 726/586/585 1219/587/586
f 2491/14/14 2476/202/201 2095/1028/1027
f 2176/758/757 789/1198/1197 1342/1339/1338
f 552/1578/1576 906/1511/1509 323/480/479
f 1586/2185/2170 895/2349/2329 1894/2274/2258
f 600/891/890 1266/2069/2055 1689/1251/1250
f 1088/693/692 2526/228/227 238/227/226
f 2429/2487/2457 2000/1388/1387 1741/1402/1401
f 1843/2382/2360 28/2327/2311 1006/732/731
f 166/250/249 2339/216/215 34/1983/1971
f 73/834/833 1265/317/316 563/832/831
f 1341/1283/1282 2450/2488/2458 1118/2213/2197
f 681/2435/2409 679/449/448 2337/2436/2410
f 1870/2528/2492 152/96/96 2083/1607/1605
f 1870/2528/2492 305/1985/1972 152/96/96
f 561/2632/2579 376/2633/796 1102/2545/2507
f 1528/119/119 1569/1273/1272 1104/1422/1421
f 1642/2463/2435 1535/1761/1755 1178/2305/2289
f 248/877/876 941/876/875 98/1807/1799
f 2363/259/258 59/2579/2538 879/1293/1292
f 1894/2274/2258 895/2349/2329 1307/2089/2075
f 1247/2328/2312 8/1953/1942 1055/596/595
f 337/335/334 586/635/634 2479/2051/2037
f 635/1260/1259 669/594/593 2446/329/328
f 658/2040/2026 1281/2016/2003 929/858/857
f 1246/937/936 155/1941/1931 1877/2559/2520
f 1264/2158/2143 525/2264/2248 1343/988/987
f 147/2609/2565 766/799/798 1366/2562/2522
f 2383/1396/1395 1834/1397/1396 496/720/719
f 1307/2089/2075 895/2349/2329 1436/2090/2076
f 2409/2530/2057 2453/2455/2428 1426/2531/2494
f 2450/2488/2458 95/2482/2453 2573/2615/2571
f 2390/721/720 2374/2606/2562 250/719/718
f 2071/1989/1976 41/2180/2165 2503/2182/2167
f 1667/1321/1320 2557/1928/1920 2535/2616/2572
f 1855/1633/1631 843/1967/1956 2034/585/584
f 1750/2470/2442 1898/1424/1423 1296/1454/1452
f 1305/954/953 674/2118/2104 1937/1361/1360
f 2557/1928/1920 2322/1930/1922 2222/2557/2518
f 2009/2220/2204 2480/1494/1492 1127/2086/2072
f 2008/1465/1463 2327/2241/2225 1612/2170/2155
f 1708/2026/2013 478/1563/1561 1066/2027/2014
f 2421/1853/1845 1685/2432/2406 647/2431/2405
f 1317/1239/1238 2031/1248/1247 1042/2314/2298
f 1018/1258/1257 704/466/465 2263/465/464
f 1166/313/312 200/1144/1143 1005/314/313
f 1835/2626/2577 1878/2418/2394 858/2208/2192
f 2037/169/169 1253/1539/1537 711/1290/1289
f 1866/402/401 857/2195/2179 2545/927/926
f 20/1389/1388 1472/2468/2440 2138/2094/2080
f 2095/1028/1027 2476/202/201 621/2634/67
f 2253/1019/1018 2537/1893/1885 469/2243/2227
f 1541/2472/2444 1389/1152/1151 521/1484/1482
f 2068/2536/2499 1108/484/483 248/877/876
f 949/1831/1823 2550/2176/2161 1812/432/431
f 1578/1772/1765 90/352/351 333/1407/1406
f 2198/2219/2203 1927/371/370 11/370/369
f 2506/660/659 1767/2394/2371 1740/661/660
f 2233/1156/1155 229/1497/1495 313/258/257
f 2248/1160/1159 2444/557/556 1916/1631/1629
f 708/647/646 1439/646/645 1161/2141/2127
f 1599/1114/1113 1580/1730/1725 295/1470/1468
f 1761/1762/1756 1642/2463/2435 1256/761/760
f 2349/2362/2342 1752/2570/2529 1063/1437/1435
f 968/2502/2472 2443/2437/2411 363/1718/1713
f 891/1262/1261 2223/2549/2510 334/479/478
f 2469/2379/2357 1995/184/184 1694/1740/1734
f 960/694/693 194/2628/2578 1088/693/692
f 2178/2112/2098 2008/1465/1463 1612/2170/2155
f 2069/1215/1214 280/302/301 130/1214/1213
f 2362/1927/1919 1175/2635/925 561/2632/2579
f 1341/1283/1282 2563/1617/1615 2450/2488/2458
f 2220/698/697 1688/168/168 258/2257/2241
f 1058/765/764 1735/411/410 252/766/765
f 992/1051/1050 2303/1934/1926 656/16/16
f 1047/544/543 1117/2636/2580 2453/2455/2428
f 1764/754/753 2182/2230/2214 149/1677/1675
f 1407/367/366 421/1701/1696 2520/368/367
f 1361/1250/1249 1455/1845/1837 1684/2397/2374
f 1451/595/594 1387/1910/1902 1247/2328/2312
f 2276/2600/2556 1118/2213/2197 832/2566/2525
f 2501/1256/1255 2319/2398/2375 1244/2011/1998
f 2462/2406/2383 1253/1539/1537 1892/386/385
f 1575/805/804 1246/937/936 1430/1610/1608
f 973/945/944 1060/1362/1361 85/206/205
f 204/1149/1148 67/1224/1223 2238/1223/1222
f 847/836/835 85/206/205 2380/208/207
f 199/1504/1502 912/1669/1667 1784/1668/1666
f 2563/1617/1615 2061/1813/1805 95/2482/2453
f 1329/1651/1649 1866/402/401 1790/1218/1217
f 683/1242/1241 1317/1239/1238 1042/2314/2298
f 2580/728/727 924/1246/1245 2211/2268/2252
f 1034/372/371 264/374/373 1285/1281/1280
f 2543/2179/2164 1743/2523/2487 1515/2181/2166
f 1920/1090/1089 1014/1092/1091 2543/2179/2164
f 1142/2050/2036 844/1966/1955 206/34/34
f 2496/1576/1574 1115/2245/2229 446/2421/2397
f 751/1106/1105 51/2262/2246 1987/917/916
f 1358/1503/1501 1096/1150/1149 567/456/455
f 2419/900/899 1494/2201/2185 1210/901/900
f 2462/2406/2383 642/755/754 481/1291/1290
f 934/1646/1644 1789/1645/1643 2475/2135/2121
f 2546/2426/2400 207/114/114 2324/2204/2188
f 2175/1528/1526 1251/1370/1369 2315/1369/1368
f 883/994/993 1314/2384/2362 1881/1711/1706
f 234/888/887 588/1016/1015 748/174/174
f 1573/1881/1873 1952/1865/1857 1050/1650/1648
f 1771/150/150 2565/1189/1188 1883/2622/2575
f 750/907/906 717/1911/1903 938/908/907
f 2530/1991/1978 1994/691/690 1862/396/395
f 971/776/775 1781/382/381 1909/992/991
f 942/807/806 2447/1587/1585 1246/937/936
f 1619/1052/1051 2264/2223/2207 1471/2222/2206
f 1054/436/435 243/439/438 799/437/436
f 157/1094/1093 1589/1312/1311 2036/537/536
f 2409/2530/2057 387/1969/1957 1136/1968/1710
f 831/2110/2096 2264/2223/2207 593/415/414
f 611/108/108 1669/1753/1747 1152/1213/1212
f 783/610/609 209/1385/1384 983/611/610
f 727/2593/2550 1794/2492/2462 769/2612/2568
f 2409/2530/2057 524/2621/2056 92/2456/2429
f 2538/1300/1299 797/2263/2247 2551/2551/2512
f 395/771/770 1025/773/772 1190/1758/1752
f 2127/1288/1287 94/2155/2140 1235/2329/2313
f 944/2039/2025 1516/1731/1726 936/745/744
f 1131/567/566 2105/2452/2425 1089/565/564
f 206/34/34 844/1966/1955 1855/1633/1631
f 2092/2637/2581 2349/2362/2342 2012/862/861
f 1840/2387/2365 1141/1690/1686 2351/2419/2395
f 455/2467/2439 1630/450/449 1472/2468/2440
f 2459/219/218 1145/10/10 2268/217/216
f 1892/386/385 1386/58/58 2193/2533/2496
f 1427/724/723 1528/119/119 1911/722/721
f 2558/19/19 2431/2168/2153 2442/2273/2257
f 497/1769/1762 1116/1188/1187 2174/787/786
f 679/449/448 681/2435/2409 1630/450/449
f 9/1846/1838 2111/393/392 1606/395/394
f 2184/1918/1910 2125/2171/2156 2485/2191/2175
f 2001/933/932 881/2539/2501 2077/1158/1157
f 605/2032/2019 750/907/906 1147/2569/2528
f 896/375/374 50/1015/1014 1997/968/967
f 571/865/864 685/2136/2122 1231/1042/1041
f 1414/2343/2325 849/1604/1602 2517/1603/1601
f 2295/1172/1171 2209/1630/1628 947/1629/1627
f 1117/2636/2580 1679/1181/1180 147/2609/2565
f 997/2267/2251 947/1629/1627 858/2208/2192
f 2056/231/230 1668/388/387 2169/229/228
f 2156/1580/1578 991/1037/1036 1910/31/31
f 697/593/592 127/152/152 1501/154/154
f 617/1030/1029 398/2009/1996 800/1783/1776
f 1688/168/168 764/167/167 258/2257/2241
f 1667/1321/1320 2535/2616/2572 42/2491/2461
f 2505/1247/1246 1500/2613/2569 2031/1248/1247
f 608/1829/1821 1499/671/670 175/670/669
f 481/1291/1290 2346/1368/1367 1216/2256/2240
f 2231/1438/1436 742/1980/1968 1686/2344/2326
f 1293/2524/2488 527/633/632 1627/2034/2021
f 2369/1416/1415 2319/2398/2375 1663/1780/1773
f 1136/1968/1710 570/1970/1958 1869/2312/2296
f 1821/1327/1326 1225/1326/1325 1686/2344/2326
f 1497/512/511 2066/1480/1478 1608/252/251
f 2061/1813/1805 42/2491/2461 2535/2616/2572
f 858/2208/2192 2575/1692/1688 522/1786/1779
f 1428/1468/1466 115/543/542 850/572/571
f 1405/424/423 820/2529/2493 2107/1939/1930
f 1868/2361/2341 2560/1913/1905 2217/1912/1904
f 476/2306/2290 903/1625/1623 1950/1627/1625
f 1679/1181/1180 275/571/570 1827/1180/1179
f 1430/1610/1608 155/1941/1931 268/1800/1793
f 1510/412/411 490/818/817 301/2618/2573
f 949/1831/1823 700/2106/2092 2550/2176/2161
f 1447/1157/1156 1371/931/930 2001/933/932
f 1043/2321/2305 241/2320/2304 1446/2473/2445
f 128/1328/1327 1480/2469/2441 20/1389/1388
f 440/391/390 1969/390/389 962/1857/1849
f 1952/1865/1857 419/1641/1639 2216/521/520
f 2103/1174/1173 1214/1173/1172 1172/936/935
f 1745/1653/1651 1989/1655/1653 1448/2014/2001
f 594/1486/1484 491/2580/2539 2004/1458/1456
f 1846/384/383 191/2589/2547 2443/2437/2411
f 2483/2269/2253 1419/2304/2288 476/2306/2290
f 2084/2511/2029 1148/1549/1547 1028/1227/1226
f 2032/321/320 1018/1258/1257 873/427/426
f 631/669/668 1650/507/506 811/627/626
f 174/1787/1780 997/2267/2251 522/1786/1779
f 433/1259/1258 1354/2350/2330 1543/131/131
f 571/865/864 2003/864/863 685/2136/2122
f 1601/483/482 2101/1637/1635 255/2357/2337
f 2546/2426/2400 2324/2204/2188 1799/2063/2049
f 482/2614/2570 55/1411/1410 105/1337/1336
f 845/2143/2129 807/1900/1892 960/694/693
f 826/2066/2052 1962/1009/1008 2232/1008/1007
f 1491/1087/1086 1649/2602/2558 1004/2495/2465
f 432/1376/1375 1004/2495/2465 1649/2602/2558
f 925/2434/2408 2435/2186/2171 70/1768/1761
f 2443/2437/2411 191/2589/2547 363/1718/1713
f 2150/1585/1583 239/2088/2074 638/1586/1584
f 1273/2599/2555 1283/1634/1632 2276/2600/2556
f 1666/2575/2534 951/2001/1988 180/2082/2068
f 708/647/646 1161/2141/2127 686/977/976
f 634/2465/2437 1310/688/687 1651/687/686
f 473/1353/1352 37/1354/1353 779/1479/1477
f 1016/2601/2557 988/1919/1911 1594/1920/1912
f 1594/1920/1912 2434/1855/1847 2461/2167/2152
f 2036/537/536 1589/1312/1311 1291/2514/2480
f 556/2081/2067 1951/2451/2424 712/2388/2366
f 1691/360/359 1458/2520/2484 36/2139/2125
f 687/290/289 922/949/948 173/998/997
f 540/122/122 615/2224/2208 591/123/123
f 383/2044/2030 575/638/637 1820/982/981
f 162/348/347 2060/1775/1768 1647/2133/2119
f 1632/803/802 443/1324/1323 1306/1115/1114
f 1636/270/269 707/1752/1746 1521/271/270
f 2019/2125/2111 96/1184/1183 14/1186/1185
f 1058/765/764 2070/2605/2561 1735/411/410
f 1630/450/449 455/2467/2439 2206/451/450
f 836/1635/1633 1719/740/739 2056/231/230
f 1249/731/730 1922/1977/1965 1278/2611/2567
f 2517/1603/1601 2475/2135/2121 1111/1425/1424
f 1292/1162/1161 1807/1620/1618 712/2388/2366
f 2285/1956/1945 1616/1955/1944 2562/2392/2370
f 106/2038/2024 1029/1688/743 370/197/197
f 2256/1266/1265 2136/2412/2389 1734/1187/1186
f 1080/645/644 576/1614/1612 2189/1276/1275
f 9/1846/1838 1606/395/394 2448/1844/1836
f 1445/2471/2443 2326/385/384 2443/2437/2411
f 2326/385/384 1445/2471/2443 1927/371/370
f 488/1538/1536 1509/1671/1669 698/1670/1668
f 2087/1619/1617 1299/355/354 909/1/1
f 560/7/7 510/48/48 2035/1952/1941
f 562/1590/1588 453/2253/2237 2040/2130/2116
f 1259/2583/2542 1406/2122/2108 956/242/241
f 2025/2586/2545 1957/2346/2328 2349/2362/2342
f 2223/2549/2510 1322/2595/2551 710/496/495
f 2387/2393/1678 1051/747/746 350/748/747
f 1815/2107/2093 242/265/264 2267/264/263
f 179/2587/2546 1960/556/555 786/1169/1168
f 2269/88/88 2016/1472/1470 1131/567/566
f 1538/1938/1929 1132/307/306 81/2319/2303
f 665/751/750 1531/750/749 670/2378/2356
f 2388/1192/1191 856/155/155 312/2461/2433
f 1488/173/173 2358/1754/1748 471/171/171
f 2203/1121/1120 1501/154/154 2472/1492/1490
f 1494/2201/2185 2255/2424/2398 1996/185/185
f 1788/971/970 742/1980/1968 2094/972/971
f 2270/320/319 1088/693/692 194/2628/2578
f 242/265/264 440/391/390 2290/1601/1599
f 1613/573/572 1727/221/220 1624/2007/1994
f 570/1970/1958 870/138/138 1869/2312/2296
f 798/44/44 789/1198/1197 13/757/756
f 1655/1375/1374 1290/1467/1465 1005/314/313
f 1105/741/740 1618/1998/1985 1875/742/741
f 499/1306/1305 1062/1546/1544 1198/2571/2530
f 1765/2159/2144 762/769/768 1535/1761/1755
f 2365/1824/1816 152/96/96 39/789/788
f 2177/472/471 67/1224/1223 454/1695/1691
f 505/1414/1413 2547/470/469 129/2053/2039
f 2285/1956/1945 2004/1458/1456 362/1457/1455
f 574/2352/2332 318/2500/2470 1814/1179/1178
f 1844/639/638 290/1043/1042 1493/97/97
f 1706/2163/2148 2197/1537/1535 984/2161/2146
f 205/2333/2315 1794/2492/2462 727/2593/2550
f 1331/1529/1527 362/1457/1455 148/1456/1454
f 1626/1874/1866 1793/879/878 2207/528/527
f 396/1017/1016 2145/1209/1208 2350/1243/1242
f 2114/2173/2158 2383/1396/1395 2551/2551/2512
f 783/610/609 539/160/160 605/2032/2019
f 2070/2605/2561 265/532/531 1735/411/410
f 1166/313/312 312/2461/2433 200/1144/1143
f 523/2638/137 621/2639/67 2476/202/201
f 1201/1884/1876 1517/2537/2500 1809/1885/1877
f 1471/2222/2206 1004/2495/2465 432/1376/1375
f 2246/884/883 1187/685/684 2426/942/941
f 352/133/133 1446/2473/2445 955/1798/1791
f 1621/1123/1122 1446/2473/2445 352/133/133
f 312/2461/2433 898/157/157 609/1065/1064
f 243/439/438 584/1347/1346 2181/715/714
f 1713/2307/2291 133/1713/1708 438/1712/1707
f 1596/2519/2483 1925/2576/2535 2506/660/659
f 926/2439/2413 2280/2164/2149 268/1800/1793
f 60/1059/1058 324/2619/2574 1251/1370/1369
f 510/48/48 587/50/50 2035/1952/1941
f 318/2500/2470 1033/1733/1728 1420/1700/1695
f 1771/150/150 1388/918/917 1258/1870/1862
f 2011/1674/1672 1377/1530/1528 2102/2277/2261
f 122/2046/2032 315/1840/1832 103/839/838
f 1497/512/511 424/1208/1207 1826/1237/1236
f 39/789/788 263/1986/1973 2174/787/786
f 1659/248/247 1091/1817/1809 911/1649/1647
f 296/1657/1655 694/1296/1295 1512/2058/2044
f 2219/1040/1039 680/815/814 644/814/813
f 1498/1862/1854 1369/18/18 2523/1851/1843
f 966/706/705 1248/1074/1073 299/1392/1391
f 949/1831/1823 1853/1833/1825 700/2106/2092
f 2079/662/661 1095/2048/2034 205/2333/2315
f 822/2100/2086 2113/995/994 190/278/277
f 895/2349/2329 1586/2185/2170 1354/2350/2330
f 2035/1952/1941 587/50/50 1239/2640/2582
f 1715/1010/1009 993/665/664 6/589/588
f 2369/1416/1415 1925/2576/2535 2319/2398/2375
f 166/250/249 1608/252/251 2066/1480/1478
f 407/262/261 448/2187/2172 637/2188/2173
f 537/2585/2544 1159/2116/2102 241/2320/2304
f 2184/1918/1910 2237/2169/2154 2125/2171/2156
f 2028/1950/1939 1992/2364/2344 546/1726/1721
f 1736/194/194 668/700/699 25/2024/2011
f 939/1518/1516 118/708/707 2279/1519/1517
f 1003/2334/2316 1185/1371/1370 2548/1557/1555
f 390/1572/1570 2275/1571/1569 2325/1843/1835
f 2492/182/182 1405/424/423 1074/423/422
f 2189/1276/1275 576/1614/1612 778/1274/1273
f 1803/1091/1090 1418/1313/1312 2502/1643/1641
f 877/40/40 1969/390/389 2392/392/391
f 2039/979/978 1690/1302/1301 610/2227/2211
f 2296/495/494 722/497/496 1291/2514/2480
f 1346/2608/2564 1125/729/728 1824/1460/1458
f 549/1744/1738 2527/970/969 376/797/796
f 32/1138/1137 1429/125/125 601/2462/2434
f 318/2500/2470 1420/1700/1695 794/1178/1177
f 2271/2030/2017 1028/1227/1226 2272/1974/1962
f 245/1289/1288 481/1291/1290 107/2255/2239
f 1067/2049/2035 2413/1403/1402 843/1967/1956
f 2282/1316/1315 396/1017/1016 2253/1019/1018
f 2111/393/392 9/1846/1838 1851/2134/2120
f 582/752/751 1457/1803/1795 472/696/695
f 2244/1413/1412 1558/559/558 2323/2149/2135
f 1291/2514/2480 1623/1080/1079 176/2251/2235
f 2525/1589/1587 1579/2474/2446 453/2253/2237
f 1510/412/411 301/2618/2573 806/413/412
f 2488/389/388 1668/388/387 1186/1773/1766
f 2039/979/978 1771/150/150 1883/2622/2575
f 1566/854/853 259/1536/1534 2410/855/854
f 1673/904/903 1364/2115/2101 77/1379/1378
f 1557/2217/2201 2289/2246/2230 2085/1191/1190
f 2415/999/998 1468/2029/2016 514/2400/2377
f 868/1315/1314 378/1548/1546 332/1147/1146
f 1998/1848/1840 1508/1279/1278 2225/625/624
f 209/1385/1384 5/500/499 1888/1383/1382
f 2494/318/317 2466/2202/2186 1813/692/691
f 2299/570/569 203/1107/1106 401/205/204
f 606/1135/1134 762/769/768 1765/2159/2144
f 749/2373/2351 2224/1672/1670 2424/2464/2436
f 931/156/156 1607/1462/1460 298/1093/1092
f 2281/1527/1525 2499/1170/1169 176/2251/2235
f 225/1683/1680 221/1982/1970 1126/1412/1411
f 679/449/448 1160/580/579 901/2363/2343
f 1503/1482/1480 1763/561/560 869/1579/1577
f 2584/1167/1166 363/1718/1713 2435/2186/2171
f 2092/2637/2581 788/146/146 1990/148/148
f 2517/1603/1601 1111/1425/1424 1553/2192/2176
f 2287/191/191 1196/2518/2482 2561/192/192
f 1647/2133/2119 2488/389/388 2507/2270/2254
f 1029/1688/743 944/2039/2025 936/2641/744
f 2445/1118/1117 434/663/662 1687/657/656
f 2201/141/141 103/839/838 304/142/142
f 668/700/699 839/1350/1349 1779/1365/1364
f 2538/1300/1299 2551/2551/2512 496/720/719
f 707/1752/1746 1671/446/445 1521/271/270
f 1087/461/460 1879/308/307 1132/307/306
f 1198/2571/2530 2342/2237/2221 2372/1377/1376
f 188/735/734 1719/740/739 1283/1634/1632
f 61/1050/1049 1479/1204/1203 902/953/952
f 1987/917/916 250/719/718 1552/533/532
f 470/1809/1801 55/1411/1410 482/2614/2570
f 1848/6/6 2298/2091/2077 1588/1021/1020
f 1012/366/365 2520/368/367 2311/1575/1573
f 784/607/606 730/1420/1419 1104/1422/1421
f 2308/143/143 62/356/355 1725/144/144
f 2089/1850/1842 1648/959/958 1313/812/811
f 2398/523/522 1342/1339/1338 789/1198/1197
f 1184/2407/2384 1378/612/611 1819/2124/2110
f 2561/192/192 1867/1932/1924 866/2383/2361
f 226/1423/1422 1229/1565/1563 837/1081/1080
f 772/654/653 4/656/655 918/1068/1067
f 1453/2325/2309 1175/2635/925 2362/1927/1919
f 2552/1358/1357 1677/1360/1359 1464/1722/1717
f 1304/2522/2486 366/579/578 1220/581/580
f 227/1439/1437 1177/1574/1572 589/462/461
f 674/2118/2104 163/2120/2106 1937/1361/1360
f 1968/2396/2373 604/2242/2226 2097/2293/2277
f 117/1440/1438 1605/1275/1274 725/1975/1963
f 182/1828/1820 2330/856/855 1393/214/213
f 2219/1040/1039 2369/1416/1415 1663/1780/1773
f 2438/1387/1386 1996/185/185 2436/1278/1277
f 2403/158/158 1309/1270/1269 790/209/208
f 1218/808/807 1565/357/356 2129/237/236
f 1184/2407/2384 1819/2124/2110 893/2021/2008
f 267/1099/1098 692/1658/1656 1414/2343/2325
f 1500/2613/2569 756/2385/2363 2031/1248/1247
f 2153/334/333 656/16/16 2303/1934/1926
f 669/594/593 2203/1121/1120 2446/329/328
f 346/716/715 236/1082/1081 2010/717/716
f 490/818/817 1381/1767/1760 301/2618/2573
f 1363/220/219 1228/2033/2020 1797/4/4
f 1905/1203/1202 2395/245/244 1100/2097/2083
f 2429/2487/2457 2500/24/24 2278/23/23
f 835/651/650 1842/1463/1461 1448/2014/2001
f 488/1538/1536 698/1670/1668 2410/855/854
f 1311/1679/1677 31/1879/1871 875/1878/1870
f 1640/881/880 926/2439/2413 268/1800/1793
f 2354/2417/2393 1239/2640/2582 2133/2510/2478
f 1772/2199/2183 666/2261/2245 2007/2553/2514
f 324/2619/2574 595/1058/1057 1707/2083/2069
f 985/1226/1225 1332/1859/1851 1800/1333/1332
f 169/2198/2182 841/962/961 580/961/960
f 1862/396/395 1289/2145/2131 1655/1375/1374
f 1212/2203/2187 2529/997/996 703/1615/1613
f 991/1037/1036 812/1036/1035 1045/1666/1664
f 221/1982/1970 1965/1219/1218 1126/1412/1411
f 1128/1682/1679 217/1141/1140 1613/573/572
f 1552/533/532 250/719/718 2374/2606/2562
f 952/17/17 2153/334/333 2485/2191/2175
f 2486/1899/1891 2518/895/894 1375/897/896
f 1076/1770/1763 2174/787/786 213/1606/1604
f 764/167/167 99/2544/2506 1507/2258/2242
f 1302/1441/1439 620/475/474 1477/474/473
f 126/2211/2195 1328/1089/1088 1924/1088/1087
f 461/985/984 1025/773/772 1271/1348/1347
f 2403/158/158 790/209/208 1559/605/604
f 1073/2459/2431 965/1788/1781 1206/2311/2295
f 1136/1715/1710 1140/1724/1719 2409/2071/2057
f 1419/2304/2288 1642/2463/2435 1178/2305/2289
f 2287/191/191 1205/2517/2481 1196/2518/2482
f 2106/79/79 2236/1544/1542 2116/303/302
f 2560/1913/1905 574/2352/2332 40/974/973
f 206/34/34 1721/36/36 937/410/409
f 1957/2346/2328 2149/1868/1860 1656/2285/2269
f 161/600/599 150/332/331 1320/331/330
f 91/2093/2079 1931/2092/2078 328/1877/1869
f 1463/1168/1167 1307/2089/2075 239/2088/2074
f 918/1068/1067 1935/27/27 1654/1069/1068
f 1067/2049/2035 843/1967/1956 844/1966/1955
f 2045/2174/2159 1066/2027/2014 478/1563/1561
f 1366/2562/2522 1183/801/800 583/2338/2320
f 610/2227/2211 2522/919/918 998/149/149
f 193/1684/1681 292/655/654 467/1543/1541
f 111/1314/1313 1418/1313/1312 2088/469/468
f 749/2373/2351 2510/2019/2006 829/1871/1863
f 2067/55/55 920/2513/2479 2316/2232/2216
f 2431/2168/2153 2141/21/21 2212/287/286
f 551/630/629 345/1735/463 1495/2642/462
f 784/607/606 1104/1422/1421 1569/1273/1272
f 736/738/737 1731/2380/2358 1540/2428/2402
f 971/776/775 1071/991/990 1061/1686/1683
f 1128/1682/1679 1613/573/572 850/572/571
f 775/2340/2322 915/2345/2327 1085/2561/2521
f 2079/662/661 1740/661/660 1095/2048/2034
f 2351/2419/2395 1141/1690/1686 2575/1692/1688
f 1752/2570/2529 2124/1435/1433 1063/1437/1435
f 66/263/262 2093/1600/1598 2257/1255/1254
f 813/2542/2504 1013/2015/2002 1268/981/980
f 1960/556/555 1394/212/211 2366/211/210
f 197/492/491 386/2087/2073 1930/526/525
f 1639/2294/2278 413/1199/1198 1238/1034/1033
f 2444/557/556 1539/2554/2515 1394/212/211
f 1394/212/211 1539/2554/2515 1843/2382/2360
f 984/2161/2146 727/2593/2550 808/2231/2215
f 542/1748/1742 2359/1796/1789 48/2316/2300
f 1001/887/886 467/1543/1541 2514/2129/2115
f 1071/991/990 607/993/992 2114/2173/2158
f 1599/1114/1113 295/1470/1468 1068/1469/1467
f 2028/1950/1939 295/1470/1468 1167/984/983
f 2262/2422/337 357/1277/1276 403/2013/2000
f 1617/1916/1908 716/111/111 2140/1139/1138
f 569/1078/1077 1744/963/962 2420/641/640
f 473/1353/1352 2179/26/26 1080/645/644
f 646/770/769 762/769/768 355/1137/1136
f 384/903/902 1240/905/904 1563/1860/1852
f 688/80/80 2106/79/79 2116/303/302
f 404/20/20 2558/19/19 2118/2310/2294
f 2158/2505/2473 1865/2504/2022 1698/487/486
f 1776/1736/1730 1094/890/889 2188/795/794
f 1061/1686/1683 2044/1687/1684 744/2501/2471
f 1701/2355/2335 1016/2601/2557 1594/1920/1912
f 2002/73/73 383/2044/2030 1820/982/981
f 1377/1530/1528 1565/357/356 430/1531/1529
f 717/1911/1903 1387/1910/1902 938/908/907
f 1584/2414/2391 112/1109/1108 1542/2365/2345
f 2001/933/932 2077/1158/1157 1447/1157/1156
f 2232/1008/1007 1337/453/452 2574/2200/2184
f 1414/2343/2325 1353/2025/2012 923/2096/2082
f 2473/1393/1392 35/1759/1753 397/399/398
f 2143/1889/1881 909/1/1 974/1647/1645
f 138/400/399 1329/1651/1649 1986/1702/1697
f 2185/1698/1694 530/1110/1109 1806/1112/1111
f 1496/2377/2355 1510/412/411 701/2376/2354
f 1445/2471/2443 968/2502/2472 416/1166/1165
f 353/2280/2264 1736/194/194 25/2024/2011
f 2287/191/191 2541/15/15 1205/2517/2481
f 190/278/277 676/376/375 822/2100/2086
f 2554/2160/2145 713/1041/1040 1755/1781/1774
f 194/2628/2578 960/694/693 829/1871/1863
f 1295/1784/1777 1021/1406/1405 1551/70/70
f 1717/342/341 112/1109/1108 1438/2481/2452
f 116/562/561 1611/564/563 1715/1010/1009
f 2138/2094/2080 1472/2468/2440 681/2435/2409
f 1030/774/773 1105/741/740 894/775/774
f 1695/911/910 2137/363/362 2091/1799/1792
f 1627/2034/2021 876/2138/2124 1797/4/4
f 1381/1767/1760 1134/817/816 1389/1152/1151
f 856/155/155 898/157/157 312/2461/2433
f 1670/1325/1324 1949/1933/1925 1067/2049/2035
f 1748/1241/1240 1476/1240/1239 2145/1209/1208
f 1629/74/74 1337/453/452 2232/1008/1007
f 1457/1803/1795 1959/825/824 517/204/203
f 2251/2020/2007 784/607/606 1569/1273/1272
f 2455/2317/2301 48/2316/2300 1326/1795/1788
f 942/807/806 2150/1585/1583 2447/1587/1585
f 320/1097/1096 999/575/574 907/574/573
f 2324/2204/2188 2553/2228/2212 331/2496/2466
f 1320/331/330 300/333/332 565/872/871
f 2466/2202/2186 739/1136/1135 606/1135/1134
f 222/990/989 1477/474/473 218/2374/2352
f 2399/506/505 1949/1933/1925 1092/2546/2508
f 281/140/140 1162/377/376 975/408/407
f 260/2101/2087 1746/996/995 822/2100/2086
f 932/1196/1195 2126/1618/1616 1864/2131/2117
f 2218/1901/1893 698/1670/1668 2224/1672/1670
f 2393/883/882 2235/2010/1997 2172/2291/2275
f 2540/1410/1409 2469/2379/2357 626/1739/1733
f 849/1604/1602 1792/1659/1657 2353/105/105
f 505/1414/1413 14/1186/1185 158/1185/1184
f 654/1976/1964 1605/1275/1274 842/247/246
f 2467/1997/1984 1500/2613/2569 2505/1247/1246
f 682/482/481 1504/1999/1986 215/1056/1055
f 2159/1996/1983 1077/2225/2209 1906/1995/1982
f 1412/1696/1692 381/1443/1441 126/2211/2195
f 1885/1521/1519 882/2003/1990 1009/429/428
f 2340/164/164 910/166/166 915/2345/2327
f 327/2259/2243 1168/2303/2287 612/2238/2222
f 2046/2568/2527 2058/767/766 252/766/765
f 2092/2637/2581 1990/148/148 1066/2027/2014
f 1300/1448/1446 1432/147/147 2022/1464/1462
f 927/1992/1979 1049/1322/1321 2243/116/116
f 1782/2572/2531 562/1590/1588 405/1595/1593
f 1178/2305/2289 1535/1761/1755 903/1625/1623
f 2512/255/254 459/256/255 1079/2184/2169
f 2392/392/391 2519/1432/1430 1626/1874/1866
f 713/1041/1040 2288/1599/1597 2348/1747/1741
f 796/2301/2285 2370/2442/2416 641/1621/1619
f 1710/1408/1407 2476/202/201 2491/14/14
f 1563/1860/1852 1498/1862/1854 384/903/902
f 2076/1417/1416 402/510/509 1608/252/251
f 333/1407/1406 999/575/574 1039/200/200
f 2064/1532/1530 430/1531/1529 1576/2573/2532
f 1824/1460/1458 1985/1459/1457 455/2467/2439
f 944/2039/2025 106/2038/2024 1646/826/825
f 1657/441/440 578/1501/1499 777/1207/1206
f 684/417/416 853/419/418 2381/590/589
f 629/1887/1879 72/1562/1560 628/1561/1559
f 965/1788/1781 2071/1989/1976 1758/2000/1987
f 1928/1873/1865 2157/1352/1351 1808/2018/2005
f 2541/15/15 2556/2324/2308 1205/2517/2481
f 2558/19/19 284/394/393 153/1858/1850
f 2108/403/402 1527/1573/1571 936/745/744
f 1242/2234/2218 1981/1450/1448 2315/1369/1368
f 1585/1512/1510 817/115/115 2508/1962/1951
f 427/1815/1807 349/2296/2280 1506/1632/1630
f 1798/1937/1928 367/2156/2141 94/2155/2140
f 2166/791/790 1391/790/789 653/1624/1622
f 1924/1088/1087 831/2110/2096 1412/1696/1692
f 587/50/50 1412/1696/1692 1239/2640/2582
f 1437/2427/2401 2209/1630/1628 2456/1789/1782
f 2555/2114/2100 1198/2571/2530 2372/1377/1376
f 1310/688/687 2254/2123/2109 2260/686/685
f 2439/485/484 1293/2547/2488 1680/2458/2430
f 57/846/845 1146/710/709 1087/461/460
f 442/2527/2491 2505/1247/1246 1334/2098/2084
f 2414/380/379 2540/1410/1409 1372/2218/2202
f 753/1145/1144 378/1548/1546 172/2497/2467
f 1875/742/741 1434/1216/1215 1856/743/742
f 1062/1546/1544 2190/522/521 1198/2571/2530
f 1222/1206/1205 306/599/598 1479/1204/1203
f 447/1161/1160 119/2563/2523 1292/1162/1161
f 1000/1033/1032 68/1049/1048 1928/1873/1865
f 242/265/264 2392/392/391 440/391/390
f 648/1689/1685 1564/1778/1771 406/1777/1770
f 446/2421/2397 2229/1766/1759 457/1211/1210
f 1969/390/389 153/1858/1850 962/1857/1849
f 757/1355/1354 246/284/283 1553/2192/2176
f 2404/777/776 1061/1686/1683 2492/182/182
f 2064/1532/1530 452/2454/2427 2511/454/453
f 1112/1719/1714 363/1718/1713 191/2589/2547
f 2035/1952/1941 1239/2640/2582 2354/2417/2393
f 1955/1944/1934 1774/813/812 1364/2115/2101
f 1916/1631/1629 179/2587/2546 1653/2607/2563
f 2236/1544/1542 2242/1305/1304 2116/303/302
f 2381/590/589 260/2101/2087 1997/968/967
f 904/1816/1808 973/945/944 160/637/636
f 888/1707/1702 1296/1454/1452 1379/1453/1451
f 2473/1393/1392 2030/809/808 326/947/946
f 1889/1771/1764 1194/2371/2349 1578/1772/1765
f 173/998/997 1212/2203/2187 615/2224/2208
f 773/2353/2333 2217/1912/1904 1119/973/972
f 1019/2250/2234 2023/1228/1227 592/2142/2128
f 990/1706/1701 1600/2416/2392 2025/2586/2545
f 171/2012/1999 693/75/75 501/2411/2388
f 1953/89/89 1269/1488/1486 2134/87/87
f 2185/1698/1694 388/643/642 530/1110/1109
f 769/2612/2568 776/2206/2190 512/60/60
f 1720/2183/2168 1330/1957/1946 1989/1655/1653
f 1376/2315/2299 108/2479/2450 1664/2486/2456
f 2501/1256/1255 1663/1780/1773 2319/2398/2375
f 2509/1583/1581 1046/2577/2536 228/1582/1580
f 627/849/848 125/42/42 229/1497/1495
f 2097/2293/2277 2581/1949/1938 19/1814/1806
f 1201/1884/1876 519/1863/1855 1517/2537/2500
f 831/2110/2096 1849/2077/2063 1412/1696/1692
f 2496/1576/1574 458/684/683 233/683/682
f 1891/1433/1431 1884/2598/2554 2198/2219/2203
f 535/1002/1001 942/807/806 2396/806/805
f 2190/522/521 1713/2307/2291 1198/2571/2530
f 596/811/810 1348/2028/2015 408/458/457
f 2554/2160/2145 2288/1599/1597 713/1041/1040
f 1806/1112/1111 2432/896/895 2185/1698/1694
f 2082/2494/2464 1585/1512/1510 2508/1962/1951
f 1028/1227/1226 2271/2030/2017 699/76/76
f 1206/2311/2295 1254/2286/2270 1073/2459/2431
f 1829/1644/1642 1206/2311/2295 965/1788/1781
f 27/1286/1285 2127/1288/1287 1115/2245/2229
f 2537/1893/1885 1473/57/57 469/2243/2227
f 1132/307/306 1704/309/308 81/2319/2303
f 392/134/134 359/2603/2559 2356/1264/1263
f 654/1976/1964 842/247/246 78/249/248
f 855/2441/2415 731/2440/2414 714/1130/1129
f 1904/2085/2071 2117/2084/2070 1425/2399/2376
f 2215/2643/2583 1697/1125/1124 1180/2565/2524
f 2102/2277/2261 1377/1530/1528 2064/1532/1530
f 2092/2637/2581 2012/862/861 788/146/146
f 2275/1571/1569 2424/2464/2436 1236/1842/1834
f 2314/22/22 2500/24/24 108/2479/2450
f 1426/2531/2494 1366/2562/2522 1658/2506/2474
f 1019/2250/2234 2151/2590/2548 1645/1409/1408
f 1267/845/844 389/1131/1130 2172/2291/2275
f 1779/1365/1364 1173/2045/2031 1577/701/700
f 1272/1978/1966 2456/1789/1782 1415/1979/1967
f 282/2128/2114 525/2264/2248 1942/2157/2142
f 1323/1839/1831 525/2264/2248 282/2128/2114
f 130/1214/1213 1692/667/666 583/2338/2320
f 31/1879/1871 2496/1576/1574 233/683/682
f 213/1606/1604 1817/1605/1603 1850/1122/1121
f 1873/2151/2137 1513/2596/2552 1966/1381/1380
f 1179/213/212 1394/212/211 1348/2028/2015
f 2372/1377/1376 2342/2237/2221 2293/2236/2220
f 2073/1234/1233 966/706/705 987/624/623
f 1715/1010/1009 1639/2294/2278 116/562/561
f 2157/1352/1351 1718/1854/1846 1999/1636/1634
f 720/359/358 2252/358/357 2468/1703/1698
f 290/1043/1042 830/1943/1933 571/865/864
f 2256/1266/1265 1734/1187/1186 2259/128/128
f 1944/2239/2223 1782/2572/2531 405/1595/1593
f 1895/1434/1432 2495/2356/2336 2579/2369/2347
f 325/2047/2033 251/786/785 1274/2144/2130
f 718/1737/1731 1711/2534/2497 1386/58/58
f 2516/1652/1650 1819/2124/2110 1197/11/11
f 1667/1321/1320 456/1323/1322 2557/1928/1920
f 2064/1532/1530 2511/454/453 2102/2277/2261
f 2582/2644/2584 1652/509/508 1099/1444/1442
f 30/1142/1141 1293/2524/2488 1163/222/221
f 2328/181/181 340/180/180 374/503/502
f 362/1457/1455 841/962/961 169/2198/2182
f 2390/721/720 2401/842/841 2374/2606/2562
f 1091/1817/1809 1659/248/247 1739/1827/1819
f 1337/453/452 1466/455/454 271/2429/2403
f 329/268/267 2418/267/266 1751/1489/1487
f 1685/2432/2406 2202/2372/2350 1505/2420/2396
f 812/1036/1035 1000/1033/1032 220/1664/1662
f 113/1331/1330 2263/465/464 970/1257/1256
f 963/1285/1284 1538/1938/1929 534/1284/1283
f 2389/935/934 2103/1174/1173 1172/936/935
f 2423/2004/1991 2161/2005/1992 941/876/875
f 1679/1181/1180 766/799/798 147/2609/2565
f 1243/531/530 1983/346/345 2139/2281/2265
f 2502/1643/1641 868/1315/1314 332/1147/1146
f 1536/2610/2566 2029/1640/1638 2510/2019/2006
f 1374/1200/1199 122/2046/2032 657/1201/1200
f 901/2363/2343 2337/2436/2410 679/449/448
f 158/1185/1184 96/1184/1183 805/1485/1483
f 388/643/642 797/2263/2247 530/1110/1109
f 2425/2207/2191 1662/2214/2198 1338/1466/1464
f 826/2066/2052 2232/1008/1007 2574/2200/2184
f 2368/1924/1916 1164/1310/1309 563/832/831
f 1085/2561/2521 1366/2562/2522 583/2338/2320
f 1236/1842/1834 1509/1671/1669 1893/2276/2260
f 2523/1851/1843 2568/2210/2194 1648/959/958
f 199/1504/1502 483/1749/1743 18/1505/1503
f 2379/1525/1523 2485/2191/2175 2153/334/333
f 1211/104/104 747/103/103 1761/1762/1756
f 821/857/856 469/2243/2227 1253/1539/1537
f 1019/2250/2234 636/2252/2236 2151/2590/2548
f 2043/1951/1940 560/7/7 2035/1952/1941
f 1044/2313/2297 2539/2023/2010 2260/686/685
f 2030/809/808 1218/808/807 261/236/235
f 113/1331/1330 2284/1993/1980 816/1330/1329
f 1662/2214/2198 2581/1949/1938 604/2242/2226
f 581/2550/2511 2171/1904/1896 1079/2184/2169
f 2222/2557/2518 2322/1930/1922 1241/1304/1303
f 123/1332/1331 1726/1334/1333 193/1684/1681
f 1547/910/909 379/2137/2123 2309/364/363
f 521/1484/1482 1134/817/816 1328/1089/1088
f 1716/1012/1011 1871/1011/1010 1644/1127/1126
f 1794/2492/2462 1064/2567/2526 776/2206/2190
f 1196/2518/2482 1791/1926/1918 2561/192/192
f 2550/2176/2161 2483/2269/2253 1812/432/431
f 496/720/719 2551/2551/2512 2383/1396/1395
f 2119/894/893 1315/893/892 272/1612/1610
f 191/2589/2547 224/980/979 1112/1719/1714
f 2016/1472/1470 2451/1471/1469 2105/2452/2425
f 2397/517/516 1487/1594/1592 1876/93/93
f 1511/1821/1813 253/1490/1488 1751/1489/1487
f 2029/1640/1638 1484/1280/1279 1508/1279/1278
f 2303/1934/1926 992/1051/1050 2099/843/842
f 2501/1256/1255 2257/1255/1254 1755/1781/1774
f 53/1401/1400 2429/2487/2457 1741/1402/1401
f 1170/989/988 957/659/658 884/658/657
f 1346/2608/2564 1480/2469/2441 359/2603/2559
f 538/234/233 616/714/713 1314/2384/2362
f 484/2556/2517 2331/2430/2404 2306/1805/1797
f 2375/233/232 2284/1993/1980 145/2300/2284
f 1546/2266/2250 2311/1575/1573 811/627/626
f 75/2453/2426 210/934/933 1861/2604/2560
f 912/1669/1667 2003/864/863 1534/91/91
f 877/40/40 404/20/20 2118/2310/2294
f 1401/835/834 1514/546/545 553/946/945
f 2027/406/405 1421/606/605 102/407/406
f 749/2373/2351 2424/2464/2436 2360/2117/2103
f 273/1072/1071 780/642/641 1744/963/962
f 1705/1175/1174 582/752/751 472/696/695
f 2352/705/704 545/582/581 1395/1446/1444
f 294/2339/2321 583/2338/2320 1692/667/666
f 519/1863/1855 2531/239/238 1517/2537/2500
f 1226/1303/1302 1863/81/81 1312/83/83
f 2355/1925/1917 2368/1924/1916 563/832/831
f 1316/1570/1568 390/1572/1570 1040/2368/2346
f 1209/1193/1192 162/348/347 1851/2134/2120
f 1730/230/229 2276/2600/2556 836/1635/1633
f 803/261/260 2249/914/913 407/262/261
f 721/718/717 2532/101/101 2569/569/568
f 361/344/343 801/281/280 2050/283/282
f 1739/1827/1819 1122/1818/1810 1091/1817/1809
f 1923/2493/2463 536/1665/1663 1097/2017/2004
f 2392/392/391 1626/1874/1866 1318/1921/1913
f 2558/19/19 2442/2273/2257 284/394/393
f 370/197/197 2465/1430/1429 289/198/198
f 2488/389/388 980/1060/1059 1683/2271/2255
f 1024/1734/1729 24/163/163 781/2341/2323
f 400/2037/2023 1529/95/95 262/94/94
f 109/1662/1660 1718/1854/1846 354/1351/1350
f 2505/1247/1246 1748/1241/1240 1833/1502/1500
f 295/1470/1468 2028/1950/1939 2378/793/792
f 1722/1349/1348 1624/2007/1994 1588/1021/1020
f 1127/2086/2072 2/1493/1491 2117/2084/2070
f 173/998/997 615/2224/2208 540/122/122
f 1868/2361/2341 2217/1912/1904 773/2353/2333
f 1957/2346/2328 2012/862/861 2349/2362/2342
f 2111/393/392 1851/2134/2120 1483/2525/2489
f 308/1025/1024 170/613/612 1287/2408/2385
f 167/218/217 1149/1592/1590 1248/1074/1073
f 344/35/35 1855/1633/1631 1506/1632/1630
f 1874/1171/1170 670/2378/2356 1531/750/749
f 690/2/2 2308/143/143 2312/145/145
f 1991/2490/2460 795/1075/1074 1747/1929/1921
f 354/1351/1350 1530/1661/1659 109/1662/1660
f 2367/1654/1652 1758/2000/1987 1989/1655/1653
f 758/1357/1356 763/2401/2378 1752/2570/2529
f 1182/1883/1875 1809/1885/1877 1561/577/576
f 1835/2626/2577 858/2208/2192 1433/1628/1626
f 186/1812/1804 95/2482/2453 2061/1813/1805
f 284/394/393 1326/1795/1788 153/1858/1850
f 580/961/960 2146/2299/2283 2205/2477/2448
f 63/1897/1889 1538/1938/1929 81/2319/2303
f 2504/349/348 1361/1250/1249 1441/2178/2163
f 1934/1508/1506 1154/2061/2047 444/1609/1607
f 1121/730/729 1125/729/728 1346/2608/2564
f 1731/2380/2358 1898/1424/1423 1016/2601/2557
f 1602/1006/1005 1566/854/853 1188/853/852
f 2150/1585/1583 732/369/368 1324/2326/2310
f 53/1401/1400 93/2389/2367 2525/1589/1587
f 412/337/336 342/636/635 586/635/634
f 724/632/631 1176/2002/1989 1627/2034/2021
f 1750/2470/2442 1929/1782/1775 1898/1424/1423
f 1444/1908/1900 854/519/518 1890/2229/2213
f 2077/1158/1157 484/2556/2517 718/1737/1731
f 1542/2365/2345 240/319/318 873/427/426
f 393/244/243 1261/2578/2537 956/242/241
f 2402/282/281 648/1689/1685 1532/859/858
f 1051/747/746 2387/2393/1678 1234/1070/1069
f 1546/2266/2250 1012/366/365 2311/1575/1573
f 1794/2492/2462 1854/1254/1253 1064/2567/2526
f 1727/221/220 1363/220/219 1624/2007/1994
f 2584/1167/1166 1894/2274/2258 1463/1168/1167
f 411/511/510 402/510/509 1564/1778/1771
f 2294/623/622 1543/131/131 266/1776/1769
f 1366/2562/2522 766/799/798 1183/801/800
f 1186/1773/1766 1668/388/387 2056/231/230
f 2427/2078/2064 2164/2342/2324 1195/56/56
f 127/152/152 592/2142/2128 1756/1230/1229
f 562/1590/1588 2361/1596/1594 405/1595/1593
f 1205/2517/2481 2556/2324/2308 1791/1926/1918
f 984/2161/2146 205/2333/2315 727/2593/2550
f 1994/691/690 1980/1642/1640 976/2146/2132
f 1800/1333/1332 123/1332/1331 985/1226/1225
f 1063/1437/1435 1382/1436/1434 532/1705/1700
f 1678/1856/1848 2062/1124/1123 1697/1125/1124
f 1032/2425/2399 2063/1826/1818 303/1825/1817
f 1766/1971/1959 2318/1359/1358 2128/1972/1960
f 213/1606/1604 305/1985/1972 1870/2528/2492
f 2209/1630/1628 1847/2247/2231 23/2249/2233
f 813/2542/2504 224/980/979 191/2589/2547
f 898/157/157 972/2584/2543 609/1065/1064
f 680/815/814 713/1041/1040 2348/1747/1741
f 1659/248/247 911/1649/1647 2168/848/847
f 1187/685/684 2055/943/942 2426/942/941
f 2086/504/503 1821/1327/1326 2527/970/969
f 2238/1223/1222 930/1225/1224 1583/1732/1727
f 228/1582/1580 1046/2577/2536 608/1829/1821
f 2092/2637/2581 1066/2027/2014 2349/2362/2342
f 198/948/947 261/236/235 148/1456/1454
f 2226/106/106 934/1646/1644 2386/107/107
f 1824/1460/1458 455/2467/2439 1480/2469/2441
f 503/1581/1579 486/886/885 184/666/665
f 1662/2214/2198 2573/2615/2571 2581/1949/1938
f 2174/787/786 2565/1189/1188 2416/1533/1531
f 2229/1766/1759 446/2421/2397 2127/1288/1287
f 533/898/897 1988/2165/2150 465/1182/1181
f 1643/1547/1545 2246/884/883 588/1016/1015
f 2031/1248/1247 756/2385/2363 1042/2314/2298
f 2497/2560/2379 2452/1343/1342 86/796/795
f 1977/545/544 106/2038/2024 370/197/197
f 750/907/906 946/9/9 717/1911/1903
f 2515/1451/1449 1484/1280/1279 1536/2610/2566
f 1341/1283/1282 1903/802/801 2563/1617/1615
f 2121/295/294 2486/1899/1891 1375/897/896
f 1613/573/572 1624/2007/1994 1722/1349/1348
f 581/2550/2511 211/2433/2407 2171/1904/1896
f 2028/1950/1939 1732/1272/1271 1992/2364/2344
f 1956/1935/1927 416/1166/1165 1324/2326/2310
f 23/2249/2233 1887/2624/2576 1835/2626/2577
f 2425/2207/2191 832/2566/2525 1118/2213/2197
f 231/109/109 2196/619/618 1724/838/837
f 59/2579/2538 13/757/756 2323/2149/2135
f 255/2357/2337 1999/1636/1634 647/2431/2405
f 1507/2258/2242 99/2544/2506 136/2302/2286
f 841/962/961 362/1457/1455 585/235/234
f 2019/2125/2111 908/1534/1532 96/1184/1183
f 1517/2537/2500 2531/239/238 178/238/237
f 2314/22/22 1714/1329/1328 1984/339/338
f 1326/1795/1788 1483/2525/2489 2321/2526/2490
f 1750/2470/2442 1296/1454/1452 888/1707/1702
f 2/1493/1491 318/2500/2470 2117/2084/2070
f 1409/2358/2338 1743/2523/2487 1772/2199/2183
f 2431/2168/2153 2212/287/286 2448/1844/1836
f 2405/210/209 317/488/487 1276/1442/1440
f 347/1960/1949 2547/470/469 2088/469/468
f 1019/2250/2234 1645/1409/1408 2023/1228/1227
f 680/815/814 542/1748/1742 1279/816/815
f 2172/2291/2275 2235/2010/1997 1267/845/844
f 2545/927/926 1754/2057/2043 818/965/964
f 831/2110/2096 1491/1087/1086 1004/2495/2465
f 2424/2464/2436 1509/1671/1669 1236/1842/1834
f 1304/2522/2486 2195/867/866 2351/2419/2395
f 1858/1942/1932 268/1800/1793 155/1941/1931
f 814/3/3 600/891/890 2081/1890/1882
f 1691/360/359 1723/362/361 1390/243/242
f 1348/2028/2015 2163/2265/2249 1468/2029/2016
f 474/2272/2256 1223/2448/2421 48/2316/2300
f 328/1877/1869 256/547/546 1853/1833/1825
f 1180/2565/2524 1884/2598/2554 1513/2596/2552
f 852/1005/1004 2338/1007/1006 2135/1003/1002
f 1817/1605/1603 1043/2321/2305 1621/1123/1122
f 1900/1117/1116 957/659/658 2142/1958/1947
f 920/2513/2479 276/2443/2417 2316/2232/2216
f 2434/1855/1847 1789/1645/1643 1391/790/789
f 558/223/222 637/2188/2173 1036/1063/1062
f 1239/2640/2582 1412/1696/1692 1849/2077/2063
f 2148/240/239 613/964/963 178/238/237
f 323/480/479 1103/481/480 880/2104/2090
f 398/2009/1996 917/1395/1394 800/1783/1776
f 1141/1690/1686 1840/2387/2365 1382/1436/1434
f 665/751/750 670/2378/2356 1959/825/824
f 718/1737/1731 484/2556/2517 1711/2534/2497
f 2148/240/239 2489/1148/1147 2052/1487/1485
f 2458/1320/1319 1192/830/829 2090/829/828
f 874/113/113 1585/1512/1510 2283/1774/1767
f 1372/2218/2202 1993/2194/2178 1971/2499/2469
f 741/1616/1614 1550/420/419 335/421/420
f 641/1621/1619 2370/2442/2416 1114/373/372
f 1238/1034/1033 1872/1238/1237 838/1035/1034
f 1133/1886/1878 1899/2197/2181 629/1887/1879
f 1372/2218/2202 635/1260/1259 1993/2194/2178
f 1843/2382/2360 1006/732/731 2163/2265/2249
f 2478/1020/1019 1941/2127/2113 848/2498/2468
f 1339/1202/1201 854/519/518 1942/2157/2142
f 2191/193/193 804/129/129 2287/191/191
f 154/1269/1268 1650/507/506 317/488/487
f 1899/2197/2181 78/249/248 391/2215/2199
f 1384/620/619 2036/537/536 1291/2514/2480
f 366/579/578 1304/2522/2486 1887/2624/2576
f 1210/901/900 1494/2201/2185 494/1399/1398
f 1586/2185/2170 2584/1167/1166 2435/2186/2171
f 887/2332/179 677/1550/1548 1148/1549/1547
f 1083/634/633 364/2480/2451 171/2012/1999
f 1330/1957/1946 1720/2183/2168 2171/1904/1896
f 26/516/515 1704/309/308 2397/517/516
f 1984/339/338 2000/1388/1387 2278/23/23
f 404/20/20 851/275/274 2141/21/21
f 858/2208/2192 522/1786/1779 997/2267/2251
f 1001/887/886 1397/1626/1624 467/1543/1541
f 881/2539/2501 597/135/135 484/2556/2517
f 2319/2398/2375 1925/2576/2535 1596/2519/2483
f 192/2022/2009 1819/2124/2110 2516/1652/1650
f 2060/1775/1768 2082/2494/2464 989/433/432
f 786/1169/1168 1653/2607/2563 179/2587/2546
f 663/1190/1189 110/1888/1880 1153/957/956
f 2349/2362/2342 1063/1437/1435 990/1706/1701
f 1101/2370/2348 1873/2151/2137 2277/955/954
f 638/1586/1584 239/2088/2074 1436/2090/2076
f 1951/2451/2424 603/1026/1025 308/1025/1024
f 1410/726/725 89/725/724 494/1399/1398
f 1427/724/723 2361/1596/1594 1635/1588/1586
f 492/1197/1196 52/1105/1104 203/1107/1106
f 860/928/927 818/965/964 1736/194/194
f 2304/68/68 1429/125/125 32/1138/1137
f 607/993/992 1185/1371/1370 1474/1083/1082
f 2019/2125/2111 14/1186/1185 791/2126/2112
f 1712/653/652 76/1344/1343 119/2563/2523
f 2416/1533/1531 1250/788/787 2174/787/786
f 1759/915/914 2415/999/998 1155/1001/1000
f 2076/1417/1416 1608/252/251 673/1418/1417
f 937/410/409 342/636/635 2154/1027/1026
f 1737/2147/2133 2387/2393/1678 2165/1231/1230
f 2582/2644/2584 1164/1310/1309 1652/509/508
f 157/1094/1093 2183/601/600 156/603/602
f 577/330/329 2480/1494/1492 2009/2220/2204
f 2347/1023/1022 1206/2311/2295 1829/1644/1642
f 1923/2493/2463 1097/2017/2004 689/32/32
f 1269/1488/1486 619/1810/1802 2134/87/87
f 1040/2368/2346 390/1572/1570 2334/1917/1909
f 2274/2282/2266 2582/2644/2584 1099/1444/1442
f 2503/2182/2167 1762/2359/2339 371/2552/2513
f 750/907/906 743/159/159 946/9/9
f 1956/1935/1927 1927/371/370 1445/2471/2443
f 441/1558/1556 1551/70/70 1724/838/837
f 1795/1880/1872 1244/2011/1998 2319/2398/2375
f 1859/1119/1118 2007/2553/2514 1749/1282/1281
f 1114/373/372 920/2513/2479 2067/55/55
f 2365/1824/1816 2063/1826/1818 1493/97/97
f 2409/2530/2057 1396/2279/2263 387/1969/1957
f 216/59/59 1253/1539/1537 469/2243/2227
f 796/2301/2285 1055/596/595 2370/2442/2416
f 800/1783/1776 2173/341/340 595/1058/1057
f 648/1689/1685 406/1777/1770 71/1419/1418
f 658/2040/2026 740/215/214 1281/2016/2003
f 388/643/642 2481/2172/2157 797/2263/2247
f 2264/2223/2207 1192/830/829 1443/1319/1318
f 2263/465/464 816/1330/1329 1018/1258/1257
f 954/800/799 766/799/798 1827/1180/1179
f 74/1577/1575 772/654/653 918/1068/1067
f 833/2438/2412 1520/1000/999 1922/1977/1965
f 87/2060/2046 2411/2059/2045 1038/2108/2094
f 197/492/491 43/525/524 806/413/412
f 529/2233/2217 1896/2597/2553 165/1836/1828
f 1965/1219/1218 1828/288/287 1126/1412/1411
f 2287/191/191 1008/2073/2059 2105/2452/2425
f 1909/992/991 1003/2334/2316 2548/1557/1555
f 644/814/813 1767/2394/2371 1925/2576/2535
f 989/433/432 1522/387/386 2060/1775/1768
f 2375/233/232 1199/2295/2279 538/234/233
f 1191/1054/1053 215/1056/1055 114/1053/1052
f 457/1211/1210 624/502/501 464/2132/2118
f 1072/1084/1083 2130/2581/2540 2400/1808/1800
f 254/383/382 1486/2079/2065 1846/384/383
f 1304/2522/2486 1878/2418/2394 1887/2624/2576
f 125/42/42 1628/1564/1562 1442/43/43
f 1683/2271/2255 980/1060/1059 2571/1509/1507
f 1224/285/284 246/284/283 757/1355/1354
f 1075/1384/1383 214/1244/1243 358/1245/1244
f 671/1648/1646 2286/1372/1371 2577/2391/2369
f 1588/1021/1020 91/2093/2079 15/1832/1824
f 484/2556/2517 2306/1805/1797 1711/2534/2497
f 1971/2499/2469 1993/2194/2178 1352/2337/2319
f 263/1986/1973 213/1606/1604 2174/787/786
f 2576/967/966 1244/2011/1998 852/1005/1004
f 2290/1601/1599 2359/1796/1789 659/2354/2334
f 1626/1874/1866 2258/530/529 1917/41/41
f 313/258/257 1603/257/256 2239/1155/1154
f 1071/991/990 2114/2173/2158 1597/1909/1901
f 2293/2236/2220 1027/2292/2276 49/1378/1377
f 322/2390/2368 821/857/856 2330/856/855
f 1047/544/543 1679/1181/1180 1117/2636/2580
f 83/345/344 1237/2212/2196 1002/1507/1505
f 1919/153/153 1756/1230/1229 1754/2057/2043
f 2513/304/303 1313/812/811 1282/951/950
f 2312/145/145 1725/144/144 759/609/608
f 1976/2166/2151 2579/2369/2347 2461/2167/2152
f 1664/2486/2456 108/2479/2450 1782/2572/2531
f 2254/2123/2109 504/1569/1567 1485/823/822
f 2162/913/912 278/253/252 2015/25/25
f 799/437/436 1832/440/439 257/615/614
f 2445/1118/1117 1859/1119/1118 434/663/662
f 1510/412/411 1496/2377/2355 782/819/818
f 770/784/783 251/786/785 500/46/46
f 2576/967/966 279/1004/1003 97/850/849
f 175/670/669 564/682/681 420/1830/1822
f 1265/317/316 2355/1925/1917 563/832/831
f 155/1941/1931 638/1586/1584 1262/1164/1163
f 2134/87/87 619/1810/1802 2451/1471/1469
f 278/253/252 1193/2297/2281 277/254/253
f 1779/1365/1364 1577/701/700 668/700/699
f 2270/320/319 194/2628/2578 2032/321/320
f 1406/2122/2108 1259/2583/2542 196/2121/2107
f 1400/2620/1550 667/542/541 92/2456/2429
f 2544/1421/1420 2379/1525/1523 2303/1934/1926
f 2051/2548/2509 1293/2524/2488 1627/2034/2021
f 440/391/390 819/2289/2273 2290/1601/1599
f 2046/2568/2527 132/1140/1139 1503/1482/1480
f 1889/1771/1764 2491/14/14 2291/13/13
f 1237/2212/2196 1024/1734/1729 1002/1507/1505
f 1237/2212/2196 1452/161/161 1024/1734/1729
f 182/1828/1820 322/2390/2368 2330/856/855
f 1495/463/462 589/462/461 1177/1574/1572
f 2250/1018/1017 1200/1556/1554 2537/1893/1885
f 689/32/32 2070/2605/2561 1913/33/33
f 1463/1168/1167 1324/2326/2310 416/1166/1165
f 579/552/551 773/2353/2333 919/529/528
f 2423/2004/1991 2202/2372/2350 81/2319/2303
f 1887/2624/2576 1878/2418/2394 1835/2626/2577
f 1314/2384/2362 270/232/231 538/234/233
f 1808/2018/2005 2101/1637/1635 2428/1055/1054
f 2215/2643/2583 1513/2596/2552 1976/2166/2151
f 2136/2412/2389 1358/1503/1501 1734/1187/1186
f 2439/485/484 1680/2458/2430 618/1820/1812
f 561/2632/2579 1102/2545/2507 865/1903/1895
f 1367/1892/1884 2214/1555/1553 959/1159/1158
f 741/1616/1614 335/421/420 2061/1813/1805
f 2563/1617/1615 741/1616/1614 2061/1813/1805
f 1337/453/452 2335/1366/1365 2511/454/453
f 1351/869/868 1799/2063/2049 82/293/292
f 2453/2455/2428 1117/2636/2580 147/2609/2565
f 1954/2484/2455 314/1622/1620 2226/106/106
f 75/2453/2426 1861/2604/2560 83/345/344
f 1234/1070/1069 1227/2367/1047 343/711/710
f 2310/640/639 1844/639/638 1493/97/97
f 865/1903/1895 1641/1931/1923 561/2632/2579
f 290/1043/1042 1231/1042/1041 1777/498/497
f 1707/2083/2069 480/1792/1785 324/2619/2574
f 1421/606/605 2379/1525/1523 730/1420/1419
f 1536/2610/2566 1484/1280/1279 2029/1640/1638
f 1563/1860/1852 1240/905/904 1970/1861/1853
f 1243/531/530 2139/2281/2265 655/1914/1906
f 946/9/9 1964/8/8 717/1911/1903
f 2201/141/141 975/408/407 657/1201/1200
f 1225/1326/1325 2154/1027/1026 1686/2344/2326
f 1373/1103/1102 1432/147/147 1300/1448/1446
f 2167/2532/2495 1368/340/339 1323/1839/1831
f 2362/1927/1919 561/2632/2579 1641/1931/1923
f 1472/2468/2440 1630/450/449 681/2435/2409
f 1257/187/187 87/2060/2046 1815/2107/2093
f 1669/1753/1747 643/950/949 2158/2505/2473
f 903/1625/1623 762/769/768 1974/768/767
f 1002/1507/1505 1024/1734/1729 781/2341/2323
f 1437/2427/2401 1847/2247/2231 2209/1630/1628
f 584/1347/1346 475/1367/1366 2181/715/714
f 1175/2635/925 376/2645/796 561/2632/2579
f 1785/62/62 727/2593/2550 769/2612/2568
f 2510/2019/2006 2360/2117/2103 1536/2610/2566
f 1974/768/767 985/1226/1225 1622/2574/2533
f 1481/2538/1549 667/542/541 1400/2620/1550
f 1948/1554/1552 2250/1018/1017 683/1242/1241
f 188/735/734 1273/2599/2555 1854/1254/1253
f 294/2339/2321 663/1190/1189 775/2340/2322
f 176/2251/2235 236/1082/1081 346/716/715
f 999/575/574 333/1407/1406 90/352/351
f 2279/1519/1517 754/1745/1739 1693/648/647
f 2453/2455/2428 147/2609/2565 1426/2531/2494
f 396/1017/1016 2350/1243/1242 2250/1018/1017
f 449/1714/1709 1140/1724/1719 1136/1715/1710
f 1224/285/284 758/1357/1356 466/2460/2432
f 650/477/476 156/603/602 410/602/601
f 1702/1073/1072 1744/963/962 2147/622/621
f 357/1277/1276 1021/2512/1405 131/1267/1266
f 1550/420/419 1416/117/117 2243/116/116
f 1033/1733/1728 1592/401/400 138/400/399
f 726/586/585 1411/2309/2293 2047/524/523
f 1646/826/825 1516/1731/1726 944/2039/2025
f 397/399/398 2013/1307/1306 2468/1703/1698
f 1580/1730/1725 2108/403/402 1516/1731/1726
f 2359/1796/1789 819/2289/2273 1982/1797/1790
f 964/1746/1740 2577/2391/2369 754/1745/1739
f 2574/2200/2184 1337/453/452 271/2429/2403
f 1407/367/366 1420/1700/1695 421/1701/1696
f 1168/2303/2287 1027/2292/2276 612/2238/2222
f 1480/2469/2441 1472/2468/2440 20/1389/1388
f 695/1045/1044 100/1656/1654 195/279/278
f 1992/2364/2344 2057/920/919 2578/922/921
f 135/493/492 806/413/412 301/2618/2573
f 1802/1500/1498 1356/1318/1317 1582/1317/1316
f 1738/2190/2174 19/1814/1806 952/17/17
f 1893/2276/2260 1509/1671/1669 1785/62/62
f 2060/1775/1768 1585/1512/1510 2082/2494/2464
f 1321/2254/2238 1500/2613/2569 2467/1997/1984
f 1319/909/908 2515/1451/1449 2364/405/404
f 2321/2526/2490 1647/2133/2119 2507/2270/2254
f 2123/1287/1286 2110/2221/2205 610/2227/2211
f 1910/31/31 451/1716/1711 2156/1580/1578
f 1316/1570/1568 2360/2117/2103 2275/1571/1569
f 60/1059/1058 2017/1032/1031 792/1057/1056
f 2017/1032/1031 60/1059/1058 1857/1336/1335
f 1259/2583/2542 1261/2578/2537 2131/760/759
f 1865/2504/2022 364/2503/2451 527/2646/632
f 180/2082/2068 951/2001/1988 2187/90/90
f 1709/1066/1065 2021/2558/2519 2399/506/505
f 1449/1510/1508 1221/2068/2054 1590/2466/2438
f 2136/2412/2389 2256/1266/1265 884/658/657
f 38/925/924 996/924/923 2297/2360/2340
f 1092/2546/2508 1670/1325/1324 1821/1327/1326
f 2169/229/228 1830/1567/1565 443/1324/1323
f 2398/523/522 978/1864/1856 2216/521/520
f 2514/2129/2115 467/1543/1541 1912/1540/1538
f 928/306/305 202/190/190 1523/189/189
f 1944/2239/2223 1664/2486/2456 1782/2572/2531
f 332/1147/1146 2417/1146/1145 1014/1092/1091
f 86/796/795 2382/798/797 1453/2366/2309
f 1496/2377/2355 237/2113/2099 1191/1054/1053
f 1999/1636/1634 1718/1854/1846 647/2431/2405
f 2554/2160/2145 2257/1255/1254 2093/1600/1598
f 590/2330/2314 2373/2375/2353 1263/297/296
f 809/956/955 1452/161/161 2358/1754/1748
f 1061/1686/1683 2404/777/776 971/776/775
f 666/2261/2245 1034/372/371 1285/1281/1280
f 1838/1134/1133 414/1133/1132 1611/564/563
f 1587/629/628 1448/2014/2001 2297/2360/2340
f 2410/855/854 807/1900/1892 1188/853/852
f 644/814/813 511/2395/2372 1767/2394/2371
f 1971/2499/2469 675/2478/2449 1372/2218/2202
f 614/1475/1473 2138/2094/2080 554/1473/1471
f 41/2180/2165 2543/2179/2164 1515/2181/2166
f 969/447/446 883/994/993 1783/1710/1705
f 923/2096/2082 1100/2097/2083 1390/243/242
f 776/2206/2190 1064/2567/2526 2425/2207/2191
f 2532/101/101 1967/100/100 932/1196/1195
f 376/797/796 2527/970/969 2094/972/971
f 47/1455/1453 1634/1691/1687 1379/1453/1451
f 1906/1995/1982 2112/2541/2503 1677/1360/1359
f 2486/1899/1891 155/1941/1931 1090/1163/1162
f 2051/2548/2509 1627/2034/2021 1228/2033/2020
f 674/2118/2104 1305/954/953 696/1024/1023
f 129/2053/2039 347/1960/1949 285/1959/1948
f 1553/2192/2176 1929/1782/1775 757/1355/1354
f 2195/867/866 2112/2541/2503 1840/2387/2365
f 451/1716/1711 1913/33/33 1297/1717/1712
f 2069/1215/1214 1637/431/430 280/302/301
f 1580/1730/1725 746/828/827 295/1470/1468
f 1235/2329/2313 1158/2154/1720 189/1905/1897
f 827/1663/1661 1046/2577/2536 1462/868/867
f 1349/2153/2139 434/663/662 1574/1120/1119
f 173/998/997 2529/997/996 1212/2203/2187
f 2051/2548/2509 1163/222/221 1293/2524/2488
f 2521/1342/1341 2452/1343/1342 1082/1837/1829
f 1649/2602/2558 1328/1089/1088 782/819/818
f 1212/2203/2187 2549/1524/1522 591/123/123
f 555/1212/1211 887/179/179 2328/181/181
f 1652/509/508 1945/1973/1961 1052/1194/1193
f 2343/1902/1894 749/2373/2351 829/1871/1863
f 864/1449/1447 482/2614/2570 105/1337/1336
f 1443/1319/1318 2458/1320/1319 2531/239/238
f 1738/2190/2174 2097/2293/2277 19/1814/1806
f 837/1081/1080 1623/1080/1079 226/1423/1422
f 1741/1402/1401 20/1389/1388 2345/1400/1399
f 452/2454/2427 2064/1532/1530 1576/2573/2532
f 866/2383/2361 1867/1932/1924 211/2433/2407
f 1209/1193/1192 1455/1845/1837 1361/1250/1249
f 139/1039/1038 2206/451/450 1985/1459/1457
f 755/30/30 785/45/45 2200/852/851
f 993/665/664 702/1945/1935 373/664/663
f 2012/862/861 1656/2285/2269 1598/863/862
f 324/2619/2574 480/1792/1785 645/1794/1787
f 312/2461/2433 609/1065/1064 2155/1064/1063
f 319/300/299 2483/2269/2253 184/666/665
f 2116/303/302 499/1306/1305 1774/813/812
f 1116/1188/1187 497/1769/1762 70/1768/1761
f 2197/1537/1535 2506/660/659 2079/662/661
f 468/1374/1373 1411/2309/2293 726/586/585
f 417/2543/2505 2470/1340/1339 1431/2323/2307
f 1943/704/703 2412/1295/1294 507/2103/2089
f 658/2040/2026 2220/698/697 133/1713/1708
f 1523/189/189 1484/1280/1279 2292/527/526
f 1640/881/880 232/820/819 1967/100/100
f 1303/1891/1883 129/2053/2039 916/2052/2038
f 725/1975/1963 1133/1886/1878 1302/1441/1439
f 1512/2058/2044 429/29/29 2411/2059/2045
f 1704/309/308 1138/679/678 81/2319/2303
f 1279/816/815 542/1748/1742 1223/2448/2421
f 1082/1837/1829 2452/1343/1342 2497/2560/2379
f 2429/2487/2457 53/1401/1400 2525/1589/1587
f 2407/674/673 2305/975/974 1778/986/985
f 2140/1139/1138 729/397/396 1617/1916/1908
f 2191/193/193 581/2550/2511 459/256/255
f 2086/504/503 2399/506/505 1092/2546/2508
f 1848/6/6 1591/5/5 1458/2520/2484
f 2309/364/363 379/2137/2123 18/1505/1503
f 2568/2210/2194 1241/1304/1303 1648/959/958
f 1811/2507/2475 666/2261/2245 1150/52/52
f 908/1534/1532 859/1598/1596 590/2330/2314
f 1496/2377/2355 1649/2602/2558 782/819/818
f 1866/402/401 1592/401/400 857/2195/2179
f 2166/791/790 431/1802/1794 943/792/791
f 404/20/20 1230/1394/1393 851/275/274
f 2241/1623/1621 2166/791/790 653/1624/1622
f 1702/1073/1072 493/365/364 2449/1071/1070
f 1077/2225/2209 2159/1996/1983 1961/2226/2210
f 1439/646/645 1302/1441/1439 1161/2141/2127
f 293/118/118 124/1727/1722 927/1992/1979
f 1554/2351/2331 98/1807/1799 1805/1693/1689
f 1807/1620/1618 1292/1162/1161 119/2563/2523
f 1854/1254/1253 1740/661/660 146/1253/1252
f 927/1992/1979 124/1727/1722 1991/2490/2460
f 232/820/819 1640/881/880 268/1800/1793
f 1938/746/745 1245/652/651 2465/2515/1429
f 2458/1320/1319 2090/829/828 2489/1148/1147
f 778/1274/1273 71/1419/1418 1605/1275/1274
f 802/491/490 439/2445/2419 1411/2309/2293
f 1203/246/245 622/2308/2292 1035/1297/1296
f 1326/1795/1788 1982/1797/1790 153/1858/1850
f 1669/1753/1747 2158/2505/2473 1165/486/485
f 514/2400/2377 1278/2611/2567 2415/999/998
f 889/1077/1076 1747/1929/1921 795/1075/1074
f 1878/2418/2394 2575/1692/1688 858/2208/2192
f 460/2335/2317 1408/53/53 1150/52/52
f 1671/446/445 187/448/447 1275/534/533
f 987/624/623 966/706/705 118/708/707
f 1056/1988/1975 1073/2459/2431 331/2496/2466
f 1308/1498/1496 1319/909/908 2364/405/404
f 779/1479/1477 1398/1478/1476 882/2003/1990
f 2535/2616/2572 2222/2557/2518 19/1814/1806
f 1580/1730/1725 104/291/290 2108/403/402
f 1823/272/271 594/1486/1484 1258/1870/1862
f 324/2619/2574 645/1794/1787 2130/2581/2540
f 696/1024/1023 1631/1233/1232 2528/444/443
f 994/608/607 759/609/608 1333/1756/1750
f 1058/765/764 1913/33/33 2070/2605/2561
f 444/1609/1607 2006/1741/1735 1430/1610/1608
f 1278/2611/2567 1922/1977/1965 1520/1000/999
f 819/2289/2273 962/1857/1849 1982/1797/1790
f 1183/801/800 130/1214/1213 583/2338/2320
f 2181/715/714 1447/1157/1156 44/1723/1718
f 22/2535/2498 1346/2608/2564 359/2603/2559
f 2435/2186/2171 925/2434/2408 368/132/132
f 1173/2045/2031 571/865/864 830/1943/1933
f 2488/389/388 1683/2271/2255 2507/2270/2254
f 1346/2608/2564 1824/1460/1458 1480/2469/2441
f 172/2497/2467 1150/52/52 977/2260/2244
f 1460/1806/1798 1403/2240/2224 2182/2230/2214
f 279/1004/1003 2576/967/966 852/1005/1004
f 355/1137/1136 1030/774/773 646/770/769
f 1509/1671/1669 808/2231/2215 1785/62/62
f 2313/476/475 628/1561/1559 931/156/156
f 80/2647/922 1102/2591/2507 2094/972/971
f 410/602/601 1151/478/477 650/477/476
f 269/588/587 710/496/495 1322/2595/2551
f 2109/1523/1521 1728/2067/2053 252/766/765
f 2274/2282/2266 1164/1310/1309 2582/2644/2584
f 1203/246/245 2240/1461/1459 1261/2578/2537
f 1816/1834/1826 165/1836/1828 1896/2597/2553
f 550/1822/1814 549/1744/1738 86/796/795
f 1854/1254/1253 1273/2599/2555 1064/2567/2526
f 2324/2204/2188 207/114/114 2553/2228/2212
f 2180/1721/1716 2552/1358/1357 1464/1722/1717
f 271/2429/2403 2046/2568/2527 1728/2067/2053
f 1168/2303/2287 327/2259/2243 1507/2258/2242
f 2135/1003/1002 1902/354/353 1336/2008/1995
f 1684/2397/2374 1700/2075/2061 1920/1090/1089
f 640/1872/1864 2106/79/79 164/78/78
f 1940/294/293 2538/1300/1299 1963/2403/2380
f 1767/2394/2371 1590/2466/2438 1740/661/660
f 1310/688/687 634/2465/2437 1327/723/722
f 1931/2092/2078 1757/2521/2485 956/242/241
f 2094/972/971 742/1980/1968 996/2415/923
f 114/1053/1052 215/1056/1055 1504/1999/1986
f 562/1590/1588 2040/2130/2116 2361/1596/1594
f 1625/186/186 141/1294/1293 296/1657/1655
f 355/1137/1136 762/769/768 606/1135/1134
f 748/174/174 588/1016/1015 660/1757/1751
f 798/44/44 13/757/756 59/2579/2538
f 2474/969/968 1973/1014/1013 1533/513/512
f 279/1004/1003 1336/2008/1995 97/850/849
f 838/1035/1034 1872/1238/1237 1796/515/514
f 666/2261/2245 1285/1281/1280 2007/2553/2514
f 672/871/870 1320/331/330 565/872/871
f 1954/2484/2455 1156/2331/1898 314/1622/1620
f 1008/2073/2059 2287/191/191 804/129/129
f 1009/429/428 2536/978/977 719/430/429
f 818/965/964 1756/1230/1229 1614/195/195
f 204/1149/1148 2238/1223/1222 2489/1148/1147
f 2196/619/618 231/109/109 1069/85/85
f 2309/364/363 2449/1071/1070 493/365/364
f 1985/1459/1457 2206/451/450 455/2467/2439
f 1008/2073/2059 804/129/129 1549/178/178
f 837/1081/1080 1229/1565/1563 286/99/99
f 80/2647/922 2094/972/971 996/2415/923
f 1361/1250/1249 2543/2179/2164 1441/2178/2163
f 2105/2452/2425 2451/1471/1469 2291/13/13
f 2215/2643/2583 1180/2565/2524 1513/2596/2552
f 1032/2425/2399 462/327/326 2487/983/982
f 1390/243/242 1100/2097/2083 2395/245/244
f 631/669/668 2524/703/702 175/670/669
f 2535/2616/2572 2557/1928/1920 2222/2557/2518
f 35/1759/1753 748/174/174 528/176/176
f 197/492/491 806/413/412 135/493/492
f 2184/1918/1910 2485/2191/2175 2379/1525/1523
f 1488/173/173 809/956/955 2358/1754/1748
f 2083/1607/1605 1043/2321/2305 1817/1605/1603
f 596/811/810 1179/213/212 1348/2028/2015
f 1180/2648/2524 1839/1763/1757 1486/2079/2065
f 219/676/675 310/675/674 1658/2506/2474
f 1715/1010/1009 6/589/588 1639/2294/2278
f 506/2244/2228 2002/73/73 1820/982/981
f 1093/614/613 1365/1154/1153 756/2385/2363
f 1584/2414/2391 1542/2365/2345 2192/987/986
f 1112/1719/1714 2039/979/978 1883/2622/2575
f 819/2289/2273 440/391/390 962/1857/1849
f 2541/15/15 316/1029/1028 2556/2324/2308
f 1141/1690/1686 2460/1708/1703 1634/1691/1687
f 1899/2197/2181 654/1976/1964 78/249/248
f 1620/2444/2418 1106/873/872 870/138/138
f 1195/56/56 2164/2342/2324 1201/1884/1876
f 1438/2481/2452 112/1109/1108 1584/2414/2391
f 1486/2079/2065 813/2542/2504 1846/384/383
f 1436/2090/2076 895/2349/2329 1181/1165/1164
f 1055/596/595 8/1953/1942 2370/2442/2416
f 1504/1999/1986 2078/1429/1428 204/1149/1148
f 2171/1904/1896 1720/2183/2168 1079/2184/2169
f 92/2456/2429 2453/2455/2428 2409/2530/2057
f 1829/1644/1642 965/1788/1781 1745/1653/1651
f 1328/1089/1088 1649/2602/2558 1491/1087/1086
f 2407/674/673 1825/1568/1566 2245/672/671
f 2005/563/562 1238/1034/1033 991/1037/1036
f 1826/1237/1236 182/1828/1820 1393/214/213
f 1145/10/10 170/613/612 2268/217/216
f 1326/1795/1788 48/2316/2300 2359/1796/1789
f 2530/1991/1978 1831/689/688 1994/691/690
f 600/891/890 2312/145/145 1266/2069/2055
f 930/1225/1224 1269/1488/1486 2052/1487/1485
f 1201/1884/1876 2164/2342/2324 519/1863/1855
f 1761/1762/1756 1535/1761/1755 1642/2463/2435
f 1233/1849/1841 735/1819/1811 1751/1489/1487
f 2515/1451/1449 1316/1570/1568 2364/405/404
f 1202/468/467 1408/53/53 460/2335/2317
f 2372/1377/1376 2293/2236/2220 49/1378/1377
f 313/258/257 229/1497/1495 1675/2582/2541
f 2042/1751/1745 1525/2509/2477 1895/1434/1432
f 2258/530/529 2119/894/893 1230/1394/1393
f 1123/2064/2050 2019/2125/2111 2245/672/671
f 554/1473/1471 2566/2248/2232 1760/1474/1472
f 1246/937/936 2447/1587/1585 638/1586/1584
f 63/1897/1889 1284/2318/2302 2528/444/443
f 1693/648/647 828/1866/1858 2329/1875/1867
f 287/2193/2177 1477/474/473 2313/476/475
f 2482/1676/1674 1482/1597/1595 1271/1348/1347
f 231/109/109 643/950/949 611/108/108
f 2218/1901/1893 2410/855/854 698/1670/1668
f 2020/1584/1582 1660/1113/1112 1306/1115/1114
f 2577/2391/2369 2286/1372/1371 468/1374/1373
f 2306/1805/1797 2331/2430/2404 1376/2315/2299
f 582/752/751 1705/1175/1174 79/1177/1176
f 2066/1480/1478 2339/216/215 166/250/249
f 1554/2351/2331 67/1224/1223 204/1149/1148
f 1762/2359/2339 2445/1118/1117 372/1779/1772
f 304/142/142 103/839/838 2542/1477/1475
f 996/2415/923 1325/1981/1969 422/1673/1671
f 866/2383/2361 211/2433/2407 581/2550/2511
f 195/279/278 1124/175/175 695/1045/1044
f 891/1262/1261 75/2453/2426 2223/2549/2510
f 1508/1279/1278 846/1847/1839 2029/1640/1638
f 914/1345/1344 1820/982/981 462/327/326
f 2322/1930/1922 1747/1929/1921 889/1077/1076
f 2149/1868/1860 2098/1308/1307 1845/1964/1953
f 1473/57/57 718/1737/1731 1386/58/58
f 1963/2403/2380 2121/295/294 1940/294/293
f 539/160/160 743/159/159 750/907/906
f 138/400/399 1866/402/401 1329/1651/1649
f 2215/2643/2583 1678/1856/1848 1697/1125/1124
f 1176/2002/1989 501/2411/2388 1822/77/77
f 373/664/663 2013/1307/1306 684/417/416
f 506/2244/2228 914/1345/1344 2102/2277/2261
f 2221/2006/1993 1529/95/95 400/2037/2023
f 1619/1052/1051 65/831/830 1192/830/829
f 1064/2567/2526 1273/2599/2555 832/2566/2525
f 1081/177/177 613/964/963 1269/1488/1486
f 1784/1668/1666 2107/1939/1930 483/1749/1743
f 976/2146/2132 2085/1191/1190 1290/1467/1465
f 620/475/474 628/1561/1559 2313/476/475
f 721/718/717 639/1236/1235 346/716/715
f 1993/2194/2178 635/1260/1259 2446/329/328
f 1421/606/605 730/1420/1419 784/607/606
f 2422/98/98 537/2585/2544 241/2320/2304
f 924/1246/1245 2580/728/727 1459/932/931
f 1660/1113/1112 1298/2111/2097 1599/1114/1113
f 69/597/596 1055/596/595 1811/2507/2475
f 1953/89/89 2269/88/88 1204/2152/2138
f 2505/1247/1246 1317/1239/1238 1748/1241/1240
f 2299/570/569 2569/569/568 203/1107/1106
f 21/733/732 1847/2247/2231 1437/2427/2401
f 999/575/574 557/434/433 1039/200/200
f 188/735/734 1283/1634/1632 1273/2599/2555
f 460/2335/2317 1150/52/52 172/2497/2467
f 926/2439/2413 2139/2281/2265 2280/2164/2149
f 1092/2546/2508 1949/1933/1925 1670/1325/1324
f 1016/2601/2557 1701/2355/2335 1731/2380/2358
f 1616/1955/1944 362/1457/1455 169/2198/2182
f 2531/239/238 2458/1320/1319 2148/240/239
f 2580/728/727 1121/730/729 1459/932/931
f 1413/127/127 2564/1990/1977 2530/1991/1978
f 2270/320/319 394/554/553 1088/693/692
f 2423/2004/1991 941/876/875 1108/484/483
f 769/2612/2568 512/60/60 1785/62/62
f 1251/1370/1369 324/2619/2574 2130/2581/2540
f 1656/2285/2269 1057/1923/1915 1598/863/862
f 1279/816/815 1223/2448/2421 2406/2592/2549
f 2120/1965/1954 1434/1216/1215 1334/2098/2084
f 714/1130/1129 2454/1129/1128 823/1265/1264
f 518/712/711 1199/2295/2279 1157/1742/1736
f 2504/349/348 1441/2178/2163 2553/2228/2212
f 2164/2342/2324 2427/2078/2064 2471/414/413
f 940/1704/1699 2473/1393/1392 397/399/398
f 2526/228/227 2210/553/552 351/353/352
f 79/1177/1176 1729/1867/1859 1219/587/586
f 1811/2507/2475 1034/372/371 666/2261/2245
f 2135/1003/1002 2338/1007/1006 2273/226/225
f 2178/2112/2098 1612/2170/2155 2237/2169/2154
f 181/2148/2134 1914/2150/2136 2578/922/921
f 1701/2355/2335 2495/2356/2336 1525/2509/2477
f 1859/1119/1118 1749/1282/1281 1574/1120/1119
f 2208/2042/2028 1096/1150/1149 1358/1503/1501
f 2323/2149/2135 13/757/756 1914/2150/2136
f 2386/107/107 2475/2135/2121 2353/105/105
f 941/876/875 2161/2005/1992 98/1807/1799
f 2039/979/978 610/2227/2211 2567/151/151
f 1728/2067/2053 2046/2568/2527 252/766/765
f 413/1199/1198 1533/513/512 1872/1238/1237
f 1830/1567/1565 2020/1584/1582 443/1324/1323
f 1099/1444/1442 756/2385/2363 1321/2254/2238
f 2330/856/855 929/858/857 1281/2016/2003
f 633/851/850 398/2009/1996 617/1030/1029
f 1402/1685/1682 297/343/342 2054/929/928
f 1863/81/81 1226/1303/1302 2322/1930/1922
f 2478/1020/1019 1129/1022/1021 1941/2127/2113
f 2248/1160/1159 1653/2607/2563 447/1161/1160
f 2215/2643/2583 1976/2166/2151 1678/1856/1848
f 954/800/799 2478/1020/1019 1637/431/430
f 1818/241/240 393/244/243 956/242/241
f 1135/2177/2162 1597/1909/1901 2481/2172/2157
f 53/1401/1400 2345/1400/1399 2248/1160/1159
f 2053/1894/1886 977/2260/2244 1772/2199/2183
f 1173/2045/2031 830/1943/1933 575/638/637
f 1777/498/497 537/2585/2544 2422/98/98
f 1692/667/666 1742/2065/2051 294/2339/2321
f 625/63/63 2213/827/826 2572/64/64
f 1782/2572/2531 2500/24/24 562/1590/1588
f 1762/2359/2339 372/1779/1772 371/2552/2513
f 1906/1995/1982 1077/2225/2209 1600/2416/2392
f 2138/2094/2080 681/2435/2409 554/1473/1471
f 2140/1139/1138 550/1822/1814 86/796/795
f 94/2155/2140 2123/1287/1286 1798/1937/1928
f 1097/2017/2004 536/1665/1663 1808/2018/2005
f 2133/2510/2478 1239/2640/2582 1849/2077/2063
f 776/2206/2190 1338/1466/1464 512/60/60
f 1610/1522/1520 1885/1521/1519 1078/428/427
f 232/820/819 268/1800/1793 825/821/820
f 2306/1805/1797 1376/2315/2299 1664/2486/2456
f 482/2614/2570 165/1836/1828 470/1809/1801
f 2424/2464/2436 2224/1672/1670 1509/1671/1669
f 1110/269/268 1521/271/270 143/1101/1100
f 2418/267/266 771/266/265 306/599/598
f 129/2053/2039 791/2126/2112 505/1414/1413
f 260/2101/2087 2381/590/589 853/419/418
f 1696/737/736 47/1455/1453 736/738/737
f 1180/2648/2524 1486/2079/2065 1884/2649/2554
f 130/1214/1213 46/668/667 1692/667/666
f 896/375/374 1997/968/967 260/2101/2087
f 2285/1956/1945 1258/1870/1862 594/1486/1484
f 1750/2470/2442 888/1707/1702 763/2401/2378
f 2005/563/562 1007/2540/2502 1238/1034/1033
f 1399/1076/1075 417/2543/2505 1863/81/81
f 2562/2392/2370 1258/1870/1862 2285/1956/1945
f 930/1225/1224 619/1810/1802 1269/1488/1486
f 1822/77/77 501/2411/2388 693/75/75
f 1326/1795/1788 2321/2526/2490 2455/2317/2301
f 1257/187/187 1815/2107/2093 2267/264/263
f 1314/2384/2362 616/714/713 1881/1711/1706
f 2543/2179/2164 1014/1092/1091 1743/2523/2487
f 1914/2150/2136 1288/756/755 417/2543/2505
f 733/347/346 1243/531/530 867/1593/1591
f 998/149/149 1388/918/917 1771/150/150
f 1085/2561/2521 219/676/675 1658/2506/2474
f 1409/2358/2338 1772/2199/2183 2445/1118/1117
f 825/821/820 1858/1942/1932 2126/1618/1616
f 894/775/774 1105/741/740 1773/1811/1803
f 1622/2574/2533 123/1332/1331 1397/1626/1624
f 85/206/205 1060/1362/1361 437/1559/1557
f 373/664/663 2468/1703/1698 2013/1307/1306
f 289/198/198 1245/1431/651 1495/463/462
f 309/540/539 1332/1859/1851 1773/1811/1803
f 2381/590/589 1997/968/967 1347/591/590
f 1952/1865/1857 1573/1881/1873 419/1641/1639
f 2138/2094/2080 2444/557/556 2248/1160/1159
f 1798/1937/1928 431/2476/1794 367/2156/2141
f 1546/2266/2250 811/627/626 1113/628/627
f 747/103/103 1813/692/691 1733/1760/1754
f 1223/2448/2421 2041/2508/2476 2406/2592/2549
f 2180/1721/1716 1070/1038/1037 2048/1750/1744
f 1385/2080/2066 494/1399/1398 89/725/724
f 432/1376/1375 1496/2377/2355 1191/1054/1053
f 546/1726/1721 1992/2364/2344 795/1075/1074
f 902/953/952 2018/1852/1844 109/1662/1660
f 1074/423/422 872/1513/1511 399/183/183
f 1601/483/482 2428/1055/1054 2101/1637/1635
f 922/949/948 860/928/927 1736/194/194
f 103/839/838 315/1840/1832 2542/1477/1475
