# Blender 4.2.3 LTS
# www.blender.org
mtllib modeloSol.mtl
o luna_-_moon
v 0.829879 1.221503 0.634857
v 0.334854 0.708912 1.160852
v 0.505479 0.779799 1.207956
v 0.735574 0.263912 0.122951
v 0.308785 0.486463 1.140926
v 0.015815 0.623065 0.534824
v 0.796223 0.805306 1.198797
v 0.328717 0.241920 0.998857
v 0.739404 0.304859 1.137284
v 0.439869 0.080649 0.862944
v 0.449789 1.190999 0.428127
v 0.645343 1.090589 0.232657
v 1.017042 0.141671 0.509014
v 0.511841 0.294037 1.125380
v 0.416853 0.470862 0.059771
v 1.134234 0.268961 0.522230
v 0.093127 0.619535 0.932177
v 0.283771 1.064382 0.898755
v 1.196903 0.410019 0.715277
v 1.071288 0.875977 0.281417
v 0.886368 1.069017 0.300745
v 1.037256 0.756059 0.182102
v 0.860227 1.018030 0.220415
v 0.537747 1.213969 0.439557
v 0.123174 0.849154 0.929031
v 0.214129 0.192995 0.446141
v 0.170881 0.957750 0.372112
v 0.928724 1.036794 0.292725
v 0.577818 0.168344 0.204313
v 0.191441 0.460361 0.200772
v 0.115803 0.895159 0.358925
v 0.556126 0.028896 0.401997
v 0.800655 0.231831 0.158075
v 0.982088 0.268915 0.233974
v 0.059336 0.816245 0.434780
v 0.303079 0.625290 0.077797
v 0.742961 0.179324 0.186537
v 0.708459 0.011853 0.723884
v 0.178336 1.035228 0.660007
v 0.455936 0.536334 1.206059
v 0.683323 0.102850 0.968959
v 1.117133 0.303150 0.782021
v 0.092175 0.573761 0.934389
v 0.947071 0.604188 0.113303
v 0.312359 0.087215 0.559855
v 0.486840 0.322259 0.095852
v 0.634623 1.006271 0.148724
v 0.892945 0.517852 1.163254
v 1.173428 0.450370 0.382072
v 0.037159 0.604400 0.417265
v 0.675018 1.225268 0.742942
v 0.731816 1.230918 0.686726
v 1.137784 0.852211 0.363268
v 0.703102 0.610433 1.232075
v 0.752893 0.936629 1.171274
v 0.208157 0.276493 0.295935
v 0.190205 0.310286 0.300034
v 0.274813 0.145963 0.456409
v 0.955949 0.096251 0.494257
v 0.766139 1.016360 1.096024
v 0.028903 0.478704 0.503066
v 1.065612 1.001269 0.458783
v 0.133253 0.322223 0.392944
v 0.915164 0.671994 0.067619
v 0.177410 0.186087 0.692176
v 0.785913 0.664934 1.218812
v 0.248870 0.118168 0.610531
v 0.026673 0.444271 0.532819
v 0.407671 0.242652 1.048054
v 0.263997 1.119074 0.602818
v 0.869770 0.220466 0.194254
v 0.881611 0.109252 0.339286
v 0.703986 0.573940 0.017232
v 0.660833 0.261254 0.127839
v 0.721866 1.204094 0.422902
v 1.088976 0.973843 0.446748
v 1.190285 0.428261 0.425167
v 0.910397 0.170429 0.270423
v 0.954357 1.159159 0.649617
v 0.718253 0.011265 0.678695
v 0.153594 0.261926 0.438822
v 0.865779 0.117092 0.941378
v 0.674922 1.205854 0.429701
v 0.345850 0.472061 1.156476
v 0.955915 0.060559 0.699693
v 0.649953 0.000041 0.545540
v 0.674148 0.683197 1.239467
v 0.902347 1.161860 0.448781
v 0.785948 0.875192 1.185923
v 0.321160 0.097663 0.489220
v 0.388949 0.482392 0.063374
v 0.297561 0.224944 0.274186
v 1.166343 0.852396 0.427009
v 0.213452 0.963807 0.314451
v 1.149888 0.367702 0.788993
v 0.484666 0.322121 1.130731
v 0.832967 0.882683 1.163423
v 0.212273 0.161044 0.550372
v 1.103311 0.452439 0.273047
v 0.088219 0.782255 0.343424
v 0.648358 0.600404 0.019379
v 1.245455 0.683540 0.657877
v 0.080852 0.522538 0.333850
v 0.895693 0.130772 0.917449
v 0.733789 0.954582 1.161630
v 0.916861 0.065863 0.778629
v 1.107854 0.471789 0.281349
v 1.149282 0.694398 0.300980
v 0.042038 0.428485 0.504123
v 0.614012 0.228149 0.144829
v 0.537148 0.212190 1.076640
v 0.942448 1.031089 0.965424
v 1.040802 1.035385 0.807993
v 0.147590 0.229413 0.699052
v 0.255806 0.305253 0.226628
v 0.006444 0.622765 0.635256
v 0.835597 0.187428 0.202524
v 1.106483 1.007396 0.657199
v 1.095099 0.958944 0.425704
v 0.296904 0.115165 0.510608
v 0.600330 1.006773 0.149606
v 0.112645 0.560573 0.278413
v 0.688512 0.353079 0.078750
v 1.057493 0.222636 0.766905
v 0.979149 0.157661 0.373864
v 0.158483 0.347869 0.910049
v 0.291148 0.818138 1.111969
v 1.087132 0.795728 0.249776
v 0.585962 0.274674 1.129384
v 0.460595 0.312547 0.107379
v 0.209479 0.765696 0.176988
v 0.019956 0.683380 0.712190
v 1.080000 0.348518 0.289023
v 0.986329 0.101885 0.681613
v 0.113558 0.496706 0.952506
v 1.119634 0.467171 0.294599
v 0.237227 0.431414 1.082485
v 0.242870 0.662732 1.104760
v 0.941486 0.870488 0.145768
v 0.171169 0.317426 0.309640
v 0.615364 0.706689 1.246039
v 0.923249 0.064737 0.583543
v 0.762885 1.179123 0.843768
v 0.503573 0.814757 1.197154
v 0.972418 1.109827 0.769951
v 1.034636 0.528604 1.052095
v 0.360308 0.263056 0.190414
v 0.095723 0.924923 0.546367
v 1.132863 0.567696 0.272995
v 0.576726 0.147425 0.230769
v 0.062696 0.740287 0.334886
v 0.195862 1.052618 0.695108
v 0.766397 0.502994 1.204903
v 0.225540 0.416754 1.061499
v 0.548178 1.239891 0.611982
v 0.852063 1.188573 0.451533
v 0.870241 1.179965 0.464628
v 0.492584 0.278805 1.108160
v 0.249654 0.433951 1.096910
v 0.914024 0.038581 0.696153
v 0.560412 0.167225 0.215921
v 0.830586 0.275308 1.093310
v 0.053710 0.388203 0.473158
v 1.127423 0.255953 0.498987
v 0.642962 0.919908 1.174618
v 0.950630 0.273554 0.200097
v 1.187543 0.903252 0.628354
v 1.213901 0.456233 0.454176
v 0.117941 0.972324 0.595606
v 1.198848 0.861960 0.573987
v 0.194449 0.678644 0.165336
v 0.510356 0.188291 1.037092
v 0.130919 0.717857 0.985985
v 0.702873 1.055930 0.204956
v 0.181540 0.551297 1.064367
v 0.835610 1.211829 0.564162
v 0.485260 0.769682 0.022790
v 0.316703 0.097489 0.770287
v 1.044085 0.990666 0.384765
v 0.260535 0.937019 1.013633
v 1.012445 0.130333 0.592316
v 0.972582 0.354189 0.168921
v 0.901623 1.161376 0.743725
v 0.526249 0.355254 0.073371
v 0.897935 0.866109 0.117955
v 1.168408 0.386562 0.774952
v 0.817051 1.185545 0.770660
v 1.040392 0.500551 1.039381
v 0.221748 0.915954 0.256837
v 0.056845 0.743505 0.361709
v 0.299104 1.125905 0.455265
v 1.239971 0.755535 0.565967
v 0.698909 0.316798 0.094113
v 1.036273 0.935507 0.964401
v 0.069980 0.779299 0.366335
v 0.515877 0.492175 0.027424
v 0.106527 0.544948 0.949248
v 0.084884 0.903881 0.503987
v 0.280090 1.048709 0.913195
v 0.715390 0.035736 0.382552
v 0.882251 0.341202 0.104432
v 1.164778 0.934468 0.656971
v 0.779203 1.229732 0.677975
v 0.194195 0.149901 0.654832
v 1.099427 0.618800 1.004728
v 0.883154 0.032614 0.633655
v 0.796023 0.178967 1.027817
v 0.946306 1.134084 0.446719
v 0.286973 0.459671 1.119368
v 0.720261 1.177266 0.374109
v 0.616689 0.007165 0.710149
v 0.073189 0.904044 0.632326
v 0.226392 1.093947 0.651431
v 0.253248 0.464942 1.098482
v 0.103033 0.289363 0.651967
v 1.058556 0.531040 0.194779
v 0.225591 0.425443 0.184173
v 0.738002 0.087283 0.304847
v 0.508562 0.199021 0.182927
v 0.022274 0.479769 0.567230
v 0.161085 0.628387 1.031822
v 0.756941 0.120133 0.268391
v 0.591600 0.571172 0.010182
v 0.257192 1.096709 0.441103
v 0.136880 0.602938 0.998890
v 0.775400 1.237200 0.527467
v 0.827534 0.021615 0.724652
v 0.147045 0.524301 1.007768
v 0.945457 0.121326 0.390081
v 0.511023 1.207676 0.429425
v 0.098258 0.731691 0.278225
v 0.679138 1.248711 0.604580
v 0.127860 0.875568 0.340104
v 0.075738 0.847891 0.428984
v 0.250025 0.178805 0.834950
v 0.816920 1.222185 0.565031
v 0.061016 0.400534 0.734700
v 0.985672 0.928643 1.026999
v 0.452058 1.219556 0.562969
v 0.961214 1.014931 0.971403
v 0.240980 1.092397 0.727176
v 0.745817 0.621088 1.226435
v 0.926519 0.626972 0.086059
v 0.335684 0.427713 1.132729
v 1.093542 0.457844 0.262816
v 0.500902 0.795882 0.028554
v 0.786834 0.283691 0.108483
v 0.186645 0.172877 0.585390
v 0.593631 0.774637 1.225739
v 0.695030 1.208121 0.799272
v 0.496685 0.649092 1.228617
v 0.040730 0.618041 0.815271
v 0.125897 0.411213 0.315912
v 0.379576 1.151286 0.414302
v 0.072935 0.348050 0.586592
v 0.442959 0.499704 0.046982
v 0.928146 0.575156 0.090049
v 1.104867 0.413729 0.299257
v 1.083580 0.720059 1.017624
v 0.027606 0.669263 0.438793
v 0.074460 0.883987 0.561742
v 0.256459 0.154655 0.471285
v 0.198055 1.059994 0.644749
v 0.393759 0.128708 0.927391
v 0.059700 0.497475 0.830286
v 0.355920 1.172055 0.745099
v 0.307501 0.724317 0.083528
v 0.635008 1.242363 0.607976
v 0.778111 1.228589 0.497425
v 0.916461 1.102075 0.844766
v 0.030436 0.707376 0.754412
v 0.572628 0.440973 1.217847
v 0.415370 1.155157 0.870787
v 0.476259 0.713010 1.215010
v 0.286401 0.351968 0.176848
v 0.304752 0.205005 0.947554
v 0.780457 0.237998 0.135268
v 0.774368 0.256766 0.125567
v 0.877928 0.866460 1.146266
v 0.459649 0.350482 0.081639
v 0.043431 0.577209 0.398527
v 0.836116 1.115547 0.906051
v 1.097561 0.558490 0.228756
v 0.754970 0.444562 1.191215
v 0.612822 0.246576 1.115119
v 0.749319 1.239712 0.578940
v 0.756239 0.065144 0.333428
v 0.777096 1.119034 0.305294
v 0.880901 0.044510 0.771571
v 0.188453 1.017644 0.803624
v 0.105514 0.893379 0.388560
v 0.700618 0.285329 0.113043
v 1.050156 0.223810 0.788563
v 0.543560 0.255572 0.127816
v 0.987469 0.158501 0.814688
v 0.630708 0.687099 1.247350
v 0.798334 0.313137 0.093494
v 0.824028 0.066171 0.378154
v 1.143820 0.969219 0.591919
v 0.560321 0.128300 0.252036
v 0.100572 0.493157 0.920316
v 0.883824 1.194100 0.571329
v 0.126344 0.976278 0.686450
v 0.053163 0.542900 0.381115
v 0.202088 1.064111 0.670588
v 0.047513 0.478798 0.404761
v 1.213529 0.552286 0.412464
v 1.195572 0.855655 0.525913
v 0.770927 0.343064 0.079704
v 0.506285 0.171582 0.209449
v 1.064239 1.035589 0.735671
v 0.750934 0.040675 0.369613
v 0.917722 0.094420 0.410960
v 0.250310 0.903785 0.224699
v 0.079212 0.497498 0.334577
v 0.502633 0.011389 0.526331
v 0.205900 0.423201 1.050458
v 0.315791 0.642737 1.155860
v 0.480453 0.379465 0.067959
v 0.287676 0.131340 0.468383
v 0.555727 1.222051 0.776799
v 0.981534 0.383615 0.160807
v 0.614012 0.185131 0.193800
v 0.781828 1.059885 1.043867
v 0.509410 0.618997 1.231217
v 0.068944 0.862485 0.507638
v 1.127031 0.435639 0.319698
v 0.410648 0.501293 0.053880
v 0.078242 0.422356 0.386149
v 0.822871 0.053142 0.811192
v 0.727184 0.109175 0.976655
v 0.554498 0.181545 1.043707
v 0.334970 0.092725 0.473895
v 0.786934 1.187037 0.410349
v 1.095585 0.286734 0.802089
v 0.880369 0.310879 0.128021
v 0.880136 0.019781 0.731575
v 0.911345 1.185895 0.560638
v 0.888122 1.076241 0.944201
v 0.158953 0.830130 0.245693
v 0.823505 1.119616 0.916322
v 0.894745 0.021294 0.689416
v 0.194503 0.346673 0.261756
v 0.916910 0.044144 0.646641
v 0.815400 0.037746 0.774950
v 0.831676 1.228612 0.594056
v 0.591728 0.234928 1.108121
v 0.265235 0.130033 0.500243
v 0.924196 0.035424 0.669989
v 0.167272 0.356259 0.282090
v 0.897596 0.938231 1.094000
v 0.327421 1.159772 0.710679
v 0.119523 0.816207 0.959710
v 0.030296 0.431148 0.521620
v 0.730080 0.463847 0.040491
v 0.951059 0.073551 0.625463
v 0.191132 0.739277 0.184747
v 0.243759 0.449954 1.086368
v 1.060210 0.783241 0.214780
v 0.820802 0.738229 1.202984
v 0.835314 0.327250 0.096259
v 0.104563 0.948446 0.572242
v 0.305652 1.137373 0.515643
v 0.157062 0.683741 0.203988
v 0.375561 0.973107 1.075994
v 0.902720 0.929800 0.156972
v 0.245374 0.975795 0.300122
v 0.306683 1.152172 0.649733
v 0.973209 0.087272 0.705440
v 0.900289 0.053843 0.772438
v 0.611839 0.073177 0.921178
v 0.585989 0.068889 0.907532
v 0.027675 0.741075 0.552569
v 0.150954 0.829041 0.263763
v 0.098595 0.933816 0.636220
v 0.690812 0.000919 0.611775
v 0.600460 0.011389 0.609513
v 0.524453 0.201863 1.053919
v 0.282932 1.073971 0.871560
v 0.937799 0.073396 0.561463
v 0.187732 0.351362 0.958058
v 0.161109 0.750778 0.209233
v 0.122300 0.896451 0.857494
v 1.206946 0.417465 0.502135
v 0.425882 0.321807 0.111721
v 0.136129 0.559535 0.997441
v 0.390559 0.141668 0.294411
v 0.476518 1.189021 0.832938
v 1.236798 0.525079 0.489969
v 1.217864 0.662423 0.787972
v 0.893344 0.138315 0.307773
v 1.060464 0.740113 0.201636
v 0.468649 0.614600 0.017281
v 0.952672 0.983827 1.020561
v 0.366463 0.437316 1.148697
v 0.952955 0.446597 0.125145
v 0.043525 0.779290 0.476166
v 0.828666 0.942580 1.135317
v 0.373817 1.012711 1.037650
v 0.239105 0.163943 0.485073
v 0.814824 1.209927 0.697103
v 0.905631 0.272420 0.168959
v 0.168484 0.702938 0.191978
v 0.659124 0.477716 1.201427
v 1.201692 0.631033 0.384700
v 0.869493 0.254981 0.173339
v 0.946062 1.157214 0.503863
v 0.973436 1.106066 0.446654
v 0.777443 0.462709 0.046077
v 0.840980 1.177952 0.429585
v 0.896827 0.300179 0.144849
v 0.879516 0.017173 0.697374
v 0.011107 0.585633 0.531546
v 0.009775 0.688128 0.664837
v 0.113887 0.939125 0.459734
v 0.388321 1.190468 0.540079
v 1.084284 0.202041 0.595905
v 0.984013 1.059314 0.861856
v 1.062630 0.299948 0.313033
v 0.158884 0.578381 1.030996
v 0.247994 0.617163 1.116767
v 0.790640 0.024426 0.728360
v 0.757399 0.730284 0.023622
v 0.914632 0.314749 0.139689
v 0.966046 0.091529 0.613041
v 0.125872 0.869227 0.899617
v 0.939040 0.049669 0.678969
v 0.023875 0.759541 0.617868
v 0.609077 0.643961 1.247305
v 0.039082 0.796185 0.614444
v 0.264344 0.975793 0.283027
v 0.106773 0.324879 0.768478
v 0.409231 1.215766 0.710213
v 0.500151 0.070212 0.870659
v 0.912569 0.053323 0.748507
v 1.008429 1.087332 0.486209
v 0.968559 0.075555 0.688558
v 1.085743 0.388817 0.282087
v 0.954320 1.176669 0.558880
v 0.751952 0.571311 1.219596
v 0.137544 0.781688 0.247453
v 0.854522 0.420348 0.079695
v 1.035018 0.316289 0.950993
v 0.594957 1.233999 0.514908
v 0.547117 0.643793 1.240685
v 0.161012 0.918029 0.325228
v 1.092580 0.947583 0.394040
v 0.933719 1.169801 0.518108
v 0.284112 0.156855 0.388869
v 0.913598 0.109128 0.358303
v 0.011997 0.543030 0.688137
v 0.036731 0.778468 0.690798
v 1.212853 0.771158 0.464935
v 0.254245 0.134990 0.547151
v 1.001228 0.867144 0.196478
v 1.105421 0.265007 0.735606
v 0.156492 0.892490 0.303904
v 0.141818 0.882178 0.317051
v 0.543139 0.021927 0.756674
v 0.512293 0.217255 1.068991
v 0.437994 0.448979 1.181927
v 0.096947 0.918958 0.720110
v 0.982183 1.117127 0.475515
v 0.143077 0.859085 0.302773
v 0.784192 1.147075 0.899003
v 0.588763 0.800999 0.021876
v 0.642388 0.317251 0.102418
v 0.994989 1.130265 0.583610
v 1.021070 0.483186 0.168439
v 0.733460 0.912228 1.179485
v 0.629711 1.168480 0.341751
v 0.880653 1.183711 0.708452
v 0.732524 0.209545 0.162811
v 0.939903 0.491403 1.125490
v 0.957136 0.657236 0.107911
v 0.588485 0.404738 0.049125
v 0.449910 0.945445 0.132322
v 0.551638 0.756207 0.008676
v 0.854398 0.693702 1.197564
v 0.815379 1.087959 0.990322
v 1.105075 0.492549 0.262831
v 0.701718 0.920488 1.172022
v 0.301509 1.068819 0.916767
v 1.059624 0.653548 0.187936
v 0.121279 0.774311 0.278768
v 0.567526 0.343406 0.079703
v 0.130349 0.741429 0.240218
v 1.111086 0.724331 0.982365
v 0.623193 0.276528 1.133584
v 0.104117 0.460663 0.906158
v 0.103100 0.928558 0.508949
v 0.751780 1.234198 0.660765
v 0.363145 1.128359 0.871321
v 0.730297 0.832294 1.205319
v 0.976976 0.088760 0.661113
v 0.644163 1.197020 0.849458
v 0.234172 1.092103 0.599400
v 0.168526 0.783658 1.017782
v 1.153489 0.333284 0.447490
v 0.535506 0.665770 1.239425
v 0.228845 0.672208 0.135238
v 0.617274 0.125360 0.249738
v 0.595824 0.365939 0.067476
v 1.204751 0.536655 0.399531
v 0.556016 0.269148 1.120168
v 0.084060 0.863201 0.784343
v 0.628116 0.743321 1.234931
v 0.669216 0.234434 0.143692
v 0.091108 0.336964 0.466507
v 0.258803 0.333804 1.025699
v 0.962223 0.593292 1.130207
v 1.173648 0.557527 0.886618
v 0.024870 0.531078 0.441334
v 0.927174 1.088664 0.363073
v 0.876558 0.592700 0.058641
v 0.267131 1.107663 0.512794
v 0.846130 1.203488 0.696187
v 0.931741 1.122428 0.782197
v 0.271820 0.151067 0.827485
v 0.234813 0.156607 0.519736
v 0.139141 0.393605 0.916741
v 0.697677 1.026672 0.173352
v 0.389107 0.077744 0.396545
v 0.270390 0.216017 0.316020
v 0.868116 1.093738 0.922534
v 0.932420 1.074696 0.887525
v 0.179736 0.618659 0.184452
v 0.054378 0.797851 0.420041
v 0.650843 0.978015 1.139118
v 0.511517 1.203558 0.814214
v 0.786961 0.911319 1.179506
v 0.757611 0.805740 0.042718
v 0.733226 1.160699 0.909744
v 0.135587 0.339767 0.361415
v 0.480353 1.222308 0.458590
v 0.037232 0.433396 0.628589
v 0.223070 1.069680 0.741936
v 0.929623 1.111334 0.813875
v 0.326396 0.393354 1.102257
v 0.104041 0.642658 0.953118
v 0.606292 0.601899 0.009516
v 0.890952 0.553112 1.171182
v 0.445725 0.130508 0.267729
v 0.950499 1.075209 0.873167
v 0.532909 0.744892 1.224157
v 1.036671 0.183276 0.751400
v 0.457549 0.256040 1.079117
v 0.279559 0.116578 0.545177
v 0.717022 0.005130 0.529417
v 0.681629 0.007373 0.476666
v 0.811493 0.045124 0.795515
v 0.640917 0.224752 0.150864
v 0.910868 0.051864 0.711954
v 0.972278 0.977545 0.258869
v 0.166707 0.876610 0.273949
v 1.142662 0.944484 0.524101
v 0.323078 0.115935 0.416614
v 0.938118 1.192535 0.570525
v 0.225203 0.886707 1.020632
v 0.296362 0.321326 1.040229
v 0.642986 0.003772 0.653565
v 1.202148 0.716046 0.403880
v 0.743848 0.593822 0.019392
v 0.188670 0.594801 1.065885
v 0.532547 0.115303 0.259657
v 0.187219 0.872256 0.993084
v 0.439531 0.052282 0.792785
v 0.332702 0.099098 0.803513
v 0.413423 1.186941 0.791477
v 0.391279 0.110171 0.328444
v 0.215417 1.021307 0.854608
v 0.357130 0.511128 1.168507
v 0.141897 0.806287 0.267706
v 0.363297 0.597571 1.178090
v 0.131507 0.947684 0.800650
v 0.811513 0.209365 0.176092
v 0.450499 0.775226 1.195562
v 0.904353 0.357923 0.118497
v 0.584763 0.584475 1.232797
v 0.113391 0.969141 0.625927
v 0.586359 0.012872 0.738284
v 0.906633 1.177749 0.675639
v 0.481215 0.267550 0.132315
v 0.932673 0.651299 0.089002
v 0.080713 0.910168 0.588906
v 0.888034 0.027119 0.707851
v 0.230757 0.322077 0.981222
v 0.087124 0.868184 0.404617
v 0.812049 0.030961 0.752434
v 0.431494 0.340505 1.118369
v 0.077563 0.657337 0.899297
v 0.285062 0.840637 1.090418
v 0.222580 0.215991 0.853334
v 0.125702 0.955080 0.500599
v 0.814737 1.005975 1.087596
v 0.984906 1.080085 0.433473
v 1.069275 0.713667 0.206537
v 0.080697 0.903831 0.684035
v 0.169406 0.316849 0.894622
v 1.044474 1.061465 0.520647
v 0.580814 0.042887 0.366991
v 0.738876 0.343275 0.080975
v 1.184729 0.886488 0.554374
v 1.187279 0.452589 0.799120
v 0.368091 0.381718 1.111087
v 0.715789 0.488341 0.034583
v 0.590209 1.133015 0.972569
v 0.167944 0.549502 1.048556
v 0.747553 0.030212 0.383328
v 0.208576 1.021800 0.420054
v 0.093475 0.698554 0.285942
v 1.141827 0.437799 0.338282
v 0.313485 0.085498 0.734307
v 0.974028 1.003782 0.292248
v 0.101851 0.678629 0.945016
v 0.911987 1.129354 0.796562
v 0.793653 0.941429 1.161660
v 0.130834 0.484321 0.268034
v 0.340975 0.063711 0.599217
v 0.810607 0.107966 0.304256
v 0.461670 0.038135 0.404583
v 0.553672 0.710087 0.004864
v 0.513184 0.773252 0.011798
v 0.151614 0.852636 0.281215
v 0.960581 0.106370 0.777035
v 0.390710 0.958424 1.097467
v 0.936633 0.128685 0.362530
v 0.850880 0.095432 0.333770
v 0.838541 0.125133 0.294840
v 1.222062 0.812985 0.571784
v 0.199912 0.536822 1.068167
v 0.810447 1.104659 0.957524
v 0.814066 0.899074 1.169383
v 1.188282 0.604066 0.357101
v 0.440938 0.888603 1.151019
v 0.372789 0.949184 1.096010
v 0.946517 1.180403 0.537081
v 0.488726 1.229151 0.573039
v 0.809481 1.228135 0.618073
v 1.100582 0.238535 0.470742
v 0.373516 0.170074 0.966099
v 1.114104 0.532151 0.255931
v 0.110709 0.694102 0.262556
v 0.960025 0.632376 1.137148
v 0.770860 1.120905 0.965140
v 0.733914 0.418763 0.051847
v 0.084430 0.327137 0.558733
v 0.838026 0.246538 0.165849
v 0.089277 0.551230 0.314771
v 0.818356 1.201925 0.451696
v 1.213192 0.588506 0.801046
v 0.230200 0.309907 0.237656
v 0.311311 0.950267 0.216539
v 0.878889 0.180131 0.236093
v 0.689201 1.237491 0.531378
v 1.232227 0.487854 0.609667
v 0.076233 0.591959 0.330033
v 1.045440 0.338058 0.258780
v 0.862857 0.559701 1.185862
v 0.083506 0.840286 0.395144
v 0.866946 1.131288 0.849593
v 1.190871 0.586966 0.858582
v 0.582042 0.246944 0.133891
v 0.452759 0.335101 1.116664
v 0.884547 1.196643 0.637096
v 0.473523 0.155813 0.996566
v 0.283801 0.254139 0.252355
v 0.141089 0.873505 0.953398
v 0.397851 0.867766 1.143698
v 0.865463 1.219110 0.613424
v 1.060632 1.063012 0.573507
v 0.512911 0.137740 0.242884
v 0.903778 0.216633 0.207988
v 0.062436 0.388523 0.447280
v 0.547539 0.925535 1.158915
v 0.051833 0.691301 0.376379
v 0.239723 0.861843 0.202033
v 0.548685 1.213112 0.812394
v 0.954480 0.923020 0.190060
v 0.907847 0.602230 1.167792
v 0.973029 0.949486 0.233411
v 0.140222 0.228955 0.626983
v 0.924072 0.493395 0.097697
v 0.026997 0.712493 0.523095
v 0.257345 1.050987 0.876350
v 0.746661 0.141807 0.235490
v 0.143979 0.755376 0.997447
v 1.142636 0.290956 0.490929
v 0.037240 0.458408 0.725856
v 1.067144 1.028915 0.511334
v 0.623113 0.403055 1.200891
v 0.332979 0.768970 0.087600
v 0.244427 0.699112 0.123903
v 0.598722 0.695584 1.240608
v 0.076350 0.800020 0.374463
v 0.071331 0.396819 0.410941
v 0.335245 0.815261 1.135596
v 1.109385 0.757341 0.974540
v 0.272925 0.732624 0.113348
v 0.454298 0.461883 0.049393
v 0.054151 0.436401 0.763041
v 0.022377 0.747936 0.589085
v 0.096523 0.767168 0.916585
v 1.069152 0.961590 0.887324
v 0.806249 1.199232 0.740358
v 0.905103 0.029632 0.679471
v 0.836059 1.150201 0.835935
v 0.761160 0.169680 0.212172
v 0.057034 0.660940 0.362536
v 0.797569 1.218764 0.483580
v 1.074165 0.462018 0.232059
v 1.144955 0.919244 0.474635
v 0.872033 0.614188 1.188205
v 1.227747 0.521009 0.459742
v 0.240887 0.130417 0.588278
v 0.693010 0.019078 0.417103
v 0.356602 0.325034 1.068732
v 1.040790 0.600817 0.170271
v 0.665398 0.131940 0.242972
v 0.038232 0.785208 0.574014
v 0.798163 1.231299 0.589531
v 0.796487 1.223040 0.516672
v 0.822433 0.845693 1.181094
v 0.210339 0.616253 0.153113
v 0.854046 0.181344 0.220970
v 0.981824 1.142454 0.589101
v 1.134033 0.624958 0.959600
v 0.121221 0.798451 0.299815
v 0.637155 0.033966 0.391950
v 1.248588 0.641879 0.647571
v 1.224121 0.521753 0.440137
v 0.452155 1.216974 0.465770
v 0.719319 1.216535 0.455869
v 0.900796 1.173756 0.494445
v 0.099910 0.467942 0.325225
v 0.604786 1.039420 0.180221
v 0.029672 0.744646 0.472914
v 0.745829 0.563660 0.021368
v 0.744704 0.502612 0.030693
v 1.006182 0.308436 0.237335
v 1.099200 0.303720 0.827234
v 0.789322 0.016494 0.674890
v 0.311077 0.372580 1.085263
v 0.419180 1.122716 0.931935
v 0.494107 0.060626 0.319471
v 0.948378 0.114206 0.798329
v 0.649118 0.559320 0.014301
v 0.062329 0.827291 0.401508
v 1.146192 0.792933 0.900704
v 0.360434 0.351677 1.085692
v 0.745189 1.219221 0.721494
v 0.123743 0.521404 0.971888
v 0.532027 0.174432 1.028872
v 1.034147 1.080104 0.657480
v 0.591448 0.633057 1.244612
v 0.884551 0.524741 0.067926
v 0.523646 0.833089 0.041630
v 0.557442 0.816975 0.028223
v 1.028965 1.038602 0.440142
v 1.010117 1.041200 0.423746
v 0.850349 1.133312 0.846469
v 0.685821 0.447677 0.037134
v 0.603457 0.872720 0.053389
v 1.089836 0.428039 0.273113
v 0.087226 0.923178 0.664448
v 0.392333 0.289565 0.151494
v 0.185536 0.739006 1.045060
v 0.516829 0.696088 1.228548
v 1.144046 0.586588 0.941339
v 0.508842 0.669104 1.230466
v 0.060332 0.436706 0.395419
v 0.695007 0.275962 0.120362
v 0.545055 0.575494 1.229552
v 0.513117 0.022733 0.445757
v 0.553309 0.223064 0.149267
v 1.150151 0.545748 0.923175
v 0.932588 0.346662 0.139920
v 0.837886 0.210736 0.185501
v 0.707541 0.190799 0.179407
v 0.445452 1.162725 0.875142
v 0.574841 1.224838 0.465553
v 0.095521 0.418447 0.854476
v 0.323991 0.415335 1.122527
v 1.248634 0.665623 0.622855
v 0.554536 0.670968 1.237322
v 1.045326 1.001937 0.418628
v 0.375432 0.543813 1.177877
v 0.646428 0.656871 0.006179
v 1.040247 0.185893 0.434383
v 0.274648 0.367623 1.061306
v 0.547488 0.323775 1.149902
v 0.788876 0.989809 1.110327
v 0.687082 1.171026 0.901376
v 0.284717 0.584515 1.140504
v 1.060728 0.196524 0.712785
v 0.386170 0.193952 0.990843
v 0.544049 1.196612 0.843018
v 0.990488 0.140010 0.434128
v 0.903740 0.587028 0.071774
v 0.831059 0.967581 1.114882
v 0.858601 0.323187 0.112495
v 0.962811 1.151895 0.528417
v 0.948268 1.146939 0.476615
v 0.486229 0.023400 0.729397
v 0.458619 0.302269 1.105837
v 0.081997 0.536403 0.900721
v 1.056734 0.835980 1.010271
v 1.151331 0.650068 0.934551
v 0.558177 1.169017 0.345095
v 0.364970 0.397152 1.121154
v 0.243148 0.502634 1.096966
v 0.013859 0.523917 0.602828
v 0.291714 1.109780 0.412458
v 1.062636 1.049076 0.536231
v 0.917978 1.178035 0.536660
v 1.006422 1.050094 0.850522
v 0.851967 0.197360 1.021329
v 0.180389 0.829086 1.014934
v 0.792226 0.560404 1.210310
v 0.386785 1.101367 0.937626
v 1.023198 0.411616 0.195773
v 0.037121 0.695439 0.421476
v 1.216648 0.487604 0.435951
v 0.677408 1.048869 0.190559
v 0.665781 1.241482 0.634828
v 0.053144 0.705395 0.832198
v 0.181041 0.485397 1.035203
v 1.006562 1.105181 0.668943
v 1.106424 0.883518 0.909185
v 0.176747 0.976510 0.856068
v 0.170771 0.270774 0.844055
v 1.113638 0.449458 0.940281
v 0.835998 1.151190 0.382413
v 1.037377 0.254851 0.881097
v 0.811029 0.057501 0.837393
v 1.050470 0.444548 1.011967
v 0.793353 1.236091 0.548496
v 0.015950 0.504929 0.512406
v 0.206491 0.925597 0.971229
v 0.377641 0.286156 1.059648
v 0.106551 0.944723 0.597390
v 0.909004 0.202529 0.229505
v 0.908210 0.056363 0.592672
v 0.897527 0.043085 0.609219
v 1.013871 0.869432 1.037841
v 1.106346 0.965940 0.790634
v 0.955328 0.060417 0.731965
v 0.412593 0.368592 0.087626
v 0.363750 0.816949 0.092134
v 0.248184 0.363577 0.191741
v 0.637722 0.451659 1.209428
v 0.945553 0.812085 1.121217
v 0.028343 0.696687 0.494667
v 0.854754 1.125137 0.879616
v 1.217665 0.505188 0.436123
v 0.776179 0.057963 0.353263
v 0.252293 0.752861 1.099892
v 0.752561 1.021424 0.180677
v 0.420314 0.358441 1.127748
v 0.168183 0.810151 1.008651
v 0.161955 0.442646 0.998905
v 0.997306 1.079928 0.455238
v 0.865307 0.064861 0.421431
v 0.692515 0.953742 1.159973
v 0.668808 0.006136 0.705859
v 0.586186 0.007221 0.685356
v 0.759255 1.229768 0.508128
v 0.542888 0.193447 1.053181
v 0.007731 0.587949 0.685961
v 0.440818 0.067824 0.334704
v 1.193365 0.464928 0.403285
v 0.352392 0.999972 1.035200
v 0.980581 1.049745 0.892950
v 0.803578 0.216177 1.058789
v 0.125527 0.922582 0.399189
v 0.256787 0.624641 0.107365
v 0.688611 0.514787 1.216584
v 0.056977 0.454571 0.411331
v 0.932926 0.077638 0.517155
v 0.597397 0.140207 0.240505
v 1.031989 0.679857 0.164675
v 0.698644 0.166128 0.203367
v 0.869184 1.132426 0.827365
v 0.507789 0.056679 0.837029
v 0.036439 0.523540 0.417387
v 0.841168 1.227631 0.609636
v 0.182042 0.853732 0.244509
v 0.628953 0.901378 0.067937
v 1.083860 0.213673 0.676979
v 1.117459 0.999529 0.621072
v 0.771202 1.179102 0.386728
v 0.991722 0.256134 0.260709
v 1.232176 0.755597 0.514547
v 0.746299 0.398899 0.058270
v 0.399252 1.210835 0.672511
v 0.039641 0.654388 0.411240
v 0.912804 1.142132 0.764995
v 0.787074 0.052512 0.381308
v 0.088321 0.360742 0.428140
v 0.137702 0.711307 0.228751
v 0.932608 0.924748 0.164995
v 0.055735 0.438501 0.452016
v 0.642393 0.401266 0.052530
v 0.922832 0.038087 0.679514
v 0.264565 0.486163 1.114686
v 0.660622 0.199207 0.175248
v 0.296347 0.122355 0.486882
v 0.447659 0.355201 1.130045
v 1.095675 1.002201 0.522119
v 0.562485 0.183227 0.196383
v 0.969410 0.191980 0.309776
v 0.280624 1.036233 0.939722
v 0.299725 0.775211 0.108839
v 0.082612 0.888280 0.721187
v 0.536634 0.206880 0.168773
v 0.642406 0.322730 1.159960
v 0.854720 0.953946 1.111589
v 0.696235 0.248822 0.133451
v 0.575733 0.566363 1.229652
v 0.320196 0.171993 0.934693
v 1.241256 0.565935 0.540045
v 0.132419 0.791570 0.977313
v 0.378084 0.705487 0.049061
v 0.962268 0.711861 0.110159
v 0.278324 1.133947 0.620853
v 0.651479 1.242807 0.571161
v 1.064084 0.244871 0.773692
v 1.176434 0.916565 0.658477
v 1.027861 0.361471 0.226057
v 0.297404 0.085904 0.612209
v 0.808199 0.073483 0.356916
v 0.714160 1.239710 0.653870
v 0.483611 0.996699 1.099894
v 0.355932 0.960796 0.192071
v 0.199111 0.627685 1.073649
v 0.886261 0.094803 0.853357
v 0.861613 0.027610 0.641273
v 0.376188 0.315635 1.072618
v 1.103570 0.997893 0.700222
v 0.047584 0.800191 0.496671
v 0.184969 0.185462 0.548475
v 0.487233 1.229913 0.486076
v 0.303531 1.021580 0.298204
v 0.912538 0.094372 0.814678
v 0.857210 0.031421 0.613026
v 0.323640 0.342015 1.067886
v 0.774394 1.057232 0.223872
v 0.717436 0.020805 0.401441
v 0.432788 0.430546 0.062559
v 0.604520 1.238249 0.546246
v 0.302595 0.993966 0.999673
v 1.222030 0.460238 0.660920
v 0.977363 0.111850 0.749478
v 0.390549 0.339953 0.117950
v 0.317933 1.140043 0.767262
v 0.454372 0.581470 0.023655
v 0.543708 0.043809 0.837682
v 1.137115 0.681376 0.951300
v 0.988532 0.604885 0.132702
v 1.039762 0.899204 0.990946
v 1.088770 1.027814 0.617018
v 0.761809 0.533809 1.207623
v 0.157546 0.343450 0.317937
v 1.060815 1.060023 0.611631
v 0.737071 0.082266 0.925929
v 1.146099 0.971156 0.620889
v 0.942959 1.175295 0.601183
v 0.360076 1.172511 0.516906
v 0.829280 1.164402 0.804670
v 1.081025 1.001617 0.786087
v 0.495735 1.062777 1.040899
v 0.780937 0.039539 0.410494
v 0.937103 0.057231 0.697653
v 1.082556 1.036544 0.566219
v 0.059696 0.615517 0.359855
v 0.690114 0.067399 0.318177
v 0.505717 0.164482 1.016378
v 1.040139 0.217205 0.372634
v 0.863261 0.753387 1.185276
v 0.990773 0.467652 1.071908
v 0.346853 0.145755 0.912823
v 1.005433 0.471864 1.053774
v 0.271629 0.427713 1.101200
v 1.120787 0.656444 0.977368
v 0.720614 0.384649 0.061330
v 0.925164 1.089827 0.857815
v 1.132201 0.975346 0.679375
v 0.467872 1.000507 0.171216
v 0.942143 0.308162 1.043472
v 0.718179 0.781471 0.027492
v 0.008699 0.547999 0.632493
v 1.232634 0.491830 0.545977
v 0.021464 0.711607 0.572141
v 1.035599 1.042552 0.478832
v 0.768267 1.206068 0.776458
v 0.747963 0.015609 0.718777
v 0.732210 1.056509 0.210404
v 0.189119 1.006975 0.446324
v 0.316528 0.112967 0.448684
v 0.018249 0.503594 0.546748
v 0.610335 0.337252 0.087184
v 0.624734 1.214761 0.447201
v 0.620973 1.065659 1.058961
v 0.129973 0.308707 0.807991
v 0.694757 0.034187 0.358409
v 0.913837 1.070442 0.326214
v 0.008583 0.588374 0.594879
v 0.441242 0.025748 0.688680
v 0.683429 0.146339 0.229078
v 0.902242 0.050498 0.759372
v 0.552803 0.776597 1.217449
v 0.232818 0.543464 1.112527
v 0.298526 1.093503 0.380244
v 0.587351 0.170321 1.044490
v 0.667577 1.155602 0.934497
v 0.523009 1.002157 0.156096
v 0.916808 1.188763 0.584180
v 1.025970 1.014045 0.882016
v 0.324182 0.895931 1.090695
v 0.884101 0.036267 0.754103
v 0.176735 0.770073 0.201236
v 0.385046 0.097804 0.865654
v 0.304641 1.032518 0.962601
v 0.581066 1.212271 0.432513
v 0.401411 0.417217 1.154613
v 0.426821 0.265794 1.069469
v 1.165845 0.471832 0.350159
v 0.240021 0.770604 0.149832
v 0.893653 0.074424 0.802964
v 0.754728 0.426757 0.050751
v 0.944178 0.246367 0.223570
v 0.109029 0.950266 0.695584
v 0.276653 0.655810 1.130657
v 0.404210 0.155405 0.963607
v 0.574379 0.640898 0.003440
v 0.927321 1.181539 0.549368
v 0.880770 1.163679 0.760347
v 0.670865 0.647359 1.240647
v 0.353745 0.088695 0.441689
v 1.232884 0.664858 0.736289
v 0.850838 1.158100 0.402806
v 0.918514 0.518829 0.088912
v 0.244495 1.107210 0.700033
v 1.163534 0.512424 0.330148
v 0.017055 0.496939 0.632037
v 0.159882 0.500976 1.024168
v 0.278102 0.285833 0.224849
v 1.146704 0.951737 0.690415
v 1.096513 0.268091 0.765119
v 0.996934 0.220824 0.310580
v 0.182837 0.364925 0.253046
v 0.899428 0.648870 0.064637
v 0.451376 1.218576 0.702025
v 0.896173 0.620118 0.065376
v 0.380789 0.230053 1.024089
v 0.723910 0.086678 0.944857
v 0.716203 0.640001 0.014007
v 0.032253 0.552143 0.773748
v 0.513017 1.193556 0.399836
v 0.949673 0.058089 0.681086
v 0.441220 1.087249 0.990436
v 1.115157 0.292784 0.415891
v 0.701239 0.811868 0.034620
v 1.113851 0.514275 0.965153
v 0.222998 0.347536 0.998534
v 0.614580 0.740429 0.007561
v 0.871094 0.042062 0.582623
v 1.018395 0.206221 0.840571
v 0.078638 0.727766 0.311667
v 0.924695 0.840901 0.121843
v 0.513644 1.119346 0.977511
v 0.689016 1.119221 0.989919
v 0.786807 0.110434 0.957026
v 0.335998 1.033579 0.984732
v 0.260857 0.453315 1.110832
v 0.240549 1.107544 0.635184
v 0.791586 0.746087 0.034594
v 0.632122 0.157762 0.220847
v 0.596668 0.020313 0.780359
v 0.772609 0.204557 0.168545
v 0.353930 0.069944 0.754385
v 0.549348 0.009507 0.494206
v 0.190806 0.645152 0.171447
v 0.421618 0.311668 1.089895
v 0.476615 0.228516 0.164742
v 0.089175 0.757228 0.318386
v 0.195858 0.281466 0.315227
v 0.990297 0.955096 1.000542
v 0.413241 0.026814 0.689405
v 0.511738 1.233130 0.664970
v 0.961972 0.203298 0.281498
v 0.807865 0.021526 0.556452
v 0.884298 0.559223 0.062275
v 0.087463 0.882935 0.429912
v 1.085383 0.596916 1.011436
v 0.378838 0.088682 0.832311
v 0.047273 0.417838 0.686923
v 0.263239 0.514948 1.124391
v 0.849366 0.550955 0.049237
v 0.434139 0.717952 0.031270
v 0.539896 1.142499 0.308122
v 0.693282 0.002956 0.658542
v 0.618565 0.144436 0.233147
v 1.248770 0.612542 0.588521
v 0.787284 0.410371 0.064765
v 0.485541 0.109766 0.270991
v 0.927677 1.179947 0.637655
v 0.146547 0.227970 0.556709
v 0.560888 0.621892 1.240539
v 0.763267 1.165521 0.873882
v 0.452184 0.908812 0.105554
v 0.264645 1.105161 0.473238
v 0.242184 0.529527 1.116899
v 0.355010 0.153703 0.937917
v 0.141736 0.918633 0.355737
v 0.242985 1.093782 0.566500
v 0.321062 0.273429 0.211245
v 1.108704 0.414516 0.928325
v 0.523783 0.539572 1.220513
v 0.664372 1.183683 0.379573
v 1.003052 0.734151 0.146412
v 0.988169 0.240720 0.274708
v 0.478977 0.374217 1.154876
v 0.055371 0.788466 0.384827
v 0.991771 0.808966 0.159015
v 0.138209 0.655364 1.002000
v 0.411932 0.700633 1.197835
v 0.219710 0.388091 0.203742
v 0.403742 0.401233 0.081642
v 0.077043 0.605771 0.904448
v 0.405735 0.027905 0.673581
v 0.191159 0.256607 0.368992
v 0.837016 0.154256 0.249735
v 0.117651 0.427986 0.907196
v 0.459206 1.149872 0.918443
v 0.355168 0.135350 0.335883
v 1.215770 0.472173 0.442339
v 0.195813 0.199114 0.471152
v 0.997349 0.118614 0.651189
v 0.260712 0.196308 0.352930
v 0.699780 0.886621 0.068247
v 0.879702 0.039396 0.609738
v 0.926993 0.145173 0.327095
v 0.325052 0.675646 0.068594
v 1.208024 0.845722 0.614487
v 0.212636 0.291069 0.288182
v 0.368698 0.364834 1.105244
v 0.241937 0.837790 0.186461
v 1.179836 0.912451 0.583003
v 0.483216 0.194577 1.039477
v 0.813783 1.181562 0.416887
v 0.088924 0.671829 0.296877
v 0.611504 0.212956 0.163195
v 0.589260 1.229908 0.487616
v 0.881454 1.150320 0.416534
v 0.206736 0.883915 0.244393
v 0.939332 1.138539 0.742524
v 0.230926 0.942766 0.273926
v 0.243172 1.078719 0.776595
v 0.932243 0.907462 0.151235
v 0.782824 0.149000 0.237335
v 0.045107 0.616813 0.391198
v 0.204516 0.494656 0.172617
v 0.801726 0.628909 0.027856
v 0.131401 0.583822 0.247649
v 0.719050 0.046126 0.358851
v 0.978076 0.131797 0.778617
v 1.134954 0.470466 0.313695
v 0.265235 1.126115 0.675527
v 0.514570 0.046154 0.814452
v 0.836974 0.658250 0.038499
v 0.672356 1.156653 0.327754
v 0.164822 0.949169 0.879755
v 0.891319 0.041050 0.741208
v 0.645249 0.002321 0.620259
v 0.245945 0.645718 0.114786
v 0.852332 0.030103 0.751767
v 0.606268 0.457334 0.030416
v 0.988153 1.056624 0.401126
v 0.350981 1.091684 0.343355
v 0.443515 1.221309 0.673843
v 0.331272 0.136132 0.883863
v 0.428324 0.300590 0.127873
v 1.223160 0.781517 0.505303
v 0.653706 1.105074 1.014408
v 0.983025 0.419148 1.066200
v 0.131650 0.855096 0.322654
v 1.031569 0.799797 1.051443
v 0.847756 0.076039 0.857847
v 0.403594 0.449442 1.167963
v 0.094683 0.327778 0.731609
v 0.189628 0.192526 0.744339
v 0.794938 0.251864 0.140113
v 0.337898 0.074566 0.537092
v 0.304490 0.160560 0.887153
v 0.537849 0.007245 0.640709
v 1.223961 0.802108 0.602774
v 1.129346 0.358295 0.365072
v 0.954268 1.116374 0.773463
v 0.969580 0.527964 0.122601
v 0.305839 0.137958 0.864425
v 0.529398 0.241411 1.095794
v 0.511517 0.702257 0.008761
v 0.389203 0.038283 0.705527
v 0.519504 0.006982 0.601285
v 0.814073 0.096064 0.925259
v 0.343964 0.560824 1.167178
v 0.080401 0.877035 0.474559
v 0.760948 0.274605 1.114037
v 0.691270 0.823568 1.213065
v 0.617899 0.567316 0.013208
v 0.101014 0.734768 0.933795
v 0.665688 0.026930 0.390718
v 0.687328 1.106867 0.256540
v 1.243479 0.713097 0.620906
v 1.136945 0.498439 0.300811
v 0.653809 0.105829 0.269503
v 0.062737 0.852368 0.564288
v 0.962549 1.158259 0.613864
v 0.904042 0.907355 0.138576
v 1.023025 0.543708 1.067764
v 0.035530 0.501802 0.424731
v 0.921649 0.540449 1.151385
v 0.536288 0.791539 0.014490
v 0.830469 0.025455 0.630677
v 1.133401 0.267702 0.608885
v 0.220238 0.332973 0.232437
v 0.234641 0.546278 0.137463
v 0.747904 1.236230 0.546233
v 0.610617 0.451585 1.218432
v 0.236481 1.053845 0.828021
v 0.674456 1.240579 0.549839
v 0.081492 0.473552 0.349838
v 0.199887 0.355124 0.236626
v 0.207127 0.928520 0.274792
v 1.177415 0.695715 0.881243
v 0.614048 1.200576 0.411120
v 0.009075 0.553505 0.564011
v 0.237088 0.275400 0.940773
v 1.218784 0.445386 0.492939
v 1.151639 0.295953 0.623432
v 0.605264 1.034137 1.090125
v 0.715579 1.231603 0.509700
v 0.909996 0.785999 1.154039
v 0.850476 0.052189 0.800727
v 0.512637 1.232054 0.531049
v 0.360808 0.253606 1.029501
v 1.158891 0.935610 0.620591
v 0.886486 1.095336 0.336013
v 0.166328 1.022198 0.619366
v 0.726274 1.041783 1.080014
v 1.235754 0.497348 0.515256
v 1.056181 0.481917 0.201857
v 0.824120 0.110678 0.943709
v 0.779537 0.486759 0.041858
v 0.590665 0.534614 0.014133
v 0.705250 0.706988 1.232202
v 0.151680 0.983575 0.505423
v 0.516260 0.544484 0.018078
v 0.557607 0.524476 1.221307
v 0.496086 0.616006 0.011470
v 0.499818 1.233448 0.631889
v 0.433521 0.319171 1.101362
v 0.891054 1.096550 0.904257
v 0.694776 0.593522 0.013428
v 1.030750 1.062860 0.491638
v 1.241040 0.544980 0.515844
v 0.261277 1.081600 0.402075
v 0.330109 0.069404 0.678431
v 0.249065 0.723050 0.126124
v 0.451176 0.403173 1.160231
v 0.845410 1.107625 0.319952
v 1.083365 0.510982 1.001720
v 0.466438 0.627156 1.215968
v 0.778963 1.188245 0.812761
v 0.212091 0.384899 1.019798
v 0.761510 1.154748 0.347028
v 0.894826 1.110764 0.365050
v 0.930673 0.591525 1.151016
v 1.117757 0.898780 0.868457
v 1.006244 0.335743 0.214700
v 1.158259 0.296229 0.541061
v 1.057317 0.480372 1.017912
v 0.130410 0.309310 0.418555
v 0.420280 0.132515 0.941663
v 0.709533 0.018528 0.441247
v 1.219858 0.820583 0.538272
v 1.066243 0.185097 0.538877
v 0.658625 0.068031 0.324288
v 0.682814 0.053244 0.335811
v 0.833413 1.206221 0.531823
v 1.137575 0.883032 0.398888
v 0.179484 0.541464 0.193338
v 0.123891 0.932705 0.420540
v 0.159665 0.796156 0.229200
v 0.579910 0.965751 0.117492
v 0.019701 0.549258 0.725278
v 0.961742 0.193329 0.916566
v 1.093305 0.988377 0.481740
v 0.607169 0.637210 0.005164
v 0.070763 0.759598 0.347850
v 0.805391 0.145913 0.254632
v 0.586758 0.361556 1.176190
v 0.866104 0.929540 0.142525
v 0.066295 0.415272 0.426824
v 1.031153 0.281525 0.920359
v 0.427927 1.214341 0.599947
v 1.237726 0.725381 0.657255
v 0.253334 0.408969 1.077310
v 1.191606 0.573083 0.372840
v 0.155809 0.949725 0.389469
v 1.144286 0.274151 0.548260
v 1.178869 0.346739 0.534992
v 0.902115 1.120368 0.819979
v 0.539444 0.479522 1.214360
v 1.209652 0.741377 0.778411
v 0.899391 0.471573 0.089873
v 0.667629 0.538341 1.222687
v 1.222650 0.789722 0.664852
v 0.545021 0.153715 0.226143
v 0.839794 0.506282 0.055670
v 0.772752 1.211444 0.460273
v 0.856196 1.092982 0.937991
v 0.442203 1.211305 0.511222
v 0.800446 0.023271 0.702444
v 0.837830 0.476444 1.178583
v 1.207395 0.585671 0.400498
v 0.119745 0.371920 0.859851
v 0.220125 0.663075 1.086002
v 0.682517 0.022932 0.796559
v 0.084877 0.907730 0.559802
v 0.752051 0.367722 0.067318
v 1.017684 1.053211 0.459316
v 0.865383 0.387287 0.093769
v 0.289578 0.536668 1.140411
v 0.852634 0.916449 1.136781
v 0.054541 0.774858 0.792712
v 1.164848 0.521889 0.890269
v 0.887100 1.125870 0.849976
v 0.854024 0.161792 0.986798
v 1.094762 0.378767 0.924769
v 1.092496 0.222060 0.493786
v 0.901072 1.079978 0.910296
v 0.319324 0.519286 1.155250
v 1.028044 0.296414 0.273142
v 1.022075 0.804216 0.182711
v 0.022837 0.615737 0.492682
v 0.971907 1.082747 0.409749
v 0.473387 0.075124 0.861115
v 0.625461 0.264884 0.122889
v 0.875162 0.155728 0.968028
v 0.549596 0.852655 1.193977
v 0.426399 0.766808 0.045978
v 0.370465 1.191749 0.681935
v 0.405712 0.305445 1.080005
v 0.950172 0.411790 0.131897
v 0.742134 0.022370 0.443267
v 0.436831 0.068459 0.830612
v 0.932159 0.198891 0.958333
v 0.468182 0.684966 1.215065
v 0.690681 0.199093 1.070931
v 0.543949 0.370002 1.175118
v 0.251265 0.498856 0.134803
v 1.187219 0.389328 0.471943
v 0.911891 0.545972 0.079864
v 0.414627 0.244963 0.176051
v 0.989039 0.561429 0.133338
v 0.868209 1.065995 0.985309
v 1.225389 0.459435 0.587959
v 0.739287 0.012708 0.497501
v 0.970666 0.681829 0.116023
v 0.478669 0.907124 1.153147
v 0.597597 0.678936 0.003419
v 0.089539 0.609956 0.299861
v 0.541086 1.223347 0.748233
v 1.118085 0.685265 0.257194
v 0.058239 0.851718 0.636046
v 1.227161 0.807940 0.540502
v 0.613376 0.942579 0.098365
v 0.179522 0.282325 0.341861
v 0.121185 0.451852 0.941812
v 0.730117 0.849385 0.054905
v 0.121963 0.371533 0.347391
v 0.891155 1.181245 0.521970
v 0.734104 0.877139 1.191466
v 1.059444 0.577163 0.194882
v 0.349283 0.280262 1.039253
v 0.167667 0.991912 0.467726
v 0.143349 0.424238 0.957665
v 0.392015 0.655205 0.038887
v 0.351768 1.019088 0.251276
v 0.020212 0.738005 0.671996
v 0.991998 0.323635 0.197164
v 0.993311 1.034112 0.364083
v 0.545908 0.701966 1.238317
v 0.411608 0.155451 0.265227
v 0.653959 0.350883 0.077320
v 0.730972 0.167498 0.204049
v 1.074032 0.194431 0.640459
v 0.261769 0.243638 0.281133
v 0.938195 0.062317 0.713235
v 0.761607 0.313129 0.097271
v 1.170349 0.610664 0.328372
v 0.924015 0.237448 0.213615
v 0.366511 1.072072 0.962929
v 0.484028 0.527108 0.028729
v 0.254550 0.575730 1.120332
v 0.486857 0.253448 1.090383
v 0.565244 0.100819 0.956997
v 0.776789 0.841104 1.196053
v 0.974678 1.148878 0.556479
v 0.204644 0.285700 0.912425
v 0.539504 0.087364 0.286902
v 0.370445 0.767280 0.068384
v 0.800267 1.140144 0.346446
v 1.048768 0.243092 0.829001
v 0.290509 0.692780 0.078099
v 0.565457 0.203060 1.079336
v 0.557671 0.470852 0.028365
v 0.277132 0.612602 1.133826
v 1.245792 0.649154 0.683994
v 1.029083 1.057670 0.779141
v 0.395367 0.110239 0.898670
v 0.573949 0.590374 0.006965
v 0.389698 0.611864 1.191692
v 0.393486 0.202656 0.227210
v 1.227803 0.651599 0.453745
v 0.266941 0.322076 0.203661
v 0.535542 0.051676 0.336859
v 0.568677 1.237856 0.557413
v 1.111058 0.233734 0.573971
v 0.629789 0.640686 0.008055
v 0.809151 1.031735 0.209728
v 0.832234 0.374567 0.083857
v 0.766761 0.649631 0.019163
v 0.469539 1.227170 0.611275
v 0.846184 1.076583 0.281646
v 0.904542 1.058017 0.964410
v 0.794564 0.180312 0.203086
v 0.237098 0.289303 0.255760
v 0.699742 0.154820 1.028792
v 1.017781 0.180924 0.394591
v 0.215202 0.197195 0.808775
v 0.824430 1.127740 0.889843
v 0.398080 1.188928 0.488246
v 0.276201 1.115541 0.743921
v 0.987646 0.636311 0.128823
v 0.753804 0.042031 0.832783
v 0.993771 0.544620 1.093788
v 1.198890 0.497195 0.398508
v 0.399580 0.268319 1.056148
v 0.563318 1.199290 0.402590
v 0.603178 0.006756 0.593290
v 0.017697 0.746173 0.646840
v 0.684889 0.267071 1.123838
v 0.815425 0.459612 0.057533
v 0.874498 1.192689 0.677966
v 0.320227 0.578085 0.073658
v 0.984581 0.707637 0.127615
v 1.156344 0.635814 0.303502
v 1.002336 1.089593 0.754494
v 0.169186 0.457085 1.022215
v 0.435385 1.213271 0.530845
v 0.876261 0.811960 0.084908
v 1.163060 0.924809 0.552513
v 0.029706 0.745588 0.713043
v 0.370891 0.345175 1.097223
v 0.945759 1.108669 0.412899
v 0.860923 0.021701 0.716473
v 0.871046 0.106585 0.919112
v 0.150102 0.256041 0.775979
v 1.008200 0.916324 0.240730
v 1.031436 0.544602 0.166877
v 0.640385 1.144024 0.958243
v 0.718372 0.145823 0.229645
v 0.918343 0.460823 0.103785
v 0.771884 0.101771 0.296065
v 0.031268 0.507804 0.450640
v 0.041366 0.477302 0.462185
v 1.050167 0.843438 0.232924
v 0.236724 0.270434 0.272813
v 0.428893 0.381585 1.135867
v 0.810954 0.388115 1.156541
v 1.175810 0.857571 0.766703
v 1.190350 0.508809 0.382809
v 0.344984 1.120425 0.389093
v 0.270358 0.158472 0.417527
v 0.595735 1.164668 0.323597
v 0.068773 0.667028 0.336163
v 0.893836 0.164721 0.961303
v 0.129391 0.329963 0.835229
v 0.351259 0.125492 0.897541
v 0.154071 1.001635 0.754130
v 0.677740 0.778350 1.225142
v 0.838616 0.035480 0.768991
v 0.075207 0.405190 0.788229
v 0.919176 0.286467 0.155798
v 1.221789 0.448248 0.550122
v 0.179946 0.527762 1.048090
v 0.863613 0.488865 0.067436
v 0.289284 0.787297 1.123212
v 0.275516 0.338488 1.038909
v 0.018224 0.631004 0.731291
v 0.149280 0.219388 0.665116
v 0.114875 0.275814 0.565005
v 0.938961 0.055674 0.656614
v 1.121984 0.439132 0.303045
v 1.137282 0.932435 0.761735
v 1.144586 0.707091 0.937906
v 0.079951 0.466626 0.858738
v 0.135522 0.436629 0.294250
v 0.625833 0.667185 1.247195
v 0.430342 1.141120 0.355001
v 0.930980 0.064648 0.739561
v 0.612118 0.112750 0.982226
v 0.916269 0.110832 0.843518
v 0.296511 0.125407 0.812247
v 0.461931 0.150114 0.246107
v 0.183280 0.424520 1.024622
v 0.869020 1.130149 0.375731
v 0.794066 1.165975 0.840629
v 0.902788 0.322354 1.081969
v 1.163193 0.914533 0.710753
v 0.923454 0.408315 0.115753
v 0.598271 1.077392 0.217774
v 0.392051 1.074792 0.977495
v 0.857116 0.092540 0.889212
v 1.238322 0.620458 0.495241
v 0.238157 0.168883 0.463299
v 0.032237 0.450779 0.516049
v 0.898713 1.197603 0.619781
v 0.805507 0.284116 0.123713
v 0.022186 0.555890 0.473084
v 0.262230 1.012632 0.941169
v 0.644050 0.456364 0.031667
v 1.167486 0.848527 0.804897
v 0.104136 0.782052 0.316901
v 0.157707 0.306154 0.361070
v 0.991137 1.007617 0.315009
v 0.581383 1.052736 0.194007
v 0.164537 0.382116 0.954698
v 0.956428 1.049092 0.922875
v 0.366725 1.188236 0.696521
v 1.125989 0.249426 0.524463
v 0.728584 0.300060 0.102336
v 0.231950 0.531268 1.099919
v 0.277954 1.087895 0.828084
v 0.960048 0.268483 0.993677
v 0.419302 0.039101 0.728429
v 1.068056 0.268966 0.831129
v 0.147570 0.767411 0.229415
v 0.734219 1.196164 0.819865
v 0.485301 0.842101 0.055264
v 0.211350 0.144870 0.609269
v 1.242851 0.692092 0.539752
v 0.077033 0.817954 0.386116
v 0.709700 0.079659 0.308284
v 0.945129 0.078011 0.593901
v 0.293939 0.364470 1.076767
v 0.978443 0.102986 0.722197
v 0.341904 0.120445 0.879362
v 0.792801 1.127663 0.931253
v 1.225006 0.452782 0.511707
v 0.869752 0.286563 0.147111
v 0.057536 0.838769 0.591431
v 1.031381 0.752023 1.066831
v 0.286285 1.010741 0.965925
v 0.191478 0.437412 1.036029
v 1.247427 0.662884 0.574504
v 0.884927 0.364744 0.106740
v 0.712116 1.241086 0.556574
v 0.109281 0.323856 0.445946
v 1.019959 0.257372 0.301764
v 0.482129 0.082191 0.889641
v 0.527602 1.231594 0.508339
v 0.029212 0.770188 0.648474
v 0.137517 0.895817 0.908878
v 0.351542 0.069130 0.514287
v 1.207920 0.805184 0.482155
v 0.932392 0.133679 0.866246
v 0.713806 0.045041 0.340633
v 0.981957 0.403584 0.154986
v 0.261997 0.109219 0.661524
v 0.914343 1.066987 0.936310
v 0.866018 0.240543 1.052272
v 0.350656 1.179911 0.625994
v 0.774927 0.034227 0.781960
v 0.365829 0.457143 0.078114
v 0.841958 1.192396 0.474420
v 1.012920 0.573474 1.084470
v 0.282276 0.603997 0.091924
v 0.278289 0.723610 1.122099
v 1.056683 0.265319 0.855405
v 0.486798 1.045900 0.206845
v 0.324065 0.702531 0.067871
v 1.025381 0.701688 1.080598
v 0.502057 1.148793 0.929745
v 0.678012 0.654390 0.009961
v 0.995455 0.198206 0.870602
v 0.762042 0.764238 0.031365
v 0.090897 0.310010 0.609798
v 0.997304 0.795228 1.084289
v 0.901243 0.076979 0.435802
v 0.589759 0.850727 1.200473
v 0.863439 0.200464 0.199836
v 0.729186 0.397373 1.180928
v 0.872877 0.086919 0.354883
v 0.923224 0.253744 0.181266
v 0.859303 1.185848 0.732310
v 0.634424 0.176943 0.203227
v 0.010711 0.660380 0.675027
v 1.201030 0.501819 0.801207
v 0.270862 0.392347 0.162971
v 0.192318 0.859549 1.009965
v 0.648457 0.883458 1.191506
v 0.142073 0.996130 0.595594
v 0.656488 0.022844 0.416089
v 0.798962 0.440293 0.061221
v 0.153998 0.234128 0.740317
v 0.432143 0.099502 0.303465
v 0.282659 1.130076 0.708061
v 0.671352 0.373940 0.067185
v 0.806968 1.224878 0.539112
v 0.293437 0.454711 0.119425
v 0.662561 0.711707 1.240049
v 0.639843 0.561741 1.228257
v 0.215755 0.585959 0.147886
v 1.007490 0.192742 0.359989
v 0.089368 0.808602 0.873430
v 0.984663 0.912815 0.212686
v 0.111781 0.399271 0.346659
v 1.068346 0.320774 0.912734
v 0.578479 0.628247 1.245567
v 0.664968 0.938133 0.095717
v 1.225510 0.689725 0.443568
v 0.810279 1.147994 0.874427
v 0.412814 0.349036 0.099687
v 0.794358 0.354268 0.080869
v 0.012092 0.612543 0.572352
v 0.679496 1.248270 0.585487
v 0.624271 0.004789 0.665668
v 0.591836 0.495235 0.021037
v 0.109564 0.868774 0.368370
v 0.011182 0.725208 0.624981
v 0.291549 0.925145 1.048825
v 0.930965 0.094176 0.795234
v 0.877830 0.348562 1.109812
v 1.171754 0.329068 0.591178
v 0.094609 0.377864 0.807470
v 0.220093 0.446798 1.061697
v 1.179233 0.574485 0.344961
v 0.852393 0.611365 0.046827
v 1.067686 0.972518 0.392541
v 0.684748 0.209495 0.159934
v 0.673698 0.038445 0.360789
v 0.706511 0.674267 0.010120
v 0.891747 0.322385 0.117436
v 0.462800 0.177449 0.218032
v 0.934757 0.178591 0.284227
v 0.996456 0.246802 0.932535
v 0.253917 1.024583 0.349773
v 1.159766 0.454042 0.865954
v 0.919787 0.684655 1.166349
v 1.146867 0.660946 0.292027
v 0.272267 0.122082 0.525529
v 0.346969 0.959932 1.066611
v 1.109668 0.284450 0.764304
v 0.984798 0.369856 1.043427
v 0.111659 0.632649 0.261661
v 0.825417 0.025545 0.597660
v 0.806006 1.179249 0.808829
v 0.976351 1.137116 0.668398
v 1.210599 0.436552 0.467156
v 0.263608 1.041148 0.913715
v 0.948825 0.108975 0.427954
v 0.652402 0.298126 0.114750
v 0.844542 0.771558 0.057539
v 0.404788 1.075784 0.278562
v 0.315310 0.302990 0.187499
v 0.154330 0.482070 0.240561
v 0.068272 0.844917 0.458642
v 1.235618 0.724708 0.516760
v 0.964749 0.463608 1.096215
v 0.649502 0.198025 1.073236
v 0.094551 0.318157 0.507318
v 0.807140 0.019898 0.647133
v 0.520702 0.060261 0.859261
v 1.075300 0.411108 0.255141
v 1.015435 1.097627 0.519027
v 0.227616 1.032312 0.388372
v 0.320880 0.651323 0.067333
v 0.542397 0.295283 0.101819
v 1.034223 1.072443 0.710228
v 0.404424 0.980675 1.083298
v 0.310832 1.114614 0.823903
v 0.652095 1.037906 0.179004
v 0.337532 1.064054 0.319258
v 0.154311 0.594935 0.215066
v 0.910998 1.095587 0.882661
v 0.617620 0.198878 1.076011
v 0.534703 1.060810 0.209652
v 0.374832 1.149082 0.838912
v 0.392385 0.388001 1.124994
v 0.207155 0.223165 0.398623
v 0.926018 1.164006 0.705299
v 1.119600 0.693082 0.977340
v 0.838523 1.042961 1.034736
v 0.580881 0.728731 0.005588
v 0.762001 0.029669 0.429244
v 0.361961 0.070711 0.478384
v 1.068708 0.612443 0.195645
v 1.067643 0.990798 0.434939
v 1.102023 0.374048 0.308667
v 1.099162 0.738110 0.245483
v 0.010792 0.670205 0.613419
v 0.015457 0.721624 0.604012
v 0.906736 1.030023 0.999340
v 0.046387 0.397134 0.520449
v 1.026370 0.450582 1.035944
v 0.631083 0.024163 0.802926
v 0.894432 0.027472 0.657699
v 0.350674 0.394225 0.110751
v 0.363005 0.671302 0.051311
v 0.124910 0.753349 0.248338
v 1.055315 1.011302 0.439105
v 0.702721 0.332171 0.086722
v 0.239656 0.454331 0.159099
v 0.044894 0.663461 0.821827
v 0.986016 1.130855 0.638254
v 1.075146 0.418695 0.974353
v 0.554880 1.007871 0.155507
v 1.004095 0.135360 0.716325
v 0.659086 0.527116 0.017416
v 0.466295 0.056888 0.815039
v 0.058860 0.559043 0.855016
v 0.138423 0.841913 0.975386
v 0.158756 0.429904 0.257297
v 1.213779 0.481274 0.742527
v 0.959932 0.227682 0.258535
v 1.044601 0.590897 1.059546
v 1.120859 0.846192 0.330139
v 0.575773 0.283906 0.110446
v 0.573834 0.131891 0.999779
v 0.406517 1.171676 0.820346
v 0.738078 0.057202 0.877530
v 0.035469 0.721569 0.448036
v 1.103966 0.244684 0.695586
v 0.894508 0.429858 0.099373
v 0.447452 0.101187 0.912118
v 0.555632 0.918237 0.086365
v 0.098667 0.437423 0.336519
v 0.636491 0.818250 0.030104
v 0.488919 1.177478 0.381534
v 0.210670 0.809067 1.048713
v 0.889295 0.656824 1.189007
v 0.221493 0.836931 1.046364
v 0.379101 0.586281 0.045736
v 0.650440 0.052273 0.881285
v 0.917110 1.143756 0.432005
v 0.930055 1.007303 0.258238
v 0.619705 0.519919 0.017212
v 0.586409 0.088969 0.944872
v 0.008515 0.614999 0.673326
v 1.134849 0.603120 0.272756
v 0.671421 0.495373 0.024561
v 0.870548 0.685030 0.050784
v 1.000536 0.607106 1.101699
v 0.800037 1.166172 0.385458
v 0.969283 1.079287 0.841779
v 0.917123 1.195111 0.614556
v 0.200712 1.040101 0.498387
v 0.517415 0.114359 0.961698
v 0.774836 0.386930 0.065325
v 1.169116 0.341463 0.486807
v 0.199718 0.462162 1.045359
v 0.086457 0.884883 0.405219
v 0.221060 1.052073 0.795816
v 0.473532 0.422013 1.180115
v 0.182655 0.927113 0.940011
v 0.834762 1.195238 0.728912
v 0.530524 1.024614 1.085549
v 1.180623 0.691932 0.352749
v 0.860258 1.158288 0.786726
v 0.297960 1.055558 0.936098
v 1.170047 0.616374 0.901950
v 0.659487 0.622690 0.017438
v 0.686899 0.628083 0.013259
v 0.773760 0.012646 0.638155
v 0.420380 1.006482 0.195601
v 0.195507 0.672329 1.061109
v 0.570242 0.006106 0.611164
v 0.323203 0.817365 0.115611
v 0.603692 0.592535 1.237486
v 1.119387 0.575441 0.975105
v 0.966218 0.765182 1.119371
v 0.020298 0.516816 0.478477
v 0.262589 0.571315 0.111685
v 0.240406 0.994726 0.327121
v 0.850881 0.139867 0.967612
v 0.723187 0.354036 0.075643
v 0.185634 0.160266 0.629686
v 0.933823 0.375984 0.131846
v 0.594330 0.205892 1.084951
v 0.775995 0.432950 0.051524
v 0.232944 0.146396 0.549449
v 0.500058 1.215284 0.765759
v 1.115977 0.954613 0.460177
v 0.047863 0.401034 0.612977
v 0.322415 0.122738 0.858462
v 0.591342 0.408760 1.208541
v 0.426802 0.209142 1.028401
v 0.452189 0.376838 0.073519
v 0.686525 0.540840 0.017932
v 0.310495 0.574693 1.151659
v 0.710036 0.659900 1.232868
v 0.597323 0.902836 1.178634
v 0.256386 1.114528 0.691743
v 0.440025 0.641569 0.023835
v 1.238545 0.783464 0.546244
v 0.112713 0.910650 0.808245
v 0.790480 0.015598 0.602612
v 0.269491 0.671557 0.088347
v 0.137967 0.960695 0.455301
v 1.014240 0.836225 0.187119
v 0.494748 0.396890 1.173600
v 0.950264 0.326810 0.163799
v 0.337167 0.316738 0.163588
v 0.167530 0.708798 1.029480
v 0.799705 0.081404 0.902813
v 0.990797 0.293329 0.979835
v 0.608022 0.098147 0.279900
v 0.930698 0.609204 0.093249
v 0.895340 0.397734 0.106566
v 0.652925 1.174447 0.903403
v 0.820010 1.002010 0.185058
v 0.050884 0.768712 0.406791
v 0.535090 0.179851 0.201215
v 0.014933 0.707946 0.681186
v 0.318423 1.085658 0.357311
v 0.780879 0.839622 0.061896
v 0.407904 0.494617 1.184152
v 0.797109 0.066271 0.870795
v 0.959105 1.043177 0.331033
v 0.164619 0.995230 0.793462
v 0.743921 0.670386 0.014215
v 0.341895 1.140559 0.433496
v 0.886364 1.036547 0.257913
v 0.308544 0.509486 0.093275
v 0.236965 0.230559 0.890257
v 0.266470 1.126878 0.655354
v 0.823590 0.350232 1.135785
v 1.179787 0.896016 0.689496
v 0.434069 0.476040 0.054259
v 1.082112 0.562989 1.016458
v 0.923126 0.049770 0.632595
v 0.801752 0.379307 0.076810
v 0.729491 0.991858 1.127526
v 0.588069 1.238911 0.674826
v 0.508182 0.089201 0.922138
v 0.813597 0.342361 0.088191
v 0.701261 1.191692 0.394361
v 0.630506 0.050221 0.356255
v 1.125508 0.251512 0.580830
v 0.693806 1.233872 0.686391
v 0.154630 0.624999 0.206658
v 0.221842 0.714300 1.079471
v 0.597470 0.007474 0.667907
v 0.502897 0.594122 1.223077
v 0.374007 0.100097 0.373019
v 0.217896 1.087744 0.668582
v 0.009593 0.696640 0.630794
v 0.016621 0.532119 0.504953
v 0.484620 1.157598 0.351152
v 0.876896 1.200144 0.594606
v 0.813478 0.407847 0.069912
v 0.248179 0.168948 0.435717
v 0.529708 1.235944 0.556685
v 0.787006 0.982798 0.155820
v 0.231829 0.240962 0.325373
v 0.786261 0.532505 0.033636
v 0.883237 1.139962 0.810027
v 0.461411 0.505723 0.038306
v 0.238002 1.080769 0.497179
v 0.397466 1.143814 0.384454
v 0.681793 0.176348 0.195855
v 1.027472 1.019619 0.414758
v 0.891076 0.962028 0.180418
v 0.273631 0.491548 1.130308
v 0.370792 0.053281 0.548814
v 0.835724 1.134432 0.864062
v 0.435383 1.161031 0.385640
v 1.084945 0.535843 0.219193
v 1.175958 0.652126 0.890449
v 0.390933 1.200362 0.611279
v 0.577336 1.129761 0.280755
v 0.602616 0.952573 1.151014
v 0.899510 1.175527 0.460302
v 0.515758 0.960744 0.124772
v 0.865840 0.134573 0.294343
v 0.559168 0.052407 0.868861
v 0.693425 0.024550 0.382411
v 0.877665 0.926707 1.111672
v 1.083664 0.307712 0.868753
v 0.434199 0.663234 1.207418
v 0.484684 0.737522 0.018196
v 0.793649 0.784496 0.044626
v 0.298245 0.107649 0.528119
v 1.234661 0.524678 0.472684
v 0.551918 1.080418 1.034709
v 0.014576 0.522470 0.667793
v 1.227493 0.617440 0.450798
v 0.608119 0.291511 0.107521
v 0.026509 0.496331 0.711387
v 1.049288 0.164187 0.580735
v 0.455206 0.048445 0.366407
v 1.040663 0.987287 0.358215
v 0.647017 0.499172 1.212279
v 0.836350 0.411795 0.073239
v 0.256307 0.784803 1.092896
v 0.612526 0.176657 1.051546
v 0.477693 1.202955 0.428018
v 0.851260 1.121545 0.347285
v 0.030363 0.463549 0.669673
v 0.153436 0.321014 0.873416
v 1.001552 0.676037 1.104274
v 0.675869 0.991712 0.140104
v 0.416667 1.189274 0.454984
v 0.028337 0.448660 0.554372
v 0.508690 0.901446 0.084692
v 0.107434 0.593607 0.962267
v 0.400444 0.524570 0.047469
v 0.432147 0.531585 0.038486
v 0.267146 0.215993 0.913241
v 0.655979 1.220622 0.463730
v 0.713611 0.229751 0.147457
v 1.171354 0.327016 0.558972
v 0.057507 0.405991 0.463127
v 0.859953 0.075322 0.839489
v 0.295331 0.138413 0.419487
v 0.599108 1.220207 0.779176
v 0.431350 0.382628 0.075744
v 0.863590 1.111847 0.902751
v 0.570777 0.748256 1.232015
v 1.181060 0.638178 0.346165
v 0.868925 0.654871 0.049123
v 0.590679 0.191499 0.190679
v 0.938488 0.689477 0.089963
v 0.942119 0.540143 0.100155
v 0.845722 0.033571 0.554235
v 0.623589 0.371556 0.066110
v 1.172032 0.887216 0.498723
v 1.031712 0.236961 0.334670
v 0.373112 0.053259 0.721203
v 0.256872 0.889238 0.204995
v 1.185325 0.373588 0.506316
v 0.433051 1.208124 0.475578
v 0.708388 0.711053 0.012034
v 0.823882 0.124522 0.960444
v 0.854363 1.209735 0.646977
v 1.019203 1.016191 0.383962
v 0.802110 0.711434 0.030432
v 0.079417 0.768852 0.872981
v 0.638173 1.211877 0.803949
v 0.336881 0.307105 1.047758
v 0.179044 0.645252 1.049299
v 0.460409 1.176173 0.396787
v 0.714974 1.246361 0.630861
v 1.202515 0.481267 0.776233
v 0.727567 0.537092 1.216676
v 1.230403 0.470725 0.517228
v 0.530346 0.888500 1.174783
v 0.979186 1.127630 0.502699
v 0.032248 0.569566 0.439964
v 0.674961 0.408720 0.051297
v 0.214465 0.711396 0.154971
v 0.464353 1.128053 0.315983
v 0.923573 0.062463 0.760948
v 0.623894 1.138027 0.293833
v 0.582608 0.317901 0.096689
v 0.687890 0.090629 0.294166
v 0.686102 0.993601 1.127241
v 0.805954 0.516705 1.198642
v 0.676148 1.228980 0.488422
v 1.118014 0.757987 0.276701
v 0.979856 0.847240 0.165598
v 0.228036 0.627686 1.098551
v 0.752065 1.210508 0.753386
v 0.760627 1.143404 0.924732
v 0.679370 0.035082 0.837275
v 0.616246 0.696483 -0.000231
v 1.080096 0.237625 0.742363
v 1.031092 0.161316 0.711787
v 0.481779 0.838256 1.183956
v 0.653178 0.081065 0.303585
v 0.431100 1.017475 1.061391
v 0.695315 0.730549 1.229440
v 0.027642 0.634885 0.452111
v 1.113565 0.977743 0.737226
v 0.057224 0.367893 0.544079
v 1.106565 0.805905 0.282165
v 1.001209 0.669555 0.139422
v 0.109894 0.849855 0.893023
v 0.240107 1.015920 0.904850
v 0.113460 0.952276 0.533340
v 0.001453 0.571984 0.644366
v 0.545571 1.227567 0.484399
v 0.471788 0.112685 0.941309
v 1.187954 0.520921 0.843560
v 0.422111 0.750657 1.191506
v 0.796963 1.235397 0.575289
v 0.068149 0.871973 0.673873
v 0.687817 0.694590 0.009098
v 0.032722 0.748539 0.495060
v 0.790757 1.216328 0.702343
v 0.754563 0.249428 0.130246
v 0.385104 0.033487 0.671533
v 0.780941 0.970151 1.135484
v 0.052404 0.391595 0.488471
v 0.503044 0.339558 1.147292
v 1.009404 0.280229 0.944143
v 0.813684 0.046388 0.421532
v 0.627590 0.599875 0.015948
v 0.255334 0.863881 1.059252
v 0.844259 0.061613 0.405236
v 0.721514 0.746922 0.019328
v 0.491526 0.746778 1.214441
v 1.238316 0.684474 0.701053
v 1.003994 0.148254 0.758093
v 1.130581 0.911556 0.820881
v 0.060482 0.846920 0.534410
v 0.887976 0.482997 0.081239
v 1.028022 0.982043 0.926620
v 0.152848 0.549631 1.024588
v 0.937183 0.064747 0.624585
v 0.264446 0.296979 0.989986
v 0.878610 1.178981 0.483353
v 1.067675 0.433464 0.232963
v 0.822199 0.685912 0.031637
v 0.229497 1.064030 0.436574
v 1.221137 0.717075 0.456445
v 0.968712 0.525115 1.111236
v 0.624437 1.111194 0.257941
v 0.313500 0.291877 1.027283
v 0.457482 1.139013 0.934095
v 0.587464 0.772447 0.012879
v 0.025131 0.653078 0.757948
v 0.962953 1.167506 0.579428
v 0.948902 0.803350 0.123305
v 1.037149 0.717900 0.175284
v 0.827060 0.311801 0.109106
v 0.219942 0.516357 0.155153
v 0.298811 0.090687 0.704084
v 0.533886 0.154084 1.013425
v 0.756998 0.300905 0.102895
v 0.133833 0.827805 0.300172
v 1.032331 0.391600 1.008843
v 1.002558 0.127052 0.681466
v 0.022777 0.600750 0.757226
v 0.997149 1.121770 0.543579
v 0.868155 0.277354 1.076458
v 1.144453 0.342167 0.782333
v 0.332686 1.043545 0.295312
v 0.139624 0.984511 0.737108
v 0.045974 0.817725 0.665034
v 0.756292 0.954830 1.163301
v 0.938168 0.291316 0.172683
v 0.326507 0.165917 0.921344
v 0.162866 0.198328 0.607496
v 0.437115 0.338277 0.094540
v 0.040634 0.479501 0.757261
v 0.691930 0.080867 0.934887
v 0.998475 0.501567 1.066948
v 1.156982 0.955153 0.650512
v 0.606028 0.220894 1.097779
v 0.358100 0.132332 0.914525
v 0.898163 0.245909 0.190235
v 1.022169 0.638012 0.154314
v 0.169232 0.188317 0.646566
v 1.071060 0.620592 1.034558
v 0.268836 0.550479 1.129776
v 1.035384 1.081072 0.546746
v 0.919697 0.259121 1.025634
v 0.223814 1.088138 0.695425
v 0.193377 0.797765 0.206189
v 0.725068 0.052436 0.334860
v 0.772434 0.013270 0.545010
v 1.119213 0.968964 0.513071
v 0.556195 0.222677 1.091363
v 1.203552 0.402826 0.532639
v 0.199268 0.167018 0.701892
v 0.349904 1.144264 0.814891
v 0.647952 0.710644 0.005086
v 0.813574 0.639316 1.211026
v 0.744804 0.009206 0.663212
v 0.450101 0.033158 0.463796
v 0.473653 0.473381 0.039823
v 1.197889 0.437743 0.751204
v 0.790002 0.681779 0.024945
v 1.239816 0.531041 0.543460
v 0.492232 0.355162 0.077642
v 0.058817 0.377249 0.593558
v 0.057771 0.838815 0.704242
v 0.733743 1.121909 0.289737
v 0.436761 0.228620 1.049403
v 0.422289 0.027498 0.654325
v 1.136035 0.273514 0.479706
v 0.338332 1.078587 0.932778
v 0.887481 0.109179 0.896351
v 0.055715 0.626806 0.854595
v 0.197435 0.987651 0.383790
v 0.777593 0.388862 1.167887
v 0.830856 0.842646 0.079490
v 0.053985 0.747212 0.384459
v 0.547990 1.157274 0.927654
v 0.638427 1.069781 0.209384
v 1.148809 0.300217 0.475066
v 0.361250 0.654066 1.178294
v 0.695157 0.492199 1.208117
v 0.588967 0.483853 1.222141
v 0.859492 0.344294 0.097063
v 0.624677 1.229158 0.739933
v 1.236792 0.678926 0.500715
v 0.217396 1.000833 0.369593
v 0.640105 0.858050 0.046452
v 1.217977 0.519860 0.757482
v 0.665097 1.238254 0.667927
v 0.191042 0.952191 0.331113
v 0.891599 0.682271 0.058797
v 0.062225 0.870070 0.600883
v 0.729662 1.103566 1.005623
v 0.553342 0.561397 0.010646
v 0.191903 0.827714 0.221172
v 0.281518 0.222930 0.937482
v 0.362057 0.050451 0.672543
v 0.906378 0.884736 1.119696
v 0.465450 0.068713 0.842649
v 0.337120 1.119496 0.858243
v 1.015746 0.948912 0.278302
v 0.640969 1.234800 0.522568
v 0.637592 0.007987 0.463416
v 0.664280 0.454081 1.197940
v 0.595284 0.037950 0.841728
v 1.105838 1.012236 0.576315
v 0.323601 1.052818 0.955234
v 0.927028 0.436145 0.115634
v 0.100594 0.954552 0.652556
v 0.391923 1.171936 0.802974
v 0.265314 0.122845 0.739615
v 0.740861 0.709374 0.016988
v 0.455803 1.216919 0.515510
v 0.343863 0.937744 1.081026
v 1.082058 0.974181 0.835660
v 1.231026 0.496871 0.658479
v 0.859025 0.021597 0.667864
v 0.736176 0.027139 0.393810
v 0.001768 0.559837 0.665250
v 0.045004 0.402278 0.549284
v 0.131930 0.648097 0.230578
v 0.833868 0.719427 0.042757
v 0.205169 0.605136 1.086322
v 0.192740 0.187562 0.515928
v 0.750745 0.276555 0.114065
v 0.947323 1.065307 0.350386
v 0.290716 0.153220 0.868099
v 0.144821 0.391016 0.296384
v 0.278997 0.963769 0.257349
v 0.835072 1.087424 0.971038
v 0.957732 0.170510 0.324212
v 1.032056 0.352017 0.984217
v 0.216276 0.964643 0.938843
v 0.646323 0.013339 0.760732
v 1.229651 0.553316 0.460331
v 0.869807 1.008887 1.051468
v 0.210556 1.071027 0.616195
v 0.696954 1.030305 1.094849
v 1.069762 0.196187 0.502839
v 0.271578 0.106323 0.598526
v 1.199764 0.550497 0.826951
v 0.751561 0.229770 0.147467
v 0.911987 0.779083 0.091603
v 0.948252 0.631665 0.110921
v 1.152779 0.592192 0.297547
v 0.881558 1.171972 0.444720
v 1.234450 0.554685 0.707881
v 0.448688 1.206611 0.758252
v 0.374285 1.176168 0.767188
v 0.253475 0.978645 0.966607
v 0.101797 0.911798 0.445597
v 0.823502 0.195323 0.181560
v 1.097488 0.298603 0.367489
v 0.544113 0.013896 0.724405
v 0.922791 1.073186 0.910742
v 1.083998 0.585388 0.215816
v 1.097489 0.254242 0.437602
v 0.851598 0.892154 0.112069
v 0.100787 0.748152 0.292179
v 1.091662 0.675252 1.013162
v 0.413490 1.175205 0.423817
v 0.914410 0.138670 0.907125
v 0.564085 0.641996 1.239694
v 0.064024 0.560729 0.351116
v 0.117056 0.288495 0.496351
v 0.344822 0.786835 1.148121
v 0.197820 0.407657 1.025538
v 0.143202 0.999633 0.661171
v 0.959949 0.889994 0.170598
v 0.604501 0.553331 1.227518
v 0.422926 0.091413 0.872225
v 0.805129 1.079823 0.263189
v 0.898982 0.986398 1.053188
v 0.921759 0.700249 0.071857
v 0.658491 0.402583 1.191834
v 0.937886 0.074039 0.771099
v 0.958451 0.572270 0.113066
v 0.396236 1.102029 0.319374
v 1.066687 0.252306 0.370767
v 0.488938 0.565355 1.216979
v 1.096509 0.797018 0.979006
v 0.907774 0.632825 1.167257
v 1.069842 0.379966 0.262382
v 0.216003 0.177476 0.496856
v 1.169403 0.341721 0.690755
v 0.788262 1.198711 0.436553
v 1.135420 0.762373 0.935619
v 1.140291 0.944524 0.719421
v 0.307321 0.885244 0.166983
v 0.962754 0.076879 0.648497
v 0.245157 1.046886 0.379582
v 0.184730 0.900950 0.273929
v 0.894286 0.062217 0.485129
v 0.830285 0.018992 0.684452
v 0.054583 0.744442 0.820427
v 0.895704 0.091170 0.363934
v 0.331343 0.859083 1.113197
v 1.238200 0.571552 0.495221
v 1.122312 0.276041 0.449021
v 1.218502 0.559835 0.776334
v 0.228826 0.130949 0.664975
v 0.882890 0.079884 0.394099
v 0.537733 0.639175 0.005161
v 0.254727 0.929173 0.242492
v 1.136166 0.310234 0.434778
v 1.062418 0.255510 0.796609
v 0.981961 0.104061 0.622333
v 0.510908 0.370316 1.167115
v 0.110348 0.841523 0.352167
v 0.397399 0.318942 1.094769
v 1.069545 0.946921 0.351907
v 0.919431 1.163391 0.473405
v 0.950871 0.498446 0.115494
v 1.243044 0.722016 0.566743
v 0.049595 0.814933 0.536709
v 0.986915 0.475955 0.144167
v 1.186630 0.533659 0.369463
v 0.659954 0.754967 1.228987
v 0.488526 0.059872 0.830046
v 0.837695 0.674962 1.203494
v 0.616073 0.501047 1.219485
v 0.485262 0.044116 0.797192
v 1.170487 0.537221 0.337015
v 0.634143 0.226725 1.098303
v 0.153625 0.721957 0.208329
v 1.055892 1.010386 0.835211
v 0.177208 0.218897 0.778476
v 0.687286 0.868399 1.197365
v 0.848414 0.806471 1.180934
v 0.765880 0.698801 1.222233
v 1.194721 0.884322 0.598589
v 0.377072 0.040294 0.688780
v 0.996107 0.980469 0.965732
v 0.273482 0.792223 0.135132
v 0.286538 0.832280 0.147179
v 0.941926 0.901497 1.083172
v 0.789036 0.572242 0.029719
v 1.186294 0.724967 0.850493
v 1.077869 0.453452 0.987542
v 0.534782 1.160319 0.338286
v 1.142959 0.765913 0.314935
v 1.064017 1.052931 0.669956
v 0.628294 1.240529 0.572765
v 0.853612 1.212034 0.592003
v 0.975480 0.439080 0.144108
v 0.832256 0.242063 1.068445
v 0.999076 1.070047 0.812603
v 0.133499 0.976185 0.538540
v 1.026835 1.091659 0.572377
v 0.496438 0.011966 0.656459
v 0.836428 0.616341 1.203669
v 0.738091 0.065788 0.322116
v 0.824397 0.578299 1.203190
v 0.419338 0.029484 0.598258
v 1.180404 0.876209 0.711744
v 1.152883 0.428080 0.356515
v 0.389181 1.201434 0.734555
v 0.744827 1.083704 0.243864
v 0.825361 1.203750 0.502617
v 0.729275 0.020684 0.765767
v 0.355935 0.528834 0.063565
v 0.813188 1.215127 0.674073
v 0.591494 0.993618 1.120340
v 0.420995 1.199620 0.763622
v 0.440492 0.802098 0.052049
v 1.239299 0.520014 0.592496
v 0.499752 0.038499 0.368746
v 0.473512 0.490919 1.201350
v 1.117796 0.639036 0.250485
v 0.546758 0.864473 0.054444
v 1.062469 1.012183 0.473954
v 0.326865 1.100092 0.892430
v 0.145306 0.980054 0.773070
v 0.217260 0.544622 1.089085
v 1.049157 1.032233 0.482387
v 0.792516 0.080097 0.334656
v 1.132547 0.724114 0.284686
v 0.663586 1.047749 1.079145
v 0.295660 0.179452 0.911583
v 0.910448 0.154628 0.932205
v 0.886072 0.722866 0.063380
v 0.959704 0.728256 1.132545
v 1.101489 0.940420 0.849427
v 0.853798 0.421605 1.152817
v 1.127968 0.264058 0.646265
v 0.985782 0.108579 0.553995
v 0.792245 0.133419 0.983768
v 1.197466 0.650006 0.844772
v 0.371620 1.163147 0.454263
v 1.181862 0.487397 0.837645
v 0.150559 0.846626 0.257411
v 0.988785 1.112735 0.714467
v 1.006926 0.374255 0.194720
v 1.089362 0.683251 0.222855
v 0.380593 0.906880 1.117942
v 0.809749 0.978967 1.116842
v 1.236878 0.605116 0.722788
v 0.074423 0.822666 0.810988
v 0.345787 0.105277 0.404044
v 0.937220 0.944160 0.194998
v 0.977872 0.841931 1.085334
v 0.978597 0.299457 0.209408
v 0.577184 0.210449 0.164701
v 0.105795 0.505163 0.300104
v 1.123025 0.399504 0.325563
v 1.102851 0.851341 0.938832
v 1.199325 0.832750 0.492472
v 1.083279 0.906496 0.325706
v 1.125525 0.512230 0.278130
v 0.837084 0.096606 0.911145
v 0.861329 0.593721 1.189728
v 0.669027 0.751277 0.013501
v 0.942053 0.468402 0.117125
v 0.762753 0.930129 0.108409
v 0.560847 0.711431 1.238577
v 0.354418 0.875125 0.129421
v 0.317011 0.227521 0.974957
v 0.714242 0.612942 0.014681
v 1.077535 0.747298 0.224155
v 0.106995 0.811603 0.918088
v 0.592626 1.181187 0.362740
v 0.841885 0.514838 1.186520
v 1.174995 0.787389 0.843361
v 1.214137 0.676912 0.418138
v 0.598784 0.012779 0.630754
v 0.934379 0.084013 0.477869
v 1.228758 0.730651 0.711022
v 0.156035 1.005391 0.713223
v 1.006490 1.035908 0.396878
v 0.701119 0.052972 0.877444
v 0.743223 0.627404 0.016186
v 0.943503 0.665856 1.148562
v 0.344061 0.192493 0.964870
v 1.141647 0.524643 0.292584
v 1.176547 0.414502 0.411921
v 0.399142 0.341915 1.111896
v 0.700017 1.195392 0.839899
v 0.958934 1.097406 0.816315
v 0.642959 0.614109 1.240678
v 1.048614 0.404447 0.225351
v 1.034906 0.206329 0.801106
v 1.241034 0.562500 0.670893
v 0.958858 0.068157 0.726701
v 0.026319 0.659302 0.491319
v 0.653909 0.001216 0.590664
v 0.608098 1.168753 0.913930
v 0.373376 0.476529 1.167259
v 0.851013 1.172195 0.767279
v 0.350782 0.909068 0.154162
v 0.190297 0.413744 0.219774
v 0.745091 0.044518 0.350217
v 0.729985 1.158342 0.346457
v 0.672699 1.186688 0.868539
v 0.072351 0.714201 0.310420
v 0.699746 0.584189 1.231244
v 1.223695 0.584430 0.445109
v 0.204549 0.903648 0.986405
v 0.466188 0.699019 0.018836
v 0.515656 1.227268 0.479761
v 0.234007 0.193235 0.401186
v 1.086942 0.254003 0.409562
v 0.815917 0.030266 0.493942
v 0.707356 1.138020 0.956481
v 0.720175 1.177497 0.876349
v 0.834045 0.292489 0.130376
v 0.299187 0.395434 1.094261
v 0.437903 1.056008 1.025078
v 0.239118 0.375214 1.039890
v 0.952756 0.563675 1.132971
v 0.526621 0.418422 1.194969
v 0.528765 0.739009 0.009753
v 0.323025 0.187639 0.295766
v 1.072858 0.764261 1.018870
v 0.637090 0.645129 1.244565
v 0.589055 0.719615 1.241549
v 0.891939 0.054309 0.540399
v 0.529611 0.976115 1.123316
v 0.917061 1.122862 0.403614
v 0.185974 1.034120 0.545564
v 0.562281 0.154597 1.021336
v 0.065425 0.460372 0.379530
v 0.631745 0.823591 1.212666
v 0.450115 1.195840 0.798742
v 0.076559 0.343098 0.512722
v 0.210563 1.063859 0.724511
v 0.140129 0.253232 0.498444
v 1.162625 0.735426 0.895823
v 1.137767 0.467268 0.913015
v 0.102388 0.816456 0.346361
v 0.286999 0.174118 0.896270
v 0.072975 0.354520 0.684418
v 1.130374 0.812571 0.321156
v 1.205750 0.411690 0.659072
v 0.688399 0.427220 1.195299
v 0.451289 1.215095 0.738093
v 0.917311 0.734681 0.080270
v 0.431149 1.050847 0.234467
v 0.309367 1.152216 0.579862
v 0.761063 0.742283 1.219075
v 1.131394 0.974101 0.553818
v 0.734064 0.773918 1.218181
v 0.144123 0.531042 0.240591
v 0.932131 1.004764 1.017721
v 0.287543 1.054996 0.348925
v 0.710371 0.439357 1.195653
v 0.331387 1.146982 0.483025
v 1.019746 1.000440 0.346615
v 0.540826 0.075093 0.908555
v 0.427301 0.811910 1.176439
v 0.482572 1.226488 0.525509
v 0.694895 0.350504 1.167150
v 0.406645 1.137519 0.894990
v 1.136522 0.376197 0.846261
v 0.393917 0.038958 0.637152
v 0.606980 0.002790 0.511287
v 0.323992 0.242951 0.235114
v 1.216636 0.467748 0.477204
v 0.878990 0.462957 1.155084
v 0.813955 1.111607 0.310661
v 0.517785 0.034697 0.787915
v 0.218939 0.160058 0.737061
v 1.194522 0.869557 0.655925
v 0.651149 0.897104 0.066938
v 0.467697 1.081124 0.252352
v 1.090352 0.497917 0.236082
v 1.203285 0.832433 0.694255
v 0.354035 0.099444 0.832591
v 0.871069 0.061655 0.798295
v 0.718796 0.523500 0.022510
v 0.846586 0.458072 0.067689
v 0.038907 0.780027 0.537969
v 0.456984 0.991046 1.095982
v 1.097561 0.219082 0.543239
v 0.270406 0.181028 0.873451
v 0.310853 0.745363 1.139804
v 0.049090 0.821721 0.492006
v 0.027009 0.601164 0.457375
v 0.394895 0.927739 0.143055
v 0.397350 0.063604 0.432328
v 0.065206 0.707212 0.336592
v 0.386797 0.378164 0.099989
v 0.891943 0.038341 0.722264
v 0.377821 0.763243 1.169595
v 0.509495 1.175480 0.884752
v 0.410356 0.397768 1.141891
v 0.522363 0.416690 0.048656
v 1.158033 0.944017 0.572624
v 1.227674 0.502930 0.694847
v 0.542911 1.232929 0.696857
v 0.114186 0.935875 0.752714
v 0.941826 0.418625 1.100184
v 0.224299 0.140494 0.692111
v 0.405977 0.031917 0.705191
v 0.434388 0.028282 0.522928
v 0.375140 1.050452 0.996816
v 1.004287 0.582362 0.143064
v 0.672019 0.583925 0.016192
v 0.526242 1.086612 0.239732
v 0.135346 0.902358 0.326309
v 0.587752 0.003088 0.550638
v 0.381841 0.406655 1.135566
v 0.875372 1.192506 0.550495
v 1.168681 0.735588 0.343495
v 0.887732 0.711833 1.182017
v 0.573513 0.187661 1.061676
v 0.637624 0.085348 0.944754
v 0.752236 0.206938 1.066744
v 0.871008 0.438808 0.080603
v 1.046463 0.649766 1.063438
v 0.916519 0.469808 1.134943
v 0.909460 0.227837 1.007540
v 0.151864 0.487401 1.013715
v 1.150062 0.846674 0.852896
v 0.046991 0.794726 0.736294
v 0.551641 0.028666 0.791688
v 1.162604 0.310569 0.503018
v 0.620186 0.324066 0.099190
v 1.204084 0.788274 0.757127
v 1.234836 0.769888 0.600495
v 0.427060 0.854680 0.083067
v 0.475799 1.223779 0.709706
v 0.656363 0.586844 1.232337
v 0.223153 0.568120 1.099980
v 0.588202 0.010423 0.467476
v 0.173052 0.981448 0.424610
v 1.212605 0.422331 0.552507
v 0.201875 0.565673 1.080663
v 1.178310 0.804136 0.404016
v 0.947383 0.938358 1.057450
v 0.736465 0.004956 0.594801
v 0.107645 0.355083 0.390744
v 0.117250 0.768260 0.958075
v 0.593459 0.074914 0.309004
v 0.266766 0.141427 0.788360
v 0.743358 1.243427 0.616898
v 0.547228 0.518267 0.018626
v 0.177634 0.399198 0.987360
v 1.160616 0.344531 0.737419
v 0.711832 0.116190 0.264723
v 0.998871 0.515967 0.144799
v 0.594722 1.209262 0.815743
v 1.158185 0.566194 0.309172
v 0.446421 0.950115 1.119403
v 0.469648 0.015623 0.574953
v 0.062767 0.495859 0.373305
v 0.647704 0.149616 1.026800
v 1.246715 0.590068 0.642083
v 0.208386 0.769327 1.057293
v 0.819807 0.151618 0.992864
v 0.566589 0.239294 1.106912
v 0.598135 1.100353 1.017380
v 0.066000 0.701870 0.868596
v 0.477490 0.430760 0.051578
v 0.548946 1.185845 0.872269
v 0.892535 0.758326 0.074141
v 0.730621 0.131308 0.997819
v 0.855025 0.641570 1.196866
v 1.175278 0.391640 0.436517
v 0.549833 0.004772 0.563822
v 1.133381 0.292731 0.715232
v 0.704315 0.468784 1.203116
v 0.043417 0.503933 0.403567
v 0.431933 0.599572 1.206426
v 0.563469 0.007460 0.661438
v 0.159736 1.002782 0.548995
v 1.122451 0.344729 0.838504
v 0.578886 0.113329 0.262706
v 0.224175 1.069828 0.532058
v 0.920481 0.949976 0.187297
v 0.210028 1.045541 0.459497
v 1.200251 0.391106 0.627712
v 0.776234 1.233534 0.636723
v 0.956868 1.143174 0.699858
v 0.978934 0.501564 1.092612
v 0.948022 0.071862 0.754586
v 1.155344 0.395300 0.824473
v 0.042304 0.721683 0.789272
v 0.722887 0.964180 0.124315
v 0.873161 0.829061 1.162218
v 1.021408 1.096819 0.617851
v 1.034796 0.152973 0.644460
v 0.525194 1.118258 0.279303
v 0.957220 0.758355 0.115086
v 1.173081 0.408690 0.797332
v 0.807172 0.601749 0.031774
v 0.690991 1.080627 0.227090
v 0.356245 1.180480 0.577015
vn 0.7062 0.6073 -0.3639
vn -0.5494 -0.1644 -0.8192
vn -0.3378 -0.5630 0.7543
vn 0.9426 0.3289 0.0577
vn -0.2831 -0.9582 -0.0413
vn 0.9624 -0.2676 0.0473
vn -0.0685 -0.1602 0.9847
vn 0.8203 0.1868 -0.5405
vn 0.0005 -0.6590 -0.7522
vn -0.0088 -0.2263 0.9740
vn -0.9659 -0.2236 0.1303
vn 0.4257 -0.8232 -0.3757
vn 0.3376 0.1415 0.9306
vn 0.0645 -0.4212 0.9047
vn 0.6099 -0.7222 -0.3263
vn 0.0822 0.1003 0.9916
vn -0.6263 -0.5598 0.5425
vn -0.3317 -0.6052 0.7237
vn -0.5256 -0.7211 0.4514
vn 0.7141 -0.0122 -0.7000
vn 0.8805 -0.0683 0.4691
vn 0.7718 -0.5195 0.3667
vn -0.1531 -0.9730 -0.1726
vn -0.7248 0.2072 -0.6570
vn -0.8973 0.2874 0.3349
vn -0.6380 0.3222 -0.6994
vn 0.9204 -0.3864 0.0592
vn 0.7897 -0.6127 0.0294
vn -0.6626 0.3671 -0.6529
vn -0.6861 -0.7005 0.1963
vn -0.6191 0.5665 0.5438
vn -0.5454 -0.8139 -0.2001
vn -0.7149 0.6931 0.0925
vn 0.0595 0.9943 -0.0880
vn 0.0663 0.1236 -0.9901
vn -0.4805 0.4824 -0.7324
vn -0.7684 -0.0379 -0.6389
vn -0.1307 -0.9791 -0.1560
vn 0.2941 -0.6460 0.7044
vn 0.8893 -0.4002 0.2213
vn 0.9851 0.0414 -0.1669
vn -0.8951 0.0190 0.4455
vn 0.0660 -0.8144 -0.5765
vn -0.1910 -0.9395 0.2844
vn -0.5630 0.8217 0.0891
vn 0.7005 0.1025 -0.7062
vn -0.4928 -0.8239 -0.2799
vn -0.9237 -0.0709 -0.3766
vn 0.7844 0.5948 -0.1761
vn 0.0254 -0.1408 -0.9897
vn -0.8515 0.5071 -0.1331
vn -0.6591 0.2924 0.6929
vn 0.4417 -0.8329 -0.3335
vn -0.2814 -0.4747 0.8339
vn -0.0614 0.9124 -0.4047
vn 0.1026 -0.7775 -0.6205
vn 0.8457 -0.2017 -0.4940
vn -0.0307 -0.4944 -0.8687
vn 0.1984 0.8161 -0.5428
vn -0.9740 0.2105 -0.0836
vn -0.3206 -0.9076 0.2710
vn -0.4226 0.3720 -0.8264
vn -0.3222 0.7004 0.6369
vn 0.1982 0.1962 0.9603
vn 0.8479 0.4884 0.2060
vn -0.0727 -0.9942 0.0793
vn -0.5684 0.5656 0.5975
vn 0.4057 -0.8691 0.2831
vn -0.5210 -0.8281 -0.2072
vn 0.2004 0.9312 0.3044
vn 0.8313 -0.5521 0.0647
vn -0.5247 -0.4884 0.6973
vn 0.6796 0.6651 -0.3095
vn 0.6584 -0.5970 -0.4584
vn 0.9641 0.2565 0.0694
vn -0.5928 -0.2612 -0.7618
vn -0.2163 0.9739 -0.0685
vn 0.6331 0.3777 0.6756
vn 0.7137 -0.3736 0.5925
vn 0.3643 0.8379 0.4064
vn -0.9141 0.3760 -0.1520
vn -0.5627 -0.7667 0.3090
vn -0.3172 -0.0729 -0.9456
vn -0.2177 0.0116 -0.9759
vn 0.5252 -0.6607 -0.5362
vn 0.7050 -0.5519 -0.4454
vn -0.0353 -0.4679 -0.8831
vn -0.1955 -0.9531 0.2309
vn 0.4972 -0.8300 -0.2529
vn 0.6449 0.7309 -0.2234
vn 0.1796 0.0068 0.9837
vn -0.6305 -0.3345 -0.7004
vn 0.3282 0.8901 0.3161
vn -0.6683 0.6879 -0.2833
vn 0.1897 -0.2249 0.9557
vn -0.8335 0.3600 -0.4190
vn 0.3095 -0.6512 -0.6929
vn -0.2752 0.4711 -0.8380
vn 0.2438 -0.1412 0.9595
vn -0.7346 0.0910 0.6724
vn 0.6330 -0.6508 0.4192
vn 0.0281 0.9704 0.2397
vn -0.1084 -0.7766 0.6206
vn -0.0562 -0.3929 -0.9179
vn 0.7296 -0.6749 -0.1101
vn 0.8416 0.4877 0.2321
vn -0.6575 -0.6508 -0.3796
vn 0.6082 -0.7925 0.0465
vn 0.4410 -0.8945 -0.0737
vn -0.7219 0.1391 0.6779
vn -0.1180 -0.0062 -0.9930
vn 0.6343 0.5534 0.5398
vn 0.6559 0.7327 0.1814
vn -0.8583 0.4781 0.1862
vn -0.2598 0.3121 0.9138
vn -0.0438 -0.7258 -0.6865
vn 0.9700 -0.2337 0.0670
vn -0.1596 -0.9841 0.0779
vn -0.7248 0.2088 -0.6565
vn 0.7985 0.2095 -0.5644
vn 0.4302 0.6885 0.5839
vn 0.3153 -0.7007 -0.6400
vn -0.0080 0.9305 -0.3663
vn 0.2247 -0.5658 0.7933
vn -0.6972 -0.6766 -0.2370
vn 0.4928 0.3614 0.7915
vn 0.6248 0.6894 -0.3665
vn -0.9393 0.3428 -0.0130
vn -0.4006 0.1158 -0.9089
vn -0.4502 0.8278 0.3348
vn -0.5658 0.1869 0.8031
vn -0.4379 0.7526 -0.4918
vn -0.2990 -0.7249 0.6206
vn -0.9516 0.0250 -0.3064
vn 0.3038 0.9091 0.2850
vn -0.1351 0.6104 0.7805
vn -0.4114 0.8482 -0.3337
vn 0.6802 -0.0115 -0.7330
vn 0.5615 -0.3679 0.7412
vn 0.1659 -0.2006 0.9655
vn 0.1961 -0.3100 0.9303
vn -0.2377 -0.8999 -0.3655
vn -0.9757 0.1763 -0.1304
vn -0.2896 0.9375 -0.1929
vn -0.6112 0.1334 0.7802
vn 0.6555 -0.6404 0.4003
vn 0.9732 0.1675 0.1573
vn -0.9184 -0.0094 -0.3956
vn 0.1702 -0.9727 -0.1578
vn -0.9106 -0.1931 0.3653
vn -0.6447 -0.6635 0.3796
vn -0.9987 0.0050 -0.0501
vn 0.6589 -0.7310 0.1773
vn -0.4124 0.6740 0.6129
vn 0.4902 0.8164 0.3053
vn -0.0314 -0.6734 -0.7386
vn -0.3255 -0.3613 -0.8738
vn 0.6338 -0.4377 0.6377
vn -0.5211 -0.8162 -0.2494
vn 0.4203 -0.0787 -0.9040
vn 0.6814 -0.1311 -0.7200
vn 0.0854 -0.7190 -0.6897
vn -0.7577 -0.5774 -0.3042
vn 0.5510 0.7830 0.2886
vn 0.6256 0.4704 -0.6224
vn -0.9549 -0.0871 -0.2839
vn -0.9492 0.2347 0.2097
vn -0.3144 -0.9057 0.2843
vn 0.7335 0.5301 -0.4255
vn -0.6875 -0.6766 -0.2638
vn -0.0187 -0.9565 0.2910
vn 0.7642 0.5563 0.3265
vn -0.2657 -0.5648 0.7813
vn -0.5871 -0.7741 -0.2366
vn 0.2461 -0.7830 -0.5713
vn 0.2895 0.8091 -0.5114
vn 0.0280 -0.6932 -0.7202
vn -0.8457 -0.5292 -0.0687
vn 0.7065 0.6088 -0.3609
vn -0.7946 -0.1117 -0.5968
vn -0.7511 -0.0997 0.6526
vn 0.6347 0.7215 -0.2766
vn -0.8336 -0.0846 0.5459
vn 0.5216 0.8482 -0.0925
vn -0.6695 0.7107 0.2160
vn -0.4556 -0.2291 0.8602
vn -0.9989 -0.0059 0.0458
vn 0.2151 -0.9667 -0.1386
vn -0.6541 -0.0663 0.7535
vn -0.6771 0.0578 0.7337
vn 0.3998 -0.0613 -0.9146
vn -0.0399 -0.6624 -0.7481
vn -0.9934 0.0329 -0.1097
vn -0.6093 -0.7443 -0.2734
vn 0.0752 0.9704 0.2293
vn 0.7599 -0.5320 -0.3735
vn 0.6179 0.7230 0.3090
vn -0.8276 -0.1307 0.5460
vn 0.8589 0.3942 0.3271
vn 0.0051 -0.1508 0.9886
vn 0.0783 0.9614 -0.2637
vn -0.8841 -0.1845 0.4293
vn 0.2191 0.8998 0.3772
vn 0.2087 0.9770 0.0428
vn 0.1826 -0.2839 -0.9413
vn -0.5650 -0.5964 -0.5702
vn 0.3658 -0.9301 0.0317
vn -0.3690 -0.1824 -0.9113
vn -0.1614 -0.2977 0.9409
vn 0.4551 0.5423 0.7062
vn 0.6812 0.6780 -0.2760
vn 0.6660 -0.7110 -0.2256
vn -0.9909 0.1111 0.0766
vn -0.9969 0.0459 0.0636
vn -0.3842 -0.9155 0.1191
vn 0.2202 0.9436 0.2472
vn -0.4388 -0.4384 -0.7843
vn -0.9481 0.0017 -0.3180
vn -0.6838 -0.7050 -0.1880
vn -0.3140 -0.8520 0.4190
vn 0.3221 0.6114 -0.7228
vn -0.2220 0.1167 0.9680
vn 0.5328 -0.8183 -0.2157
vn 0.7513 0.6352 0.1794
vn 0.3873 0.9159 -0.1057
vn -0.9816 0.0729 -0.1763
vn -0.4260 0.3814 0.8204
vn -0.4985 -0.3997 0.7693
vn -0.9332 -0.3204 0.1629
vn -0.3469 -0.7287 -0.5905
vn 0.3158 0.7817 -0.5378
vn -0.5889 -0.5035 0.6322
vn 0.9965 0.0565 0.0615
vn 0.6254 0.7581 -0.1846
vn -0.4247 -0.5216 0.7399
vn -0.2559 -0.6703 0.6965
vn 0.9022 0.4241 0.0787
vn 0.5603 -0.1114 -0.8207
vn -0.6660 0.1958 -0.7198
vn -0.7840 0.3905 -0.4826
vn 0.2980 0.9424 -0.1520
vn -0.5318 0.7697 0.3532
vn 0.7375 0.5989 0.3120
vn -0.7241 -0.2501 0.6427
vn -0.5762 -0.4999 0.6466
vn 0.1363 -0.9186 0.3709
vn -0.7164 -0.0425 -0.6964
vn 0.5183 -0.7430 0.4234
vn -0.7629 0.5758 0.2941
vn -0.2510 0.8936 0.3720
vn -0.4435 0.0828 0.8924
vn 0.0857 -0.7891 -0.6083
vn 0.6675 0.7163 0.2033
vn 0.0339 -0.9833 0.1789
vn 0.8306 0.5325 -0.1631
vn -0.1165 -0.5673 -0.8153
vn -0.3236 -0.8865 0.3308
vn 0.7244 -0.0683 0.6860
vn -0.2725 -0.9124 0.3053
vn -0.9848 0.1354 -0.1087
vn -0.1249 -0.4525 -0.8830
vn -0.5146 -0.4639 0.7211
vn -0.2158 -0.4355 0.8739
vn 0.6713 0.6863 0.2799
vn -0.0062 -0.6947 -0.7193
vn -0.3790 0.4089 -0.8301
vn -0.5930 -0.7665 -0.2467
vn -0.8006 0.1154 0.5880
vn -0.8604 0.2288 -0.4553
vn 0.9045 -0.1253 -0.4077
vn 0.0023 -0.8090 -0.5878
vn 0.0921 -0.0092 -0.9957
vn 0.6523 0.4760 0.5899
vn 0.4434 0.8365 0.3219
vn 0.7462 -0.2721 -0.6076
vn -0.9179 0.3204 0.2342
vn -0.6578 0.0817 0.7488
vn -0.2172 0.2277 0.9492
vn 0.5541 0.8023 0.2219
vn 0.7027 0.7090 0.0591
vn -0.7141 -0.4766 -0.5128
vn -0.1067 -0.6886 -0.7172
vn 0.5181 0.7881 0.3324
vn 0.7580 -0.0835 -0.6469
vn 0.0402 0.9611 0.2732
vn 0.1196 0.9369 0.3285
vn 0.9228 0.0248 -0.3844
vn 0.2867 0.2013 0.9366
vn 0.6271 0.2204 -0.7471
vn 0.4572 0.7121 -0.5329
vn 0.5298 -0.2371 0.8143
vn 0.0035 0.6907 -0.7231
vn 0.5091 -0.2004 0.8370
vn 0.1572 -0.2925 -0.9432
vn 0.4042 -0.8258 0.3933
vn -0.5969 -0.6229 -0.5057
vn -0.0786 0.8976 -0.4337
vn 0.2859 0.9150 0.2847
vn 0.8056 -0.0969 -0.5844
vn 0.7029 -0.6962 -0.1456
vn -0.0351 -0.1770 -0.9836
vn -0.4437 0.0058 0.8962
vn 0.0265 0.6956 -0.7179
vn -0.9458 -0.0771 0.3155
vn 0.0697 -0.3579 -0.9311
vn -0.4281 -0.5286 0.7330
vn 0.0554 -0.2758 -0.9596
vn -0.2657 0.6856 0.6778
vn -0.2479 0.6701 0.6996
vn -0.9043 -0.0758 -0.4200
vn -0.3314 -0.1890 0.9244
vn -0.3162 0.1050 0.9429
vn -0.7410 0.6715 0.0037
vn -0.5255 0.6284 -0.5736
vn 0.8134 -0.5138 0.2729
vn -0.7946 0.5607 -0.2328
vn -0.0241 -0.9993 0.0281
vn -0.3468 -0.5282 -0.7750
vn 0.7021 -0.5779 0.4161
vn 0.0535 0.9838 -0.1713
vn -0.9463 0.3230 0.0125
vn 0.6540 0.5828 0.4824
vn 0.7487 0.5701 -0.3383
vn 0.9455 -0.2834 -0.1603
vn 0.5521 -0.1165 0.8256
vn -0.8449 -0.3367 0.4156
vn -0.0809 0.9769 0.1977
vn 0.7792 -0.2203 -0.5868
vn 0.3016 0.9124 0.2767
vn 0.5384 -0.5647 0.6255
vn -0.6970 -0.6734 0.2464
vn 0.0837 -0.0597 -0.9947
vn -0.1133 -0.6189 -0.7772
vn -0.1577 -0.9865 0.0441
vn -0.8106 0.4326 -0.3947
vn -0.8297 -0.1190 -0.5454
vn 0.1135 0.9152 0.3868
vn 0.9938 -0.1101 -0.0115
vn -0.7864 -0.4017 -0.4694
vn 0.5839 -0.6886 -0.4301
vn 0.4877 0.2593 0.8336
vn -0.0573 0.3408 0.9384
vn 0.7115 0.2129 0.6696
vn 0.7315 -0.3014 -0.6116
vn 0.3462 -0.6342 -0.6913
vn 0.2905 0.8031 -0.5203
vn 0.0978 -0.1094 -0.9892
vn 0.1149 -0.0493 -0.9921
vn 0.6727 -0.3357 -0.6594
vn -0.6961 0.5924 0.4056
vn 0.3255 0.3838 -0.8641
vn -0.5895 -0.1056 0.8008
vn 0.4124 -0.6222 0.6654
vn -0.1042 -0.6524 -0.7507
vn -0.6973 -0.5220 0.4911
vn -0.7467 -0.6392 -0.1840
vn -0.8756 0.0567 0.4797
vn 0.1228 -0.1358 0.9831
vn 0.1095 0.9865 -0.1216
vn 0.9385 0.0500 -0.3415
vn -0.8358 0.2582 -0.4845
vn 0.0734 -0.5224 -0.8495
vn -0.9420 0.3180 -0.1070
vn 0.7157 0.6005 -0.3567
vn -0.1466 -0.0930 0.9848
vn -0.1121 0.9732 0.2009
vn 0.2695 0.8985 0.3466
vn -0.0062 0.3300 0.9440
vn 0.2030 0.9581 0.2019
vn -0.3663 -0.3994 0.8404
vn 0.8946 -0.4249 -0.1384
vn 0.1651 -0.7512 -0.6391
vn -0.7658 -0.4871 0.4199
vn 0.9430 0.3220 0.0842
vn -0.5793 0.7593 0.2964
vn -0.0694 -0.4970 -0.8650
vn 0.4988 0.7719 -0.3941
vn -0.6905 0.1648 -0.7044
vn 0.2636 0.9154 0.3042
vn -0.6478 0.7178 -0.2551
vn 0.6819 -0.7265 0.0852
vn 0.0990 -0.9945 0.0344
vn -0.0252 -0.9992 0.0299
vn -0.6371 0.2438 0.7312
vn -0.0782 -0.4278 -0.9005
vn 0.6139 0.0234 -0.7890
vn 0.1453 0.8396 -0.5235
vn -0.0223 0.9991 -0.0350
vn -0.4769 -0.0680 0.8763
vn 0.6584 0.7235 0.2077
vn -0.2657 -0.4897 0.8304
vn -0.8112 0.3542 -0.4652
vn 0.4675 -0.6285 0.6217
vn -0.9245 0.3410 -0.1702
vn -0.7715 0.0781 -0.6314
vn -0.7243 0.1438 0.6743
vn -0.7658 0.0143 -0.6429
vn 0.7978 -0.5728 -0.1884
vn -0.9497 -0.2803 -0.1397
vn -0.1777 0.8569 -0.4839
vn 0.0321 -0.7995 -0.5998
vn 0.9172 -0.3983 0.0140
vn -0.9277 0.3629 -0.0881
vn -0.3079 0.8797 0.3625
vn -0.4732 -0.8222 0.3163
vn -0.5843 0.3484 0.7330
vn 0.4122 0.2695 0.8703
vn -0.9931 0.0003 -0.1175
vn 0.1541 -0.9871 0.0425
vn -0.1970 -0.1763 0.9644
vn 0.0240 -0.7659 -0.6425
vn -0.7003 0.6379 -0.3203
vn -0.8513 0.4858 0.1981
vn 0.7599 -0.5449 0.3544
vn -0.9831 0.1030 -0.1515
vn -0.1722 -0.2902 0.9414
vn 0.2901 0.9396 0.1814
vn -0.2026 -0.9077 0.3674
vn 0.1175 -0.8120 -0.5716
vn -0.1019 0.7894 0.6054
vn 0.1093 0.9921 0.0618
vn -0.9653 0.1077 -0.2377
vn -0.8285 0.0820 0.5539
vn 0.4069 0.7636 -0.5014
vn -0.2862 0.7970 -0.5319
vn 0.5373 0.3062 0.7859
vn 0.6512 0.2550 0.7148
vn -0.9171 0.2259 0.3285
vn -0.4514 -0.2312 0.8619
vn -0.9853 0.0602 -0.1596
vn -0.9783 0.0520 -0.2007
vn 0.5929 0.7916 0.1475
vn -0.9665 0.0366 -0.2541
vn -0.9544 -0.0148 -0.2980
vn -0.9328 0.3166 -0.1722
vn 0.5670 -0.1287 -0.8136
vn -0.4319 -0.3454 -0.8332
vn 0.1526 -0.8794 0.4510
vn -0.6603 -0.4234 -0.6202
vn 0.8983 0.4237 -0.1168
vn 0.1357 -0.9617 -0.2384
vn -0.1000 -0.7618 0.6401
vn -0.2313 -0.9626 -0.1408
vn 0.2177 0.7083 0.6715
vn -0.9781 -0.1998 0.0577
vn -0.9824 -0.1855 -0.0203
vn 0.6066 0.2626 -0.7504
vn 0.4992 0.0163 0.8663
vn -0.6671 0.6802 0.3039
vn -0.4165 0.3841 0.8240
vn -0.7798 0.3617 -0.5110
vn -0.4274 -0.4377 0.7910
vn -0.4234 -0.3700 -0.8270
vn -0.8707 -0.2881 -0.3986
vn 0.9821 -0.1755 0.0682
vn -0.7946 -0.5769 0.1893
vn -0.5835 0.4580 -0.6706
vn -0.8724 -0.4697 0.1351
vn 0.2609 0.6214 0.7388
vn 0.7846 -0.0884 0.6137
vn -0.9756 -0.0845 -0.2027
vn -0.4017 -0.5246 -0.7506
vn 0.0490 0.9530 -0.2988
vn 0.1965 -0.9778 -0.0734
vn -0.0201 -0.5544 -0.8320
vn -0.6999 -0.6181 -0.3578
vn -0.4462 0.7922 0.4164
vn 0.8367 0.5347 -0.1186
vn 0.7309 -0.6650 0.1537
vn -0.4025 0.8455 0.3508
vn 0.6969 0.7149 0.0561
vn 0.5724 0.8086 -0.1358
vn 0.0935 0.8485 0.5208
vn 0.4495 0.7671 0.4577
vn -0.8074 -0.4255 0.4087
vn 0.0042 -0.7514 0.6599
vn 0.2664 -0.8328 -0.4853
vn 0.1479 0.9889 -0.0141
vn -0.6441 -0.7363 -0.2073
vn -0.3640 0.3450 -0.8651
vn 0.2385 0.9029 0.3577
vn -0.6506 -0.5315 0.5425
vn -0.0450 -0.1574 -0.9865
vn -0.8106 0.3837 -0.4423
vn 0.0776 0.9536 0.2910
vn 0.7665 -0.5324 0.3591
vn 0.4257 0.7718 0.4725
vn -0.2354 0.9526 0.1927
vn -0.1687 0.9482 0.2693
vn 0.6773 -0.5841 0.4474
vn 0.6807 -0.5513 0.4824
vn -0.8278 -0.3244 0.4577
vn -0.2749 -0.8840 0.3782
vn 0.2161 0.9587 -0.1851
vn -0.2147 -0.9050 0.3673
vn -0.3483 0.2772 0.8954
vn -0.5537 0.8240 0.1201
vn -0.5603 0.6817 -0.4705
vn -0.9400 0.3383 -0.0443
vn 0.9309 -0.2735 -0.2419
vn -0.9782 0.1942 0.0732
vn -0.0117 -0.2409 -0.9705
vn 0.0164 -0.9397 -0.3417
vn -0.1377 -0.9621 0.2353
vn -0.9519 0.1455 0.2695
vn -0.6552 -0.3142 -0.6870
vn 0.0121 -0.7838 -0.6209
vn -0.2570 -0.6602 0.7058
vn -0.6248 -0.7097 0.3255
vn -0.3729 -0.8680 0.3279
vn -0.8129 -0.2986 0.5000
vn -0.7969 0.0350 -0.6031
vn 0.5361 -0.0040 -0.8441
vn 0.4399 -0.8863 -0.1447
vn 0.5946 -0.0820 -0.7998
vn 0.7582 0.4968 -0.4223
vn -0.1618 0.9845 0.0677
vn -0.4555 0.8759 -0.1587
vn 0.6589 0.5087 -0.5541
vn -0.0214 -0.6663 -0.7454
vn 0.2409 0.9400 -0.2415
vn 0.2195 0.9545 -0.2018
vn 0.1799 0.7768 -0.6035
vn 0.5842 0.7785 0.2296
vn -0.5552 -0.0031 0.8317
vn -0.4233 -0.0867 0.9018
vn -0.4296 -0.5553 -0.7120
vn 0.3797 0.8172 0.4336
vn -0.3399 -0.4827 0.8071
vn -0.1986 -0.8846 0.4220
vn -0.8761 0.4762 -0.0756
vn -0.2818 -0.0361 -0.9588
vn -0.6882 0.7153 -0.1216
vn 0.0137 -0.6461 -0.7631
vn 0.1787 -0.7600 -0.6249
vn 0.2384 -0.5768 0.7813
vn 0.4874 -0.2228 -0.8442
vn 0.8714 -0.0156 -0.4903
vn 0.1093 0.9767 0.1845
vn 0.6939 -0.6931 -0.1950
vn -0.0193 -0.7046 -0.7093
vn -0.9727 0.1386 -0.1862
vn -0.8956 -0.0733 -0.4387
vn 0.6375 0.7388 0.2184
vn -0.3780 0.1376 -0.9155
vn -0.9377 -0.3391 -0.0757
vn 0.5985 -0.3315 -0.7293
vn 0.3618 -0.0504 -0.9309
vn -0.8049 0.3649 -0.4679
vn -0.7870 -0.1140 -0.6063
vn 0.3327 -0.9031 0.2715
vn -0.2563 -0.6086 -0.7510
vn 0.1864 -0.2885 -0.9392
vn -0.6844 0.1012 0.7221
vn 0.1347 -0.9447 0.2989
vn 0.5522 -0.5302 -0.6434
vn -0.2796 -0.6001 0.7494
vn 0.4674 0.3715 0.8022
vn 0.3204 0.8709 0.3726
vn -0.5534 -0.8329 -0.0082
vn 0.0580 -0.2883 -0.9558
vn -0.8271 0.5075 -0.2413
vn -0.5398 0.2911 -0.7899
vn -0.5890 0.4053 0.6991
vn 0.5063 0.4830 0.7144
vn -0.8166 -0.3126 -0.4853
vn 0.9284 0.3354 -0.1599
vn -0.1605 0.9840 0.0767
vn 0.5571 -0.6580 0.5067
vn 0.2212 0.9686 0.1139
vn 0.1888 -0.2375 -0.9529
vn 0.4750 -0.5927 -0.6505
vn -0.9879 0.0267 -0.1526
vn 0.4780 -0.2479 -0.8427
vn 0.5337 -0.2451 -0.8093
vn -0.6775 -0.1526 0.7195
vn 0.6183 0.0195 -0.7857
vn 0.4793 -0.1716 -0.8607
vn 0.2210 0.9606 -0.1683
vn 0.1286 -0.5792 0.8050
vn 0.6858 0.6397 -0.3471
vn 0.6726 -0.1865 0.7161
vn 0.4892 -0.1650 0.8564
vn 0.7727 0.5621 0.2950
vn 0.6862 0.6056 0.4030
vn -0.5515 0.8334 0.0364
vn -0.3410 0.4074 0.8472
vn 0.1051 0.8360 -0.5385
vn 0.2443 0.8581 0.4517
vn 0.7672 0.1396 -0.6261
vn 0.8597 -0.2157 -0.4630
vn -0.1981 -0.8760 0.4398
vn -0.7906 0.0396 -0.6111
vn -0.6676 0.2263 -0.7093
vn -0.5265 -0.5309 0.6641
vn 0.7836 -0.5810 0.2198
vn 0.9926 0.0121 -0.1205
vn 0.4282 -0.1728 -0.8870
vn -0.6458 0.2352 -0.7263
vn 0.1735 0.0904 0.9807
vn 0.8483 0.4546 0.2715
vn -0.2180 -0.7630 0.6086
vn 0.7951 -0.4472 0.4097
vn -0.7506 -0.5083 -0.4222
vn -0.6340 0.6610 -0.4014
vn 0.7991 -0.2653 -0.5395
vn -0.9776 0.1508 0.1467
vn -0.4271 -0.5231 0.7375
vn -0.2149 -0.4525 0.8655
vn -0.4465 0.0182 0.8946
vn 0.4561 -0.8810 -0.1261
vn -0.2284 -0.1297 0.9649
vn 0.1032 -0.0701 -0.9922
vn 0.0248 0.9569 0.2894
vn -0.6963 0.6117 -0.3754
vn 0.8163 -0.5712 0.0858
vn 0.8297 -0.4221 -0.3653
vn -0.9287 0.3654 0.0637
vn 0.2045 -0.0085 -0.9788
vn 0.4409 -0.8770 0.1910
vn 0.4106 0.9113 0.0291
vn -0.3035 -0.7792 0.5483
vn 0.5556 -0.1493 -0.8179
vn -0.6995 -0.6440 0.3097
vn -0.6686 -0.6740 0.3142
vn 0.7530 -0.5911 0.2891
vn 0.7031 -0.4367 0.5612
vn 0.2678 -0.9625 -0.0436
vn 0.7298 0.2011 -0.6534
vn 0.6521 0.7029 0.2841
vn -0.0710 -0.3972 -0.9150
vn 0.4013 0.7861 0.4701
vn -0.0623 0.6698 0.7399
vn 0.7177 0.5666 -0.4048
vn 0.3220 -0.9133 0.2496
vn 0.6890 -0.7158 -0.1137
vn 0.3413 0.1826 0.9220
vn -0.0607 -0.9874 -0.1460
vn 0.6239 0.6914 -0.3643
vn -0.8806 0.4192 0.2209
vn -0.1327 -0.2468 0.9599
vn 0.7243 -0.0931 -0.6832
vn -0.3221 -0.4794 0.8164
vn -0.4048 -0.3423 -0.8479
vn -0.6138 0.5894 0.5252
vn -0.9262 -0.3575 0.1193
vn 0.0375 -0.6090 -0.7923
vn -0.1316 0.4562 -0.8801
vn 0.3704 0.2073 -0.9055
vn -0.0616 0.9952 0.0767
vn -0.9529 -0.1433 -0.2673
vn 0.6991 -0.7039 -0.1252
vn -0.6697 0.6130 0.4192
vn -0.9050 0.3138 0.2873
vn 0.6158 -0.0802 -0.7838
vn 0.7316 -0.2755 -0.6236
vn 0.0625 0.7519 0.6563
vn 0.7537 0.6500 -0.0973
vn -0.2242 -0.9000 -0.3738
vn -0.8312 -0.5048 0.2329
vn 0.8061 -0.3356 -0.4875
vn -0.3113 0.7997 -0.5135
vn -0.1984 -0.3914 0.8986
vn 0.5410 -0.7080 -0.4539
vn 0.2060 0.1855 0.9608
vn 0.7420 0.3676 -0.5607
vn 0.7900 0.5853 -0.1826
vn -0.9436 0.3255 0.0601
vn 0.2973 -0.3399 0.8922
vn 0.4692 0.3976 0.7885
vn 0.5272 -0.7536 -0.3925
vn 0.0118 0.8576 0.5142
vn 0.8239 -0.5666 -0.0131
vn 0.1500 0.2220 0.9635
vn 0.7640 0.4415 -0.4705
vn 0.4148 -0.9062 -0.0820
vn -0.6816 0.2702 -0.6800
vn -0.5877 -0.7707 -0.2462
vn -0.9079 -0.0996 -0.4072
vn -0.5568 0.4482 0.6993
vn -0.1985 0.5092 0.8374
vn 0.1475 0.4798 0.8649
vn -0.8245 0.0481 0.5638
vn 0.3998 0.8639 0.3063
vn 0.7176 -0.6744 -0.1738
vn 0.0853 0.9240 0.3728
vn -0.2342 -0.5052 0.8306
vn -0.1937 -0.5946 -0.7804
vn -0.3190 0.1599 0.9342
vn 0.4984 -0.0492 0.8656
vn 0.2888 -0.4553 -0.8422
vn 0.9990 -0.0385 0.0222
vn 0.4720 0.8579 -0.2033
vn -0.2225 0.5661 -0.7937
vn -0.5080 0.4604 -0.7280
vn -0.8432 -0.5334 0.0672
vn 0.3927 -0.7016 0.5946
vn 0.0064 -0.2897 0.9571
vn -0.2831 0.8263 -0.4869
vn 0.0447 0.7650 -0.6425
vn 0.7648 -0.1628 -0.6234
vn 0.1236 0.3967 -0.9096
vn 0.0188 -0.9976 0.0664
vn 0.1329 -0.8113 -0.5693
vn -0.6742 -0.5040 0.5398
vn 0.3537 -0.0197 -0.9351
vn -0.3478 0.1971 0.9166
vn -0.7242 0.1127 0.6803
vn -0.8872 0.4246 -0.1808
vn 0.0383 -0.1232 -0.9916
vn -0.0440 0.6298 0.7755
vn 0.8685 -0.4668 0.1665
vn 0.9122 0.3407 0.2277
vn -0.0153 0.6233 -0.7818
vn -0.8606 0.4871 -0.1489
vn 0.1169 0.9919 -0.0497
vn 0.5737 0.3091 -0.7585
vn -0.9115 0.2243 0.3447
vn -0.0486 0.0368 -0.9981
vn 0.2675 -0.9342 -0.2359
vn 0.2622 -0.9009 0.3458
vn 0.2886 -0.0053 -0.9574
vn 0.8814 -0.1726 0.4396
vn -0.0294 -0.5869 -0.8092
vn -0.4517 -0.5498 -0.7026
vn 0.7186 -0.6279 0.2989
vn -0.5783 -0.7696 -0.2707
vn 0.4843 0.6753 -0.5562
vn -0.8504 -0.1624 -0.5004
vn -0.1287 -0.7787 -0.6140
vn 0.6659 -0.3866 -0.6380
vn 0.1837 -0.2676 -0.9459
vn 0.0877 0.9583 0.2721
vn 0.0617 0.0321 0.9976
vn -0.9863 0.0844 0.1419
vn -0.8729 0.2779 -0.4010
vn 0.6259 0.6773 0.3868
vn -0.8256 -0.4077 0.3901
vn -0.4473 -0.4398 0.7788
vn -0.5350 0.4149 -0.7359
vn -0.8884 0.0406 0.4574
vn -0.6737 0.7333 -0.0915
vn -0.1703 0.8406 -0.5142
vn -0.8533 -0.5213 -0.0097
vn 0.7384 -0.3310 -0.5875
vn -0.5039 -0.8583 0.0973
vn -0.7655 -0.3976 -0.5059
vn -0.4528 0.8515 0.2645
vn -0.5571 -0.1721 -0.8124
vn -0.4437 0.2108 0.8710
vn 0.3937 -0.8886 -0.2352
vn -0.0720 0.4115 0.9086
vn -0.0837 -0.0726 0.9938
vn -0.0370 -0.6132 -0.7891
vn 0.6377 -0.6684 -0.3828
vn 0.9788 0.1822 0.0933
vn -0.3756 -0.8737 0.3090
vn -0.3667 -0.8805 0.3003
vn 0.4825 -0.1494 -0.8631
vn -0.1580 -0.9119 0.3787
vn -0.2928 0.6842 0.6680
vn 0.0299 0.9229 -0.3838
vn 0.7640 -0.2792 0.5817
vn -0.2124 -0.6227 -0.7530
vn 0.4043 0.1490 0.9024
vn 0.7206 -0.0993 -0.6862
vn -0.0203 -0.4989 -0.8664
vn 0.3164 -0.6184 0.7194
vn -0.4402 0.6145 0.6547
vn 0.2241 -0.7520 -0.6199
vn 0.2694 -0.1891 -0.9443
vn 0.7558 0.6337 0.1647
vn -0.1153 -0.7219 -0.6824
vn -0.9099 0.0478 0.4121
vn 0.9880 -0.0512 0.1459
vn 0.9793 0.0889 -0.1820
vn 0.3803 0.8976 -0.2229
vn 0.0215 0.6580 0.7527
vn 0.3643 0.9220 -0.1315
vn -0.8949 0.3726 -0.2457
vn -0.9438 0.3303 -0.0120
vn -0.2498 0.9103 0.3302
vn -0.7012 0.7009 -0.1302
vn 0.3236 0.2509 0.9123
vn -0.5142 -0.5619 0.6480
vn 0.7813 0.0793 0.6191
vn -0.9107 -0.0290 -0.4121
vn 0.6860 -0.1362 -0.7147
vn -0.8148 -0.1514 0.5596
vn 0.2045 -0.3860 -0.8996
vn 0.2090 -0.4503 -0.8681
vn 0.6986 -0.5665 -0.4372
vn -0.0868 -0.7073 -0.7016
vn -0.8383 0.2567 -0.4810
vn -0.2338 -0.6900 0.6850
vn -0.5283 0.4266 -0.7341
vn -0.5852 -0.6828 -0.4374
vn 0.6158 0.6132 -0.4948
vn 0.6305 -0.0086 -0.7761
vn -0.1175 0.7925 0.5984
vn -0.8837 0.3806 -0.2724
vn 0.8267 -0.5624 -0.0171
vn -0.4291 -0.2975 0.8528
vn 0.4012 -0.6247 -0.6699
vn -0.0101 0.1581 -0.9874
vn 0.7106 0.6660 -0.2271
vn 0.6089 -0.6637 -0.4344
vn 0.2240 -0.0454 0.9735
vn 0.1025 0.9887 -0.1097
vn 0.6476 -0.4652 0.6035
vn -0.3198 -0.4817 0.8159
vn 0.8365 -0.1103 -0.5367
vn 0.9327 0.1374 0.3335
vn 0.4455 -0.8402 0.3091
vn 0.4310 -0.8773 0.2113
vn -0.9687 -0.0245 -0.2471
vn -0.2308 -0.9577 0.1718
vn -0.6795 -0.2927 0.6727
vn -0.7785 0.3654 -0.5103
vn -0.7016 0.0987 -0.7057
vn 0.0591 -0.5554 -0.8295
vn -0.9787 0.0638 0.1952
vn 0.0687 -0.5411 -0.8382
vn 0.0304 -0.4232 -0.9055
vn -0.8377 -0.0214 0.5458
vn 0.7067 -0.4603 0.5373
vn -0.3334 0.9427 -0.0096
vn -0.9510 -0.2965 -0.0877
vn 0.9813 0.0077 -0.1923
vn 0.8801 0.2388 -0.4105
vn 0.8424 0.4629 -0.2759
vn -0.0553 0.9772 -0.2051
vn -0.5466 -0.8134 -0.1991
vn 0.9348 0.0052 -0.3551
vn -0.1143 -0.2909 0.9499
vn 0.2276 -0.0842 0.9701
vn 0.2639 -0.9565 -0.1240
vn -0.3853 0.4533 -0.8038
vn -0.6236 0.7789 0.0663
vn -0.0482 0.9916 -0.1198
vn -0.2198 0.3320 0.9173
vn 0.0140 -0.1049 0.9944
vn 0.2241 -0.5415 -0.8103
vn -0.8798 0.1927 0.4345
vn 0.7745 -0.5328 0.3410
vn -0.2790 -0.9254 0.2566
vn 0.8962 0.4392 -0.0632
vn 0.8052 0.5527 0.2151
vn 0.0515 0.9589 0.2790
vn 0.7402 0.6362 -0.2179
vn -0.2976 -0.7276 0.6181
vn 0.7842 -0.5137 -0.3480
vn -0.5088 0.5517 -0.6609
vn 0.0365 -0.4344 -0.9000
vn 0.2749 0.7250 -0.6315
vn 0.6209 0.7255 -0.2969
vn 0.6674 0.0613 -0.7422
vn 0.6394 -0.7297 -0.2422
vn 0.6527 -0.2438 0.7174
vn -0.9333 -0.3461 0.0955
vn 0.8097 0.4743 0.3456
vn -0.0676 -0.5181 -0.8526
vn 0.7181 -0.5112 -0.4723
vn 0.1179 -0.7953 -0.5946
vn -0.8708 0.1503 -0.4680
vn -0.2796 -0.7792 0.5610
vn 0.2612 -0.8779 0.4013
vn 0.2697 -0.8789 0.3935
vn -0.4137 0.6340 -0.6534
vn -0.8677 0.4695 -0.1635
vn 0.7199 0.6127 0.3261
vn -0.9824 0.0882 0.1647
vn 0.7247 0.6573 -0.2068
vn 0.2199 0.8950 0.3881
vn 0.6421 -0.5994 -0.4779
vn -0.6750 0.1485 0.7227
vn 0.9698 0.2133 0.1179
vn 0.1054 -0.9284 0.3564
vn 0.5745 -0.7950 -0.1949
vn -0.7795 0.3666 -0.5079
vn -0.2350 -0.1195 0.9646
vn -0.4622 0.3725 -0.8048
vn -0.3155 -0.6141 0.7234
vn -0.9234 -0.2504 -0.2909
vn -0.6318 -0.2405 0.7369
vn -0.9530 -0.3028 0.0035
vn 0.9182 -0.3931 -0.0490
vn -0.8958 0.0208 0.4439
vn -0.5135 0.5793 0.6331
vn 0.8112 0.1578 0.5630
vn -0.0428 -0.9539 0.2970
vn -0.9336 0.3109 0.1782
vn -0.9848 0.0346 -0.1701
vn 0.3380 0.8468 0.4107
vn 0.1446 -0.2593 -0.9549
vn 0.1356 -0.4738 -0.8701
vn -0.3491 -0.6201 0.7026
vn 0.7819 -0.1189 -0.6119
vn -0.6808 0.6778 -0.2778
vn -0.6476 -0.3065 -0.6976
vn -0.7770 -0.0176 0.6292
vn 0.0220 -0.4091 -0.9122
vn -0.3879 -0.3504 0.8525
vn -0.2205 0.7491 0.6246
vn -0.9306 -0.0409 0.3637
vn 0.3084 -0.7563 0.5770
vn 0.3615 -0.4497 -0.8168
vn -0.7354 0.6726 -0.0821
vn 0.0428 -0.6724 -0.7390
vn 0.1601 0.5465 -0.8220
vn -0.4744 -0.8229 -0.3126
vn -0.7105 -0.5609 0.4249
vn -0.1732 0.9315 0.3198
vn -0.8984 -0.4183 -0.1337
vn -0.5641 0.0437 0.8246
vn -0.6040 0.1931 0.7733
vn -0.9551 0.2903 -0.0589
vn 0.1683 0.3130 -0.9347
vn 0.0825 0.6120 -0.7865
vn 0.2413 0.0001 -0.9704
vn -0.0323 -0.2052 -0.9782
vn 0.2871 0.8699 0.4010
vn 0.8048 -0.2102 -0.5550
vn -0.5269 -0.7485 -0.4027
vn -0.9391 -0.2493 0.2366
vn -0.4253 -0.4189 -0.8023
vn -0.6101 0.7922 -0.0118
vn 0.4482 0.3168 -0.8359
vn 0.7748 0.0013 -0.6322
vn -0.6525 -0.6561 -0.3792
vn -0.4830 0.6090 -0.6291
vn 0.7865 -0.5366 0.3059
vn -0.6733 -0.7380 -0.0448
vn 0.5676 -0.7463 0.3476
vn -0.4970 -0.8662 0.0527
vn 0.4216 -0.2084 0.8825
vn 0.4025 -0.7177 -0.5682
vn -0.5428 0.1224 0.8309
vn -0.0264 0.9227 -0.3846
vn 0.1423 -0.9228 0.3581
vn -0.9597 0.1762 -0.2188
vn -0.6584 0.0008 -0.7527
vn 0.5852 0.0367 -0.8101
vn -0.3421 0.6456 0.6828
vn 0.9276 0.3498 0.1315
vn 0.0363 0.9546 -0.2958
vn 0.5686 0.7594 0.3162
vn 0.0687 -0.9972 -0.0291
vn 0.6592 0.7499 0.0550
vn 0.4381 -0.0890 0.8945
vn -0.5603 0.7415 0.3691
vn 0.5795 0.3154 -0.7515
vn 0.0259 0.8008 -0.5983
vn 0.5081 0.8203 0.2624
vn -0.8562 -0.0334 -0.5156
vn 0.0684 0.9024 -0.4254
vn -0.2392 -0.0708 0.9684
vn 0.4348 0.8211 -0.3698
vn -0.7765 0.4163 -0.4730
vn -0.3581 -0.3365 0.8709
vn -0.8864 0.4264 -0.1804
vn 0.5522 0.7977 0.2426
vn 0.0427 -0.2060 -0.9776
vn -0.4739 0.6421 -0.6026
vn -0.6925 0.5124 -0.5078
vn -0.4338 -0.8395 -0.3271
vn -0.9694 0.2268 0.0936
vn -0.7597 -0.2702 0.5915
vn -0.6437 0.7377 -0.2036
vn -0.4208 -0.8903 -0.1741
vn 0.6215 -0.6319 -0.4631
vn 0.5263 0.8441 -0.1027
vn 0.6046 -0.0700 0.7935
vn 0.3472 -0.5290 0.7744
vn -0.5424 0.8258 0.1544
vn 0.2108 -0.6255 -0.7512
vn -0.1112 -0.8841 0.4539
vn 0.6710 -0.1428 0.7276
vn -0.0930 -0.9692 -0.2279
vn 0.1748 -0.9784 -0.1104
vn -0.1969 0.4914 -0.8484
vn 0.3199 -0.4569 -0.8300
vn 0.3972 0.6283 0.6689
vn -0.2600 -0.6325 0.7296
vn -0.7152 0.2930 -0.6345
vn -0.0622 -0.6995 -0.7120
vn 0.0800 0.6658 -0.7418
vn 0.1911 0.7044 -0.6836
vn -0.5861 0.7591 -0.2833
vn 0.1000 -0.8827 0.4592
vn -0.9497 0.0050 -0.3131
vn 0.2413 0.7851 -0.5705
vn -0.1965 -0.5064 0.8396
vn 0.4127 0.8353 0.3633
vn 0.3011 -0.2234 0.9270
vn -0.5184 0.8093 0.2763
vn 0.7071 0.6564 -0.2629
vn -0.0274 0.9982 -0.0530
vn -0.4379 -0.4254 -0.7920
vn -0.4857 0.6519 -0.5824
vn 0.4431 0.8753 0.1936
vn -0.9842 -0.1764 -0.0131
vn 0.3685 0.8330 0.4126
vn -0.2590 -0.2166 0.9413
vn -0.1110 0.9757 0.1890
vn 0.8092 0.0201 -0.5872
vn -0.6432 -0.7325 -0.2232
vn -0.8189 0.2775 -0.5024
vn 0.6336 -0.4901 0.5986
vn -0.6084 -0.7534 -0.2495
vn -0.6640 0.5877 -0.4622
vn 0.1073 0.8698 0.4815
vn 0.0050 0.3154 0.9490
vn -0.5162 -0.8465 -0.1302
vn 0.3216 -0.2433 -0.9151
vn 0.8694 -0.4281 0.2469
vn 0.5501 -0.7527 0.3617
vn 0.9282 -0.2692 -0.2569
vn 0.6773 -0.5606 -0.4764
vn -0.7724 -0.3626 -0.5215
vn 0.1559 -0.9707 -0.1829
vn 0.0715 -0.6122 -0.7874
vn -0.6351 -0.2777 -0.7208
vn -0.7350 0.6730 0.0833
vn 0.5996 -0.5903 -0.5404
vn 0.5925 -0.3470 -0.7270
vn -0.7581 0.1483 0.6350
vn -0.2549 -0.1666 -0.9525
vn 0.3103 0.8874 0.3410
vn -0.5973 -0.7747 -0.2075
vn -0.0734 0.4101 0.9091
vn 0.3598 0.7992 0.4816
vn 0.7174 -0.0449 -0.6952
vn 0.9319 0.3448 0.1128
vn -0.1059 -0.9766 -0.1874
vn 0.3675 0.8450 0.3886
vn -0.3267 -0.3869 0.8623
vn -0.7195 -0.3067 -0.6230
vn -0.2222 0.0906 -0.9708
vn -0.9183 -0.1667 -0.3590
vn 0.9225 0.1092 0.3703
vn -0.0366 0.8045 0.5928
vn 0.1083 -0.4682 0.8770
vn 0.7785 0.5824 0.2339
vn 0.5131 0.6552 0.5544
vn -0.8237 -0.1953 -0.5324
vn 0.8553 -0.5079 0.1025
vn -0.6619 0.6917 -0.2889
vn -0.9179 0.3920 -0.0622
vn -0.8221 0.0694 0.5651
vn 0.9133 -0.4069 -0.0166
vn -0.8751 -0.4769 -0.0821
vn -0.6541 -0.5514 0.5178
vn 0.5797 -0.0584 -0.8127
vn -0.4010 0.6737 -0.6207
vn 0.1765 -0.0604 0.9825
vn -0.3475 -0.2166 0.9123
vn 0.0365 -0.2723 -0.9615
vn 0.9528 -0.3002 0.0444
vn -0.6601 -0.7051 0.2590
vn 0.7027 -0.5552 -0.4449
vn -0.9872 0.1569 -0.0300
vn 0.1037 -0.0711 -0.9921
vn 0.7228 0.6853 0.0894
vn 0.2274 0.1265 -0.9656
vn -0.3915 -0.7782 0.4910
vn -0.6903 0.7107 -0.1356
vn 0.7184 0.4831 0.5005
vn 0.5944 -0.7381 -0.3191
vn -0.4879 0.6046 -0.6296
vn -0.0388 -0.4790 -0.8770
vn -0.9786 0.0339 -0.2027
vn -0.9829 -0.1833 -0.0200
vn -0.6185 -0.5337 -0.5767
vn -0.4609 -0.0089 0.8874
vn 0.9788 0.1825 0.0932
vn 0.7303 -0.6145 0.2984
vn 0.5136 -0.7949 0.3230
vn 0.0492 -0.2333 0.9712
vn 0.6921 0.7144 0.1028
vn 0.6127 0.7548 0.2341
vn -0.5961 0.7707 0.2254
vn -0.2332 -0.2304 -0.9447
vn 0.6155 -0.6421 -0.4570
vn -0.7624 0.6055 -0.2283
vn -0.0019 -0.8191 -0.5737
vn -0.4864 -0.4328 -0.7590
vn 0.6145 0.2412 0.7511
vn 0.6650 -0.5262 -0.5300
vn 0.3786 -0.6836 -0.6239
vn -0.4593 -0.7096 0.5343
vn 0.1353 -0.8303 -0.5407
vn 0.0445 -0.7727 -0.6332
vn 0.7004 0.7134 0.0207
vn -0.8599 0.4759 -0.1845
vn -0.5801 -0.5540 0.5972
vn 0.7298 0.6826 -0.0385
vn 0.0945 -0.5690 0.8169
vn 0.6015 -0.0705 -0.7958
vn 0.2575 0.9633 0.0753
vn -0.2038 -0.6037 0.7707
vn -0.2129 -0.3184 -0.9238
vn -0.0907 0.9914 0.0948
vn -0.5849 0.2878 -0.7583
vn -0.7177 -0.5846 -0.3784
vn -0.5993 0.5052 0.6210
vn -0.1123 0.9869 0.1160
vn 0.7607 0.3262 0.5612
vn 0.7582 0.5179 -0.3961
vn 0.0702 -0.9849 0.1580
vn -0.5223 0.5101 -0.6834
vn 0.9830 -0.1819 -0.0258
vn -0.6216 0.5240 0.5822
vn 0.7069 0.6689 0.2299
vn -0.1291 0.8298 0.5429
vn -0.7780 -0.3887 -0.4936
vn -0.2993 -0.7826 0.5459
vn -0.4288 -0.4469 0.7851
vn -0.2362 -0.0953 0.9670
vn 0.0142 0.9880 -0.1539
vn -0.2422 -0.9403 -0.2393
vn -0.0133 0.4187 0.9080
vn -0.6846 0.6369 -0.3544
vn 0.9834 -0.0933 0.1554
vn -0.2849 0.6625 -0.6927
vn -0.8950 -0.3829 -0.2288
vn -0.7238 0.4566 -0.5173
vn 0.0444 -0.2133 0.9760
vn -0.8378 0.0306 0.5450
vn 0.1599 -0.4387 -0.8843
vn 0.0666 -0.0297 -0.9973
vn 0.1931 -0.9798 0.0524
vn 0.8075 -0.5644 0.1713
vn -0.1106 -0.9833 -0.1443
vn -0.3122 -0.5832 0.7500
vn 0.3660 0.7754 -0.5146
vn 0.3777 -0.9187 -0.1154
vn 0.9401 0.3098 -0.1424
vn 0.9948 -0.1020 -0.0046
vn -0.1526 -0.3302 -0.9315
vn 0.6269 -0.5427 0.5590
vn -0.5255 0.7931 -0.3079
vn -0.5290 0.6224 -0.5768
vn -0.7860 -0.5137 -0.3440
vn -0.4223 0.7446 0.5169
vn -0.2980 -0.7240 0.6221
vn -0.6417 -0.5398 0.5448
vn -0.3913 -0.6779 -0.6224
vn 0.5337 0.4294 0.7285
vn -0.0946 0.9926 0.0756
vn -0.7178 0.6166 0.3234
vn 0.8596 -0.4783 0.1800
vn 0.8985 -0.4027 -0.1748
vn -0.7021 -0.2064 0.6815
vn -0.9221 0.3731 -0.1024
vn 0.1385 -0.0490 0.9891
vn -0.5366 0.5120 -0.6708
vn 0.3359 -0.2004 -0.9203
vn -0.8378 0.2610 -0.4795
vn -0.3026 0.3736 -0.8769
vn 0.8683 -0.4313 0.2451
vn 0.7705 -0.6086 0.1897
vn 0.2528 -0.5713 0.7808
vn -0.0426 -0.4934 -0.8687
vn -0.9557 -0.0818 -0.2828
vn -0.5463 -0.5337 0.6455
vn -0.3212 -0.6309 0.7063
vn -0.7532 0.6480 -0.1133
vn 0.0827 -0.9804 0.1790
vn -0.0477 -0.9065 0.4195
vn 0.0396 -0.5663 0.8232
vn 0.5968 -0.5404 0.5932
vn 0.1697 -0.0479 -0.9843
vn 0.1983 -0.2364 -0.9512
vn 0.5022 -0.8032 -0.3203
vn -0.5479 -0.6197 -0.5619
vn 0.4560 -0.0624 -0.8878
vn -0.6323 0.5823 0.5110
vn 0.2662 0.9025 0.3385
vn 0.3592 0.0320 -0.9327
vn -0.4766 0.4396 -0.7613
vn 0.0948 0.9413 -0.3240
vn -0.1084 0.8943 -0.4341
vn 0.2994 -0.7767 -0.5542
vn 0.3070 0.8199 -0.4833
vn -0.8961 -0.0452 -0.4416
vn 0.0925 -0.2795 -0.9557
vn 0.0038 -0.9714 0.2374
vn -0.7657 0.0231 0.6428
vn 0.5850 -0.6234 -0.5188
vn -0.1789 0.8439 -0.5058
vn -0.4671 0.6636 -0.5844
vn -0.7759 0.6305 0.0206
vn -0.3615 0.2409 0.9007
vn 0.1146 0.9152 0.3863
vn 0.0657 0.6481 -0.7587
vn -0.6865 0.7166 -0.1234
vn -0.1574 -0.5362 0.8293
vn -0.4779 -0.8424 -0.2489
vn 0.0856 -0.9555 0.2823
vn -0.2289 -0.2505 0.9407
vn -0.0299 -0.7738 -0.6327
vn 0.8795 -0.4040 0.2515
vn -0.3596 -0.1782 0.9159
vn 0.5426 0.7821 0.3064
vn 0.2895 0.2058 -0.9348
vn 0.2969 -0.1782 -0.9381
vn -0.2354 0.2785 0.9312
vn -0.7856 -0.5256 -0.3264
vn -0.5910 -0.8055 0.0427
vn 0.0575 -0.2342 -0.9705
vn -0.8163 -0.5526 0.1685
vn 0.6964 -0.3466 -0.6284
vn 0.0491 -0.8706 0.4896
vn -0.5686 0.5934 0.5697
vn 0.9301 -0.3607 -0.0696
vn -0.7158 -0.0416 -0.6970
vn 0.0466 -0.8047 -0.5918
vn -0.7329 -0.6449 -0.2167
vn -0.5472 -0.8006 -0.2441
vn -0.5413 -0.2360 -0.8070
vn -0.9157 -0.3870 -0.1081
vn 0.7150 0.6984 0.0326
vn 0.6780 0.7322 0.0653
vn 0.4473 0.4535 0.7709
vn 0.2651 0.0990 0.9591
vn 0.9604 -0.0023 -0.2786
vn 0.5697 0.2198 0.7919
vn -0.8179 0.3770 -0.4347
vn -0.6365 0.1495 -0.7567
vn 0.2350 -0.9413 0.2422
vn -0.4626 0.6351 -0.6186
vn -0.7238 -0.5544 0.4109
vn 0.8303 -0.3568 -0.4282
vn -0.9226 -0.3776 0.0785
vn -0.9824 -0.0539 -0.1789
vn 0.8414 0.4202 0.3397
vn -0.6534 0.1975 0.7308
vn 0.9850 0.0869 -0.1492
vn 0.8137 -0.0949 -0.5735
vn -0.8766 0.4311 0.2138
vn -0.2012 -0.9537 -0.2235
vn -0.3717 -0.4581 0.8075
vn -0.3625 0.2968 -0.8835
vn -0.0981 -0.7390 0.6666
vn -0.0029 0.1745 -0.9847
vn 0.6034 0.6626 -0.4437
vn -0.4004 -0.9155 -0.0387
vn 0.0683 -0.5412 -0.8381
vn -0.5803 0.2844 -0.7632
vn -0.2972 0.1549 0.9422
vn -0.3953 -0.0514 -0.9171
vn -0.8360 -0.1576 0.5257
vn -0.5355 0.7935 0.2891
vn 0.5852 0.6819 -0.4387
vn 0.6410 0.7371 -0.2141
vn 0.6707 0.7089 0.2181
vn -0.9055 -0.3467 -0.2446
vn -0.2960 -0.5631 0.7715
vn -0.6273 -0.0955 -0.7729
vn -0.6769 -0.1916 -0.7107
vn -0.5782 -0.7808 -0.2368
vn 0.3717 -0.7059 0.6029
vn 0.6563 -0.4760 -0.5854
vn -0.4014 -0.5159 0.7568
vn 0.1599 -0.8465 -0.5079
vn -0.0380 -0.4716 -0.8810
vn -0.9393 -0.3084 -0.1505
vn -0.2198 -0.8883 0.4033
vn -0.5413 0.3547 -0.7623
vn -0.7983 0.5059 0.3267
vn -0.7666 -0.1497 -0.6244
vn -0.1867 -0.5996 -0.7782
vn -0.7411 0.0778 0.6669
vn -0.1708 -0.1139 0.9787
vn 0.7612 0.0225 0.6481
vn 0.1957 -0.9680 -0.1573
vn 0.0253 0.9888 -0.1473
vn 0.9681 -0.2319 0.0951
vn 0.2674 -0.5742 -0.7738
vn 0.6226 -0.7715 0.1308
vn -0.5853 0.4328 -0.6857
vn -0.0758 -0.4704 0.8792
vn 0.3146 0.0571 -0.9475
vn -0.0470 -0.5191 -0.8534
vn -0.6250 0.1989 0.7548
vn -0.0954 -0.9768 -0.1919
vn 0.1681 -0.0317 0.9853
vn 0.0068 0.9383 -0.3457
vn -0.8794 -0.3617 -0.3095
vn 0.4033 -0.6347 0.6592
vn -0.3462 -0.4813 0.8053
vn 0.0444 -0.5176 -0.8545
vn 0.5835 -0.2508 0.7724
vn 0.4689 -0.5854 0.6613
vn -0.9351 0.0999 0.3400
vn 0.5651 -0.3437 0.7500
vn 0.5691 0.5315 -0.6274
vn 0.4282 0.7236 -0.5414
vn 0.0207 0.9904 0.1367
vn -0.5521 -0.6667 -0.5007
vn 0.5146 -0.8406 -0.1688
vn -0.9091 0.2019 0.3644
vn 0.0890 -0.1835 -0.9790
vn -0.9865 0.1490 -0.0675
vn -0.0287 -0.9549 0.2955
vn 0.0587 -0.0467 -0.9972
vn 0.0909 -0.6547 0.7504
vn 0.5331 -0.5921 0.6043
vn 0.6002 0.2498 -0.7598
vn -0.5831 0.1451 0.7994
vn 0.0358 0.9870 -0.1567
vn -0.7523 -0.4281 -0.5007
vn -0.7545 0.0790 0.6515
vn 0.4650 -0.8578 0.2189
vn -0.6608 -0.5291 0.5324
vn 0.2567 0.7796 -0.5713
vn -0.3365 0.7624 -0.5528
vn 0.0586 0.3235 0.9444
vn 0.1598 -0.5274 0.8344
vn 0.7528 0.5864 -0.2990
vn -0.5800 0.5648 0.5870
vn 0.4363 0.6863 0.5819
vn -0.3725 0.0160 0.9279
vn -0.8360 -0.0910 0.5411
vn -0.3264 -0.8900 0.3183
vn -0.2821 0.9581 -0.0490
vn -0.3504 -0.2454 -0.9039
vn 0.6855 0.4994 -0.5297
vn -0.6024 0.5086 0.6152
vn -0.3394 0.2215 -0.9142
vn 0.4558 -0.2668 -0.8492
vn 0.2798 -0.9123 -0.2991
vn 0.3324 -0.0579 -0.9414
vn 0.2236 0.0137 -0.9746
vn -0.9051 0.0497 -0.4222
vn -0.8013 0.5982 0.0039
vn -0.0273 0.2537 0.9669
vn -0.0800 -0.6015 -0.7949
vn -0.3351 -0.1597 -0.9286
vn -0.3564 -0.1655 -0.9196
vn 0.1902 0.0149 0.9816
vn -0.4923 -0.8252 0.2770
vn -0.6756 -0.5571 0.4830
vn 0.6527 -0.6363 0.4112
vn 0.1996 0.1975 0.9598
vn 0.9015 -0.1363 0.4107
vn -0.9235 -0.3587 0.1358
vn 0.3127 0.8709 0.3791
vn -0.5958 -0.7655 -0.2428
vn 0.2223 -0.3997 0.8893
vn -0.0974 0.8447 -0.5263
vn -0.8012 -0.3949 -0.4496
vn -0.9665 0.1280 -0.2224
vn 0.8673 -0.3835 -0.3174
vn -0.6387 0.7220 0.2661
vn 0.9166 0.2503 0.3118
vn 0.9958 0.0915 0.0071
vn -0.7934 -0.5435 -0.2742
vn 0.0142 -0.7393 -0.6733
vn -0.2354 -0.1789 -0.9553
vn 0.8576 -0.0588 -0.5110
vn -0.2230 -0.9332 0.2820
vn -0.3370 -0.9032 -0.2658
vn 0.8972 0.4351 0.0761
vn -0.2203 -0.4800 0.8491
vn -0.1728 -0.2565 -0.9510
vn 0.3570 0.8235 0.4409
vn -0.7157 0.2964 -0.6324
vn 0.3620 -0.9233 -0.1283
vn 0.4886 0.8292 0.2715
vn 0.1509 -0.6015 -0.7845
vn 0.2242 -0.6476 -0.7282
vn -0.7599 0.6497 0.0232
vn 0.9634 0.2237 -0.1479
vn 0.6897 -0.5485 -0.4727
vn 0.0736 0.9726 0.2207
vn -0.8629 0.2309 -0.4496
vn 0.1722 0.3681 0.9137
vn -0.5745 0.4993 0.6486
vn 0.3793 -0.4293 0.8197
vn -0.7770 0.6101 0.1553
vn 0.6111 -0.6027 0.5131
vn -0.3678 0.4880 -0.7916
vn -0.6121 0.7397 0.2797
vn -0.1685 0.3639 0.9161
vn -0.4307 -0.0299 0.9020
vn -0.5262 -0.1932 -0.8281
vn -0.7973 -0.5700 -0.1984
vn -0.7042 -0.1479 0.6944
vn 0.1011 -0.1048 0.9893
vn -0.3543 -0.0689 0.9326
vn 0.2841 -0.8088 -0.5150
vn -0.5347 0.5046 0.6778
vn 0.6102 0.4142 0.6754
vn -0.5781 0.4704 -0.6667
vn 0.8229 -0.5645 0.0646
vn -0.2623 -0.0057 0.9650
vn 0.5059 -0.6168 -0.6030
vn -0.5091 -0.7672 -0.3901
vn -0.1420 -0.7424 -0.6547
vn -0.8244 -0.3327 -0.4578
vn 0.9294 -0.2093 -0.3041
vn 0.6685 -0.7424 -0.0437
vn -0.3006 0.8170 -0.4921
vn 0.7672 0.1686 0.6189
vn 0.4489 0.8887 -0.0936
vn 0.1520 -0.7388 -0.6566
vn 0.2425 0.9407 -0.2372
vn 0.9460 0.3135 0.0825
vn -0.8191 -0.3381 0.4635
vn -0.3252 -0.8279 0.4570
vn -0.8181 -0.1320 -0.5597
vn -0.9576 -0.1084 0.2670
vn -0.2758 -0.9118 0.3043
vn -0.4995 0.6618 -0.5590
vn -0.2021 -0.8947 -0.3983
vn 0.6014 -0.5597 -0.5701
vn 0.4278 0.8079 0.4053
vn 0.1335 -0.5532 0.8223
vn 0.0385 -0.2052 -0.9780
vn 0.1795 -0.2352 -0.9552
vn 0.7552 0.5680 0.3271
vn -0.4103 -0.4423 0.7975
vn -0.0382 -0.9968 0.0704
vn 0.3224 0.0176 0.9465
vn 0.5095 0.8009 0.3146
vn 0.2256 0.9572 -0.1814
vn -0.4901 -0.3712 0.7887
vn -0.8085 -0.2211 0.5454
vn 0.8351 0.0275 0.5494
vn 0.2973 0.8962 0.3292
vn -0.0479 0.9979 -0.0428
vn 0.2301 0.8194 0.5250
vn -0.4274 0.3580 0.8301
vn -0.3043 0.7589 -0.5757
vn 0.7086 0.5998 -0.3716
vn -0.9756 -0.2165 0.0374
vn 0.0838 -0.3370 0.9378
vn 0.2778 0.8818 0.3812
vn 0.9410 -0.1543 0.3011
vn 0.2686 -0.8832 0.3845
vn -0.3912 -0.4252 0.8162
vn -0.8702 0.0406 0.4910
vn -0.1369 0.8618 0.4885
vn 0.9015 0.4227 0.0931
vn 0.7075 0.5458 -0.4489
vn 0.0351 0.1771 -0.9836
vn -0.1703 0.2824 0.9441
vn 0.4812 -0.2421 -0.8425
vn -0.1035 -0.9946 -0.0063
vn 0.1064 -0.9505 0.2919
vn -0.2876 -0.2786 -0.9163
vn -0.3888 0.8056 0.4470
vn -0.2081 0.2724 0.9394
vn 0.0513 -0.7609 0.6468
vn -0.0026 -0.8080 0.5891
vn -0.0724 -0.9590 0.2740
vn -0.5412 0.8406 -0.0203
vn 0.2509 -0.2855 0.9250
vn 0.0389 -0.9980 -0.0494
vn 0.1872 -0.7924 -0.5805
vn -0.4091 -0.4643 0.7855
vn -0.2772 -0.4702 0.8379
vn -0.0671 0.8896 -0.4518
vn 0.1197 0.6566 0.7446
vn -0.5091 0.5797 -0.6362
vn 0.9632 -0.1816 0.1982
vn -0.2733 -0.8160 0.5094
vn -0.2401 0.5056 -0.8287
vn 0.4323 -0.8449 -0.3152
vn 0.3240 -0.7374 -0.5927
vn 0.7034 -0.2795 0.6536
vn -0.2615 0.2768 0.9247
vn -0.0273 -0.5265 -0.8497
vn -0.1246 0.6111 0.7817
vn -0.5036 0.5430 -0.6719
vn -0.5592 0.0400 0.8280
vn -0.8584 0.4752 0.1931
vn 0.8995 0.3982 0.1800
vn 0.3468 -0.8981 -0.2706
vn 0.3652 0.1761 -0.9141
vn -0.0152 -0.8419 0.5394
vn 0.2657 -0.7970 -0.5423
vn 0.7795 0.4836 0.3981
vn -0.7020 0.7116 -0.0306
vn 0.9817 0.1756 0.0730
vn -0.1258 -0.8236 0.5531
vn -0.9515 0.1168 0.2846
vn 0.1368 0.2216 0.9655
vn 0.1844 -0.1517 -0.9711
vn -0.8971 0.1038 0.4294
vn 0.0651 -0.6793 -0.7310
vn 0.2535 -0.7381 0.6253
vn 0.0636 -0.8079 -0.5859
vn 0.8333 -0.1983 0.5160
vn -0.1818 0.9591 -0.2168
vn 0.2717 -0.9543 -0.1248
vn 0.2269 0.6904 -0.6870
vn -0.3186 -0.5633 0.7624
vn 0.7546 0.3742 -0.5390
vn -0.4339 -0.4285 -0.7926
vn 0.9458 -0.3216 0.0453
vn 0.9411 -0.3379 0.0143
vn -0.0047 0.2614 0.9652
vn -0.8075 -0.4043 0.4294
vn 0.0470 0.9098 -0.4123
vn -0.3387 0.1259 0.9324
vn 0.8224 -0.3158 0.4732
vn 0.0730 0.9759 -0.2056
vn -0.4736 0.8176 0.3275
vn 0.4271 -0.7728 -0.4695
vn -0.6777 0.4793 -0.5577
vn 0.4473 -0.2754 -0.8509
vn 0.0933 -0.7112 -0.6967
vn 0.0215 -0.0896 -0.9957
vn -0.8574 0.2888 -0.4259
vn 0.9130 -0.4061 -0.0403
vn -0.4960 0.6397 0.5871
vn -0.7877 -0.5656 -0.2444
vn -0.2730 0.4589 0.8455
vn -0.4710 0.8210 -0.3226
vn 0.1948 -0.1812 -0.9640
vn -0.2866 0.1757 0.9418
vn -0.6578 0.6963 -0.2871
vn -0.7679 -0.5369 0.3493
vn -0.8946 0.0747 0.4405
vn 0.7262 0.0628 0.6847
vn 0.4027 -0.2744 0.8732
vn 0.2229 0.1827 -0.9576
vn 0.5333 0.8444 -0.0500
vn -0.7242 0.5990 -0.3416
vn -0.9269 0.0578 0.3708
vn 0.1817 -0.6902 0.7004
vn 0.1896 -0.9197 0.3437
vn 0.5547 0.7134 0.4282
vn 0.8144 -0.0872 -0.5737
vn 0.7401 -0.6029 0.2979
vn 0.7260 -0.4954 -0.4770
vn 0.1321 0.1368 0.9817
vn 0.8169 0.0643 0.5732
vn -0.6462 -0.5292 0.5498
vn 0.3315 -0.0566 -0.9418
vn 0.7696 -0.5802 0.2667
vn 0.0572 -0.6807 -0.7303
vn 0.5088 0.7225 0.4681
vn 0.4384 0.2090 0.8741
vn -0.3177 0.4557 0.8315
vn 0.1392 -0.8855 0.4433
vn -0.6277 -0.7468 -0.2198
vn -0.0866 0.6143 0.7843
vn -0.9789 0.1970 0.0545
vn 0.3888 0.8196 0.4208
vn -0.3406 -0.8985 -0.2768
vn -0.9970 0.0746 0.0226
vn 0.1661 0.8481 0.5032
vn 0.1507 -0.7540 -0.6393
vn 0.9964 0.0596 -0.0605
vn 0.0311 -0.5542 -0.8318
vn 0.7895 -0.1942 -0.5822
vn 0.8655 -0.0131 -0.5007
vn 0.8927 -0.2648 0.3648
vn 0.5116 0.7669 0.3876
vn 0.7063 -0.2341 -0.6681
vn -0.4917 -0.5911 -0.6394
vn 0.2870 0.7837 -0.5508
vn -0.9034 0.4074 -0.1337
vn -0.8881 0.3806 0.2578
vn 0.5170 -0.8560 0.0050
vn 0.2642 -0.4623 0.8465
vn -0.0858 -0.6780 -0.7300
vn -0.0408 -0.1782 0.9831
vn -0.8446 0.0587 0.5322
vn 0.1397 -0.9809 -0.1354
vn -0.8457 -0.0237 -0.5331
vn 0.4971 -0.8676 0.0115
vn 0.2849 0.7783 -0.5596
vn 0.0169 -0.4248 -0.9051
vn 0.8666 -0.4634 0.1849
vn -0.8060 0.4126 -0.4244
vn 0.7617 -0.5898 0.2682
vn -0.6975 0.6479 -0.3062
vn 0.3001 -0.7954 -0.5267
vn -0.8402 0.4255 -0.3362
vn -0.1770 -0.0166 -0.9841
vn 0.4142 0.6677 -0.6185
vn -0.4606 0.3957 0.7945
vn 0.1035 0.6220 -0.7762
vn 0.1868 0.7446 0.6408
vn 0.4792 0.8727 -0.0933
vn -0.6517 -0.5419 0.5307
vn 0.7988 -0.5691 -0.1950
vn -0.2811 0.4082 0.8685
vn 0.8944 0.2426 -0.3758
vn -0.0743 -0.9971 0.0163
vn 0.2956 -0.1917 -0.9359
vn 0.5536 0.7236 0.4123
vn 0.7328 -0.3957 -0.5536
vn -0.5835 -0.7769 -0.2366
vn -0.2985 0.1402 -0.9441
vn 0.6979 0.6931 0.1805
vn 0.6963 -0.3517 -0.6257
vn 0.4323 -0.8919 -0.1329
vn 0.7699 -0.5763 0.2741
vn -0.4207 -0.5797 -0.6978
vn -0.5681 -0.3843 -0.7277
vn 0.8013 -0.4885 -0.3453
vn 0.7903 -0.3616 -0.4946
vn -0.1937 -0.7435 0.6401
vn -0.5544 0.5064 0.6604
vn 0.1515 0.9593 0.2382
vn -0.2321 0.9509 -0.2050
vn -0.5880 -0.1287 -0.7986
vn -0.2032 0.8745 0.4404
vn -0.2959 0.4011 -0.8669
vn 0.7390 -0.6730 0.0312
vn 0.3723 0.7254 0.5789
vn 0.5899 0.6753 -0.4427
vn -0.3321 -0.5348 0.7770
vn 0.0327 -0.7432 0.6682
vn -0.6821 -0.7041 -0.1974
vn -0.1640 0.8426 -0.5130
vn -0.0167 -0.7727 -0.6346
vn 0.3255 0.7492 -0.5768
vn -0.8024 -0.4004 0.4426
vn 0.1990 0.7224 -0.6622
vn 0.6989 -0.1040 -0.7076
vn 0.4665 -0.6087 0.6417
vn -0.0211 -0.3743 -0.9271
vn -0.9247 -0.0406 0.3785
vn 0.5764 -0.2896 0.7641
vn 0.1490 -0.7365 -0.6598
vn -0.8693 -0.3410 -0.3577
vn -0.2673 -0.8172 0.5106
vn -0.7103 0.6585 -0.2485
vn 0.1271 -0.2771 0.9524
vn -0.3674 0.9285 -0.0540
vn 0.7005 -0.5338 0.4737
vn 0.8452 -0.3244 -0.4247
vn -0.8547 -0.3244 -0.4054
vn 0.8993 -0.0080 0.4373
vn 0.9047 -0.0013 0.4261
vn -0.9130 0.3611 0.1897
vn -0.1985 -0.2180 -0.9556
vn 0.2670 0.8795 0.3939
vn 0.1042 -0.5753 0.8113
vn 0.0835 0.9930 -0.0841
vn 0.9526 -0.0284 0.3029
vn -0.3469 -0.5506 -0.7593
vn -0.9580 0.0357 0.2844
vn 0.0212 0.9732 -0.2291
vn 0.2695 -0.1131 -0.9563
vn -0.8985 -0.4368 0.0447
vn 0.1193 -0.9813 -0.1510
vn 0.7200 -0.5011 -0.4801
vn -0.1482 -0.2753 -0.9499
vn -0.3483 -0.3918 0.8516
vn 0.1166 0.0796 -0.9900
vn 0.1524 -0.7605 0.6313
vn 0.4910 0.7882 -0.3711
vn 0.1647 -0.1958 -0.9667
vn -0.4003 -0.9152 -0.0474
vn 0.3544 -0.4748 -0.8056
vn 0.5594 -0.5755 0.5966
vn 0.7868 -0.0290 -0.6165
vn 0.2395 -0.3751 -0.8955
vn 0.2994 -0.1644 0.9399
vn -0.6444 0.5351 -0.5463
vn 0.4060 0.8268 0.3893
vn 0.5176 0.1223 0.8468
vn 0.9472 0.0250 -0.3196
vn 0.8679 -0.1598 -0.4703
vn 0.9056 -0.3049 0.2950
vn -0.9896 0.1299 -0.0618
vn -0.8250 -0.5625 0.0548
vn 0.3621 0.8719 0.3296
vn -0.1326 -0.6453 -0.7523
vn 0.4541 0.8500 0.2671
vn 0.3702 0.8428 0.3908
vn 0.4817 0.5584 0.6754
vn 0.2726 -0.9614 -0.0383
vn 0.6214 -0.4173 -0.6631
vn 0.0281 0.9986 0.0458
vn 0.5706 -0.1437 -0.8086
vn 0.9297 -0.0842 0.3584
vn -0.9200 0.2935 -0.2599
vn -0.6095 0.7419 0.2795
vn 0.6179 0.7543 0.2218
vn 0.8774 -0.2188 0.4271
vn 0.8693 -0.2347 0.4349
vn -0.8925 -0.3689 -0.2594
vn -0.9015 -0.3593 -0.2414
vn 0.9759 0.0455 -0.2132
vn 0.6326 0.7226 0.2786
vn -0.5191 0.1781 -0.8359
vn -0.2866 0.0472 -0.9569
vn -0.2428 -0.6330 0.7351
vn 0.7872 -0.5931 0.1691
vn -0.6313 0.2374 0.7383
vn -0.8365 -0.5028 0.2176
vn 0.7665 -0.3129 -0.5609
vn -0.0491 -0.3200 -0.9462
vn -0.7146 0.1351 0.6864
vn -0.2143 -0.7074 -0.6735
vn 0.1371 -0.9690 -0.2058
vn 0.7840 -0.1959 -0.5890
vn -0.9582 0.0131 -0.2859
vn -0.7001 -0.2431 0.6713
vn 0.7969 0.5512 -0.2471
vn -0.2966 0.1548 0.9424
vn -0.4617 0.3396 0.8194
vn 0.8650 -0.3890 -0.3170
vn -0.0290 0.0811 -0.9963
vn 0.7276 0.1695 -0.6647
vn 0.0945 0.2586 0.9613
vn 0.0561 0.3344 0.9407
vn 0.6876 0.6932 -0.2162
vn 0.7058 0.6698 0.2306
vn 0.5256 -0.2023 -0.8263
vn 0.1707 -0.3021 0.9379
vn -0.1088 -0.9560 0.2723
vn 0.7259 -0.6781 -0.1152
vn 0.3474 -0.6347 -0.6903
vn -0.3471 0.8058 -0.4799
vn 0.1566 -0.8139 0.5594
vn -0.8412 0.5105 0.1782
vn -0.5626 -0.7488 -0.3503
vn 0.8724 -0.1753 -0.4563
vn 0.5422 -0.1660 -0.8237
vn 0.5435 -0.0059 -0.8394
vn -0.7133 0.1879 0.6752
vn 0.7781 0.1431 -0.6116
vn 0.0626 -0.9674 0.2455
vn 0.4929 -0.2494 0.8336
vn -0.6417 -0.1971 -0.7412
vn 0.0656 -0.7622 0.6440
vn -0.5500 -0.8010 -0.2365
vn -0.7393 -0.2070 -0.6407
vn 0.7011 0.6813 -0.2104
vn -0.7858 -0.5246 -0.3276
vn -0.6838 0.6741 0.2793
vn -0.6365 -0.5030 0.5847
vn -0.9003 -0.0352 -0.4339
vn -0.3030 0.0881 0.9489
vn 0.4079 0.1963 -0.8917
vn 0.3766 0.8616 0.3404
vn 0.7843 -0.6183 -0.0497
vn -0.7203 0.1121 0.6846
vn 0.3007 0.9345 0.1905
vn -0.0876 0.9631 -0.2544
vn 0.0176 -0.6958 -0.7180
vn 0.7277 -0.6844 0.0451
vn -0.9038 -0.0203 -0.4275
vn 0.4446 -0.8891 -0.1083
vn -0.2760 0.8940 0.3530
vn 0.3279 0.1677 0.9297
vn 0.2418 0.9297 0.2778
vn 0.5816 -0.0784 -0.8097
vn 0.0284 -0.9995 0.0159
vn -0.9067 -0.0283 -0.4209
vn -0.1127 0.5291 0.8410
vn -0.4101 0.9117 0.0239
vn 0.4413 0.7151 -0.5421
vn -0.4097 0.1801 0.8942
vn -0.3671 0.2143 -0.9052
vn -0.7190 0.6755 -0.1634
vn -0.7354 -0.6268 -0.2575
vn -0.5002 -0.6286 0.5955
vn -0.5075 -0.4810 0.7149
vn -0.6907 0.5748 -0.4388
vn 0.9380 -0.3391 -0.0726
vn -0.0781 -0.5661 0.8206
vn 0.1921 -0.9813 0.0088
vn 0.6900 -0.6658 -0.2838
vn 0.4903 0.8163 0.3053
vn 0.5196 -0.8146 0.2576
vn -0.0395 -0.5176 -0.8547
vn -0.1976 -0.1974 -0.9602
vn -0.5672 0.4614 -0.6822
vn -0.8690 -0.2901 -0.4009
vn 0.7245 -0.0033 0.6892
vn 0.0007 0.7487 0.6629
vn -0.5261 -0.5441 -0.6536
vn 0.7583 0.5769 0.3035
vn -0.3237 -0.7801 0.5354
vn -0.7928 -0.5228 -0.3134
vn -0.1295 -0.5520 0.8237
vn -0.9908 0.1097 0.0787
vn -0.1395 0.2866 0.9478
vn -0.1686 -0.5776 -0.7987
vn -0.0878 0.9574 -0.2750
vn -0.0152 -0.9465 0.3223
vn -0.6997 -0.5889 0.4044
vn -0.0042 -0.4489 -0.8936
vn -0.3308 0.2442 -0.9116
vn 0.2087 -0.9779 0.0140
vn 0.6211 -0.6170 -0.4833
vn -0.0184 -0.7677 -0.6405
vn -0.8408 0.0565 0.5384
vn 0.1096 0.7969 -0.5941
vn -0.3640 -0.2832 0.8873
vn -0.2244 -0.8003 -0.5560
vn -0.7711 -0.0269 0.6361
vn 0.1047 0.0463 -0.9934
vn 0.5743 -0.0859 -0.8141
vn 0.0732 -0.9770 0.2001
vn -0.6998 -0.5001 0.5101
vn -0.5444 0.8381 0.0345
vn -0.5839 -0.8011 -0.1314
vn 0.4231 -0.0992 -0.9006
vn 0.3938 -0.8141 -0.4269
vn -0.6522 0.6732 -0.3484
vn -0.1304 -0.9482 0.2897
vn -0.4337 -0.0392 0.9002
vn -0.0545 -0.1724 0.9835
vn -0.9767 0.0600 0.2058
vn 0.8624 -0.3715 -0.3439
vn 0.7733 -0.3098 -0.5532
vn 0.3734 -0.0882 0.9235
vn -0.1050 -0.1838 0.9773
vn -0.3521 0.6741 0.6493
vn -0.6612 -0.2176 0.7180
vn -0.6293 -0.7515 -0.1981
vn -0.1848 0.7197 -0.6693
vn -0.9633 0.1590 -0.2164
vn -0.8834 -0.4544 0.1144
vn 0.4300 -0.1404 -0.8919
vn -0.7714 -0.5634 -0.2958
vn -0.5377 -0.0337 -0.8425
vn 0.5294 -0.6257 -0.5729
vn 0.4533 0.7923 0.4085
vn -0.6069 -0.7630 -0.2223
vn -0.1122 -0.8014 0.5874
vn 0.5082 0.6932 -0.5111
vn 0.2168 -0.9576 0.1897
vn -0.2235 -0.5638 0.7951
vn 0.0244 0.9939 -0.1073
vn 0.0332 0.8828 0.4685
vn -0.3615 -0.2031 0.9100
vn 0.1863 -0.8687 -0.4591
vn 0.7692 0.5887 0.2485
vn -0.5867 -0.1216 0.8006
vn 0.0634 0.2155 -0.9744
vn 0.2922 0.7084 -0.6425
vn 0.8374 0.0406 0.5450
vn 0.4671 -0.6716 -0.5751
vn 0.2327 -0.9156 -0.3279
vn -0.7494 0.5985 0.2832
vn 0.5272 -0.8497 0.0094
vn -0.1059 -0.5556 0.8247
vn 0.6984 -0.7025 0.1366
vn 0.2125 0.9764 0.0387
vn 0.3264 0.8925 0.3113
vn -0.3618 -0.0853 0.9284
vn -0.5665 -0.8024 0.1877
vn 0.4846 0.7371 0.4711
vn -0.0488 0.1216 -0.9914
vn -0.1083 -0.9941 0.0054
vn -0.4309 -0.0065 0.9024
vn -0.8799 0.4343 0.1926
vn 0.7713 -0.5188 0.3687
vn 0.6564 -0.7526 0.0527
vn 0.9654 -0.1155 0.2336
vn -0.7496 -0.5129 -0.4184
vn 0.5292 -0.8082 -0.2583
vn 0.9724 0.1052 0.2084
vn 0.7755 0.6298 0.0457
vn -0.2113 0.7984 -0.5638
vn -0.5910 -0.7719 -0.2342
vn -0.4332 -0.3924 0.8114
vn 0.6699 0.2978 0.6802
vn 0.6683 0.3065 0.6778
vn -0.7996 -0.5426 -0.2573
vn 0.1740 -0.0502 0.9835
vn -0.6757 0.6954 0.2445
vn 0.8192 0.2819 0.4994
vn 0.4211 -0.5670 -0.7079
vn -0.5867 -0.7742 -0.2375
vn -0.4127 -0.3045 0.8585
vn -0.0728 -0.4376 -0.8962
vn -0.6499 -0.1795 0.7386
vn -0.0458 0.9838 0.1732
vn -0.4935 -0.3506 0.7959
vn 0.0149 -0.9950 -0.0985
vn 0.3296 0.7863 -0.5226
vn -0.8850 -0.3810 0.2677
vn 0.9698 -0.2432 -0.0203
vn -0.5912 0.6400 -0.4909
vn 0.2637 0.9029 0.3395
vn -0.2321 0.5275 0.8172
vn 0.9716 0.0115 0.2364
vn -0.0837 0.6398 -0.7640
vn -0.5339 -0.5956 0.6002
vn 0.5915 0.6858 -0.4241
vn -0.5237 -0.6404 -0.5618
vn -0.0887 -0.9933 0.0743
vn 0.4187 0.7699 -0.4817
vn -0.9193 0.2746 0.2819
vn -0.5949 -0.7891 0.1533
vn 0.1102 -0.0012 0.9939
vn -0.5276 -0.5214 0.6707
vn 0.3375 0.8013 -0.4940
vn 0.3438 0.9390 -0.0002
vn 0.2597 -0.7537 -0.6037
vn 0.3509 -0.9153 -0.1977
vn 0.3763 -0.1472 -0.9148
vn -0.1169 -0.4825 0.8681
vn -0.3415 0.7184 0.6061
vn -0.1156 -0.8540 -0.5073
vn 0.1830 0.0543 0.9816
vn 0.1971 0.3769 -0.9050
vn 0.8328 0.4892 -0.2591
vn 0.8185 0.4833 -0.3108
vn -0.1361 0.6180 -0.7743
vn -0.6664 0.6146 0.4222
vn 0.4210 -0.1838 0.8882
vn 0.7710 0.5354 -0.3448
vn -0.8245 0.0483 0.5638
vn -0.3372 -0.1032 0.9358
vn -0.9336 0.3554 -0.0461
vn 0.1865 0.0558 0.9809
vn -0.8084 -0.1252 -0.5751
vn 0.1589 -0.9860 -0.0499
vn 0.6941 -0.6782 -0.2413
vn 0.1089 0.9905 0.0834
vn 0.7078 -0.2115 -0.6740
vn 0.5894 -0.8077 -0.0183
vn -0.6030 -0.7023 -0.3784
vn 0.0305 -0.4272 -0.9036
vn 0.6617 -0.7126 -0.2330
vn 0.7033 0.6973 0.1384
vn 0.8766 -0.0324 -0.4802
vn -0.7654 0.6233 -0.1601
vn -0.7861 -0.2815 -0.5502
vn 0.9042 0.0591 0.4230
vn -0.4567 0.8151 0.3565
vn 0.4438 0.8799 0.1695
vn -0.4551 0.8300 0.3225
vn 0.6263 -0.1643 0.7621
vn -0.5176 0.4434 -0.7318
vn -0.9751 0.0390 0.2184
vn -0.9313 -0.0811 -0.3552
vn -0.6699 0.1941 0.7166
vn 0.9334 -0.2479 0.2595
vn 0.3898 -0.9179 -0.0738
vn 0.9941 0.1083 0.0099
vn 0.4151 -0.8988 -0.1407
vn 0.1601 -0.6519 -0.7412
vn 0.3379 -0.7764 -0.5320
vn 0.2412 0.8016 -0.5470
vn 0.0494 -0.6419 0.7652
vn -0.9726 0.1504 -0.1770
vn 0.6389 0.1560 0.7533
vn 0.6212 -0.0750 -0.7801
vn 0.9201 0.3439 0.1874
vn 0.6454 0.7576 -0.0976
vn 0.7204 -0.6122 -0.3260
vn 0.6329 0.0259 -0.7738
vn -0.3707 -0.1820 0.9107
vn -0.2394 -0.8730 -0.4250
vn -0.5604 -0.7718 -0.3005
vn 0.4846 0.7017 -0.5223
vn -0.6491 -0.6652 -0.3689
vn 0.6032 -0.3341 -0.7243
vn -0.6192 0.7276 0.2954
vn -0.6502 -0.2278 0.7248
vn -0.0843 0.4670 -0.8802
vn 0.1993 -0.0510 -0.9786
vn 0.1073 -0.6760 -0.7290
vn -0.9688 -0.0203 -0.2468
vn 0.6269 -0.5376 0.5639
vn -0.0731 -0.9938 -0.0834
vn 0.9126 -0.1605 0.3760
vn 0.0599 0.9668 0.2484
vn 0.7251 -0.6715 0.1528
vn 0.0771 0.7318 -0.6772
vn 0.8064 -0.3070 -0.5055
vn 0.2313 0.9596 0.1605
vn 0.8231 0.4053 -0.3978
vn 0.0173 -0.4653 -0.8850
vn -0.6602 0.6963 -0.2817
vn 0.5072 -0.5694 0.6469
vn -0.1048 0.0773 -0.9915
vn -0.4195 -0.5421 0.7281
vn 0.0230 -0.7685 -0.6394
vn 0.3051 0.7958 -0.5231
vn 0.3319 0.8121 -0.4799
vn 0.3968 0.8636 0.3110
vn -0.7150 0.0751 -0.6951
vn 0.9938 -0.0794 -0.0777
vn -0.1436 -0.9215 0.3609
vn 0.4412 -0.1285 -0.8881
vn 0.2777 0.9086 0.3120
vn -0.5500 -0.8059 -0.2191
vn 0.6128 -0.7644 -0.2007
vn 0.6329 0.6140 -0.4716
vn 0.1052 0.9733 0.2039
vn 0.1914 -0.9682 0.1609
vn 0.1395 -0.0354 0.9896
vn 0.2202 0.1882 -0.9571
vn 0.4252 0.8849 0.1902
vn 0.4422 -0.8347 0.3284
vn -0.8311 -0.0970 0.5476
vn -0.5619 -0.5575 0.6111
vn 0.2051 0.6010 -0.7725
vn 0.2963 -0.6564 0.6938
vn -0.8265 -0.5483 -0.1275
vn 0.0073 0.5726 -0.8198
vn 0.8129 0.0130 -0.5822
vn -0.1575 -0.9134 0.3753
vn 0.3174 -0.3468 -0.8826
vn -0.7470 0.3197 -0.5830
vn -0.6446 0.6389 -0.4199
vn -0.5809 0.1758 -0.7948
vn -0.8550 0.5107 -0.0910
vn -0.4473 -0.4614 0.7662
vn -0.2887 -0.2985 0.9097
vn -0.0002 0.1624 0.9867
vn 0.1806 0.9829 0.0374
vn -0.7611 0.4296 -0.4860
vn -0.8588 0.4773 0.1862
vn 0.3136 -0.6325 0.7083
vn 0.8159 -0.2026 -0.5415
vn -0.2116 0.8050 -0.5543
vn 0.4056 0.7141 -0.5705
vn 0.3876 0.8884 0.2460
vn -0.1214 0.6867 -0.7167
vn -0.0217 0.9831 -0.1817
vn -0.4878 0.4671 -0.7375
vn -0.4070 -0.8681 0.2842
vn -0.6049 -0.7809 -0.1558
vn -0.4229 -0.8477 0.3203
vn 0.4279 0.3241 -0.8438
vn -0.9538 0.1132 0.2783
vn 0.9614 0.1491 0.2312
vn 0.4981 -0.1624 -0.8518
vn 0.1212 -0.1008 0.9875
vn -0.2851 -0.5132 0.8095
vn -0.6140 -0.7479 0.2523
vn 0.7420 0.1381 -0.6560
vn 0.2494 0.3416 -0.9061
vn -0.6472 -0.5804 0.4942
vn 0.5619 -0.7723 0.2964
vn -0.8532 -0.5157 -0.0779
vn 0.9533 -0.2548 0.1621
vn -0.0844 0.5268 -0.8458
vn -0.2168 -0.2280 -0.9492
vn -0.0092 -0.9919 0.1264
vn -0.4158 0.3461 -0.8410
vn -0.6058 0.7791 -0.1613
vn 0.4823 -0.6609 -0.5750
vn 0.5641 0.5631 -0.6039
vn -0.4919 0.8440 -0.2138
vn 0.4945 0.6287 -0.6001
vn 0.2984 0.8167 -0.4939
vn -0.1550 0.7974 -0.5832
vn 0.1225 0.6428 -0.7562
vn -0.0891 0.9761 -0.1980
vn 0.4015 0.8494 0.3426
vn 0.4909 0.8266 0.2753
vn -0.9838 0.0984 0.1497
vn 0.8489 -0.2137 -0.4834
vn 0.8982 -0.1225 -0.4223
vn -0.6298 0.1309 0.7656
vn 0.0568 0.0643 0.9963
vn 0.2337 -0.6925 -0.6825
vn 0.1662 -0.8959 0.4120
vn -0.1757 0.3022 0.9369
vn 0.0672 -0.9825 0.1738
vn 0.3625 -0.6983 -0.6172
vn -0.3067 -0.3408 -0.8887
vn -0.4766 -0.5626 0.6755
vn 0.7341 0.6787 0.0213
vn -0.9647 0.2575 -0.0551
vn 0.4314 -0.1827 -0.8835
vn -0.8265 -0.0045 0.5630
vn -0.3018 0.8243 -0.4791
vn -0.5825 0.0169 0.8127
vn -0.2203 0.5641 -0.7958
vn -0.3979 -0.6127 -0.6828
vn 0.3084 -0.0671 -0.9489
vn -0.1818 -0.9047 -0.3854
vn 0.5248 -0.2384 -0.8172
vn -0.1364 -0.6409 -0.7554
vn 0.4806 0.8285 0.2875
vn 0.4865 0.7381 0.4675
vn -0.6206 0.1578 0.7681
vn 0.8016 0.5935 -0.0721
vn 0.8865 -0.4479 -0.1163
vn 0.9305 0.2189 -0.2937
vn 0.3169 0.1489 -0.9367
vn 0.7311 0.6624 0.1632
vn -0.9452 0.3172 -0.0779
vn -0.1336 0.1011 0.9859
vn 0.9026 -0.1300 0.4104
vn 0.3868 0.8312 -0.3993
vn 0.2578 0.9451 -0.2007
vn 0.2726 -0.9401 -0.2045
vn -0.5220 -0.8124 -0.2599
vn 0.6958 0.6813 0.2274
vn -0.1471 -0.9766 -0.1566
vn 0.8210 -0.3809 -0.4253
vn 0.1999 -0.6809 0.7046
vn 0.1758 -0.9813 0.0781
vn 0.4853 -0.1656 0.8585
vn -0.9761 0.1508 0.1566
vn 0.7926 0.2526 -0.5549
vn 0.1429 -0.0496 0.9885
vn -0.9146 0.3908 -0.1034
vn 0.5348 -0.8437 -0.0466
vn 0.8276 0.4763 -0.2969
vn 0.2542 0.7864 -0.5631
vn 0.1001 -0.3124 -0.9446
vn 0.2134 -0.9637 -0.1605
vn 0.4473 0.1950 0.8729
vn 0.1213 0.8706 0.4768
vn 0.1923 0.2780 -0.9411
vn -0.5448 0.1431 0.8263
vn 0.7333 -0.3055 -0.6075
vn 0.8058 0.5856 0.0882
vn -0.9284 0.3630 -0.0790
vn 0.9658 0.0902 -0.2433
vn 0.7581 0.4953 -0.4242
vn -0.3454 -0.5768 0.7403
vn 0.5017 0.6959 -0.5138
vn 0.0440 -0.6944 -0.7182
vn -0.9857 -0.1617 0.0471
vn -0.4781 0.8115 -0.3360
vn -0.3204 -0.4607 0.8277
vn -0.0388 -0.9988 -0.0295
vn -0.9790 0.0259 0.2021
vn -0.5321 -0.5248 -0.6644
vn -0.6681 -0.0507 0.7423
vn 0.1130 -0.5257 -0.8432
vn -0.3918 -0.5227 -0.7572
vn 0.1250 0.4234 -0.8973
vn -0.1147 -0.7885 -0.6043
vn 0.8614 -0.4980 0.0996
vn 0.3845 0.8588 0.3385
vn 0.8404 -0.5419 0.0064
vn 0.7436 0.5434 -0.3895
vn -0.9652 -0.2320 -0.1204
vn 0.0223 0.6762 0.7363
vn -0.0778 -0.9844 0.1577
vn -0.0162 0.9351 -0.3541
vn -0.3202 -0.0910 0.9430
vn -0.0862 -0.7065 -0.7025
vn -0.6407 -0.6637 0.3860
vn 0.8801 -0.1127 -0.4612
vn 0.2433 -0.6261 -0.7408
vn 0.5288 -0.6231 -0.5763
vn 0.7985 -0.5879 -0.1293
vn -0.9460 -0.0144 -0.3238
vn -0.5178 0.8084 0.2800
vn 0.5641 -0.7003 -0.4376
vn 0.3959 0.8256 0.4022
vn -0.5208 -0.7230 -0.4539
vn 0.4101 -0.8614 0.2996
vn -0.0479 0.8594 0.5091
vn -0.2342 -0.0150 0.9721
vn 0.8799 -0.4485 -0.1569
vn -0.8093 0.3578 -0.4659
vn 0.7220 0.6391 -0.2650
vn 0.0418 0.9209 -0.3876
vn -0.6220 -0.7552 -0.2066
vn 0.6128 -0.6040 -0.5096
vn 0.6647 -0.4923 0.5620
vn -0.8978 -0.4393 0.0317
vn -0.1764 -0.4917 0.8527
vn -0.2394 -0.9530 -0.1857
vn -0.9529 0.2810 0.1145
vn -0.4436 -0.6614 -0.6049
vn -0.7725 -0.2525 -0.5827
vn 0.2271 -0.7488 0.6227
vn -0.0276 0.6446 0.7640
vn 0.9377 -0.0486 -0.3440
vn -0.9410 0.3383 -0.0108
vn -0.6348 -0.2782 -0.7208
vn 0.0841 0.2960 -0.9515
vn -0.1136 -0.9805 -0.1601
vn -0.7951 0.0170 0.6063
vn 0.6324 -0.7476 -0.2030
vn 0.4614 0.6830 -0.5663
vn 0.7056 0.6712 -0.2274
vn -0.0771 0.6876 -0.7220
vn 0.5449 0.6558 -0.5225
vn -0.8419 0.5030 0.1954
vn 0.8130 -0.5166 0.2685
vn 0.9969 -0.0707 -0.0337
vn 0.0429 -0.9062 -0.4207
vn -0.6946 -0.4808 -0.5351
vn 0.5789 0.8076 0.1123
vn -0.0572 -0.2129 -0.9754
vn 0.4679 0.6526 0.5960
vn -0.6906 -0.1032 -0.7159
vn 0.0092 0.4461 -0.8949
vn 0.3789 0.2656 -0.8865
vn 0.8859 0.2077 0.4147
vn -0.4064 -0.0877 -0.9095
vn 0.3283 0.8454 0.4213
vn 0.9101 -0.0295 -0.4133
vn -0.8054 -0.0038 -0.5928
vn 0.0478 -0.5292 -0.8471
vn -0.5683 0.8019 0.1843
vn -0.0012 -0.7125 -0.7017
vn -0.8540 0.2884 -0.4330
vn 0.6206 -0.1643 0.7667
vn -0.7850 0.6132 0.0881
vn 0.6634 0.4463 -0.6005
vn -0.1906 0.1158 -0.9748
vn -0.1318 0.6947 0.7071
vn -0.7556 0.6524 -0.0584
vn -0.2751 -0.4918 0.8261
vn -0.8130 -0.4868 -0.3195
vn -0.0914 0.5195 -0.8496
vn 0.4167 -0.8750 0.2466
vn -0.3607 -0.4885 0.7945
vn 0.6817 -0.5250 -0.5097
vn 0.8371 -0.5393 0.0916
vn -0.5111 0.8509 -0.1215
vn 0.3535 -0.9009 -0.2519
vn -0.7256 -0.4950 0.4781
vn 0.3737 -0.5578 -0.7411
vn 0.3231 -0.4886 -0.8105
vn -0.5944 0.7588 0.2662
vn 0.9041 0.3650 -0.2221
vn -0.5020 0.6615 -0.5572
vn -0.0060 0.6627 0.7489
vn -0.4702 -0.2713 -0.8399
vn 0.4984 0.8269 0.2605
vn -0.0045 -0.2546 0.9670
vn -0.5194 0.4142 -0.7474
vn -0.8410 0.5371 -0.0646
vn -0.2069 0.5130 0.8331
vn -0.2720 -0.9009 0.3383
vn -0.9118 -0.2430 -0.3311
vn -0.5087 0.5517 -0.6610
vn -0.6670 0.2384 0.7059
vn -0.5925 -0.3438 -0.7285
vn 0.4807 0.3921 0.7844
vn -0.0971 -0.6260 0.7737
vn 0.0926 -0.8508 -0.5172
vn 0.0594 -0.9308 -0.3608
vn 0.7959 0.1232 -0.5928
vn 0.0859 -0.7619 -0.6419
vn 0.9358 -0.0051 -0.3524
vn -0.0377 0.9790 -0.2003
vn -0.1157 0.9734 0.1979
vn -0.7119 0.7022 -0.0148
vn -0.7177 -0.0414 -0.6952
vn 0.9251 -0.2205 0.3091
vn 0.1632 0.7346 -0.6586
vn 0.7844 -0.1946 0.5889
vn 0.1492 -0.8939 -0.4227
vn 0.4357 0.8575 -0.2737
vn 0.4113 0.8175 0.4030
vn 0.3009 0.5900 -0.7492
vn -0.9500 0.0194 -0.3117
vn 0.7852 -0.5144 0.3447
vn -0.7040 -0.4731 0.5297
vn -0.3127 -0.2091 0.9265
vn -0.7634 0.6459 0.0071
vn 0.6163 -0.7169 -0.3259
vn -0.1308 -0.9178 0.3749
vn -0.5277 0.4107 -0.7435
vn -0.5734 0.4158 -0.7059
vn -0.0365 -0.1736 -0.9841
vn -0.8156 -0.5485 -0.1840
vn -0.8794 0.4699 0.0769
vn 0.8676 -0.0998 -0.4871
vn -0.1661 -0.1732 0.9708
vn -0.5514 0.3250 0.7683
vn 0.4029 -0.0566 -0.9135
vn -0.0708 -0.8515 -0.5195
vn 0.8156 0.0626 0.5752
vn 0.6153 -0.6175 0.4901
vn 0.8093 0.0375 -0.5862
vn -0.0338 0.7111 0.7023
vn 0.0491 -0.0305 -0.9983
vn 0.8626 -0.3628 -0.3524
vn 0.1076 -0.1783 -0.9781
vn -0.8425 -0.3925 -0.3689
vn -0.1254 -0.4821 0.8671
vn 0.2084 -0.0449 0.9770
vn 0.7954 0.2858 -0.5345
vn 0.6332 -0.7217 0.2796
vn -0.3524 -0.8643 0.3590
vn 0.4013 0.6378 0.6574
vn 0.8208 -0.3577 0.4453
vn -0.1174 -0.1625 -0.9797
vn -0.2484 0.1677 0.9540
vn 0.7376 -0.6115 0.2865
vn 0.5082 -0.7214 -0.4703
vn -0.9425 -0.3312 0.0448
vn 0.5024 0.5003 0.7052
vn -0.6450 0.6252 -0.4394
vn 0.7425 -0.5925 0.3125
vn 0.6172 0.7346 0.2817
vn 0.6551 -0.1968 0.7295
vn -0.9624 -0.2548 0.0945
vn 0.2255 -0.9577 -0.1790
vn 0.1904 0.9674 0.1670
vn -0.6749 0.6604 0.3291
vn 0.9386 -0.1084 0.3275
vn 0.7950 -0.5303 -0.2945
vn -0.4985 0.4011 -0.7685
vn 0.6056 -0.5018 0.6176
vn -0.7848 -0.5121 0.3491
vn 0.7144 -0.0622 -0.6970
vn 0.0367 -0.0275 -0.9989
vn 0.3501 0.1885 -0.9176
vn 0.9871 -0.0755 0.1411
vn -0.8642 -0.1890 -0.4664
vn 0.7214 -0.6096 0.3286
vn -0.1059 0.0764 -0.9914
vn 0.5213 -0.2469 -0.8169
vn -0.5334 0.8458 -0.0100
vn -0.3440 0.7984 -0.4943
vn 0.9989 -0.0388 0.0247
vn -0.6822 -0.5495 0.4824
vn 0.3154 -0.9219 -0.2250
vn 0.7309 0.5909 -0.3414
vn -0.4220 0.7206 0.5501
vn 0.0167 -0.8170 0.5763
vn 0.6998 0.7070 -0.1023
vn 0.0142 0.9877 -0.1555
vn -0.1197 -0.6383 0.7604
vn -0.6223 -0.5164 0.5882
vn 0.2430 -0.8224 -0.5143
vn -0.1897 -0.5170 -0.8347
vn -0.1277 0.3991 0.9080
vn -0.1393 0.4083 0.9022
vn -0.6368 -0.6771 -0.3687
vn 0.6617 -0.6197 -0.4221
vn -0.5303 0.8478 0.0084
vn -0.5835 0.4391 -0.6832
vn 0.8612 -0.2355 -0.4504
vn 0.4003 0.8725 0.2801
vn 0.2968 0.7895 -0.5373
vn -0.4731 -0.7714 0.4255
vn -0.5191 0.0854 0.8504
vn -0.8326 -0.0603 -0.5506
vn -0.4059 0.7536 0.5170
vn -0.2275 0.9711 -0.0719
vn 0.3827 -0.9036 -0.1926
vn -0.1420 -0.6067 0.7821
vn 0.2331 -0.7604 0.6062
vn -0.5936 -0.7816 -0.1917
vn 0.2166 -0.9425 0.2547
vn 0.0138 -0.5339 -0.8454
vn 0.3699 -0.1939 -0.9086
vn -0.5107 0.8367 -0.1980
vn -0.7259 -0.0012 -0.6878
vn 0.4355 0.0030 -0.9002
vn 0.0563 0.0080 -0.9984
vn 0.8493 0.0106 -0.5277
vn 0.1970 -0.0777 -0.9773
vn -0.6552 0.3284 -0.6804
vn -0.4466 0.3789 -0.8105
vn -0.4608 0.3378 -0.8207
vn -0.2284 -0.6940 -0.6828
vn -0.3617 -0.6602 0.6583
vn 0.5949 -0.1832 -0.7826
vn -0.6974 0.7132 -0.0704
vn -0.9173 -0.3774 0.1272
vn -0.5507 -0.8156 -0.1777
vn -0.6592 0.6898 -0.2993
vn -0.1814 0.6733 0.7168
vn -0.9286 0.0101 -0.3709
vn -0.3893 0.3922 -0.8334
vn 0.4175 0.7576 -0.5017
vn -0.5301 0.7958 0.2927
vn 0.0048 0.3734 0.9277
vn 0.2080 -0.9780 0.0166
vn 0.4008 -0.0689 -0.9136
vn 0.1780 -0.1518 -0.9722
vn 0.6019 -0.1860 0.7766
vn -0.0138 0.7695 -0.6385
vn -0.6520 -0.5332 0.5391
vn 0.4530 -0.8450 0.2840
vn -0.4981 0.4336 -0.7509
vn -0.4775 -0.5038 0.7199
vn -0.0548 -0.5169 -0.8543
vn -0.6224 -0.4449 0.6440
vn 0.6555 0.7476 -0.1066
vn 0.6870 0.6983 0.2009
vn -0.3344 -0.9334 0.1302
vn 0.7234 -0.6243 -0.2948
vn 0.6339 -0.5682 0.5247
vn -0.6608 0.2962 -0.6897
vn -0.1105 -0.2929 0.9497
vn 0.9830 0.1196 -0.1396
vn 0.4942 0.8168 -0.2977
vn 0.3063 -0.7819 -0.5429
vn 0.1300 0.7037 0.6985
vn -0.1077 -0.9925 0.0574
vn -0.6524 0.3825 -0.6542
vn -0.3637 -0.7014 -0.6130
vn 0.7425 -0.5849 0.3266
vn -0.4417 0.7041 -0.5560
vn 0.3932 -0.8357 0.3834
vn 0.0416 0.9552 -0.2931
vn -0.0204 -0.9997 0.0162
vn -0.5232 -0.8057 -0.2777
vn 0.2328 -0.0439 0.9715
vn 0.6467 0.1286 0.7519
vn 0.8090 -0.4768 -0.3438
vn -0.0570 -0.8240 0.5638
vn 0.8324 0.4896 -0.2596
vn -0.4189 -0.0744 -0.9050
vn 0.7908 -0.5353 0.2969
vn -0.7836 0.5443 0.2996
vn 0.2416 0.5548 -0.7961
vn -0.6531 -0.5383 0.5326
vn -0.2516 -0.8929 0.3734
vn 0.6430 0.5278 -0.5550
vn 0.5548 -0.0187 -0.8318
vn -0.5998 0.4903 0.6324
vn -0.8951 -0.4444 -0.0357
vn -0.5593 0.5842 0.5881
vn 0.6055 0.0120 -0.7957
vn -0.5141 -0.8515 -0.1036
vn 0.1923 -0.9692 -0.1537
vn -0.9113 0.3720 0.1766
vn 0.9426 0.2621 0.2072
vn 0.7732 -0.3121 -0.5520
vn 0.7606 -0.0884 -0.6431
vn 0.6945 -0.6015 0.3948
vn -0.1353 -0.4190 -0.8979
vn -0.4799 -0.8632 0.1566
vn 0.8854 -0.3482 -0.3080
vn 0.2880 0.1869 0.9392
vn 0.0369 -0.3460 -0.9375
vn -0.4647 0.8844 -0.0428
vn 0.1399 -0.6495 -0.7473
vn 0.4329 0.6318 -0.6429
vn -0.1210 -0.7915 0.5991
vn -0.4970 0.4452 -0.7448
vn -0.0966 -0.9946 0.0367
vn 0.2829 0.2251 0.9324
vn 0.0880 0.8717 -0.4822
vn -0.2487 -0.8943 0.3720
vn -0.2705 -0.8366 0.4765
vn -0.7379 -0.0748 -0.6708
vn -0.1463 0.4462 0.8829
vn 0.3535 -0.3560 0.8650
vn 0.5762 -0.1729 -0.7988
vn -0.1959 -0.8965 -0.3974
vn -0.4133 0.3029 -0.8587
vn -0.7054 0.2228 0.6729
vn 0.0271 -0.9897 -0.1404
vn 0.4390 -0.2910 -0.8501
vn -0.5481 0.8342 0.0604
vn -0.0582 -0.7423 -0.6676
vn -0.8459 -0.1957 -0.4962
vn 0.5589 -0.8220 0.1096
vn -0.9032 0.4071 0.1358
vn -0.1732 -0.7230 0.6687
vn -0.4635 0.8816 0.0893
vn 0.4637 0.7902 -0.4007
vn 0.1244 0.1671 0.9781
vn 0.2004 -0.9043 0.3770
vn -0.6870 -0.6349 0.3533
vn 0.9934 0.1093 0.0343
vn -0.4061 0.7539 0.5164
vn 0.9411 0.0003 0.3380
vn -0.8139 -0.5272 -0.2443
vn -0.9264 -0.3733 -0.0485
vn -0.8548 -0.1511 -0.4965
vn -0.0492 0.3450 0.9373
vn 0.9577 -0.0983 -0.2704
vn 0.9844 -0.1627 0.0664
vn -0.4478 -0.6588 -0.6045
vn -0.7701 0.4363 -0.4655
vn 0.8216 0.5224 -0.2281
vn -0.8236 -0.4032 0.3988
vn -0.7323 0.4675 -0.4952
vn -0.7575 0.6516 -0.0394
vn 0.8895 0.3363 -0.3094
vn 0.3622 0.7425 0.5635
vn 0.3863 0.8445 0.3711
vn -0.5343 0.8328 -0.1445
vn 0.7574 -0.0569 -0.6504
vn 0.6757 0.1278 -0.7260
vn -0.8220 -0.5657 -0.0661
vn 0.4652 0.7926 0.3942
vn 0.3855 -0.6249 -0.6789
vn 0.8014 0.5889 0.1042
vn 0.3884 -0.1343 0.9117
vn 0.2292 -0.6498 0.7247
vn -0.7784 -0.0075 0.6278
vn 0.0179 -0.7846 -0.6197
vn -0.3904 0.8012 0.4535
vn -0.8182 -0.1407 -0.5574
vn -0.8095 -0.5868 -0.0185
vn -0.0158 -0.8942 0.4473
vn -0.5880 0.7648 0.2635
vn -0.5905 0.7630 0.2629
vn -0.1871 -0.3362 -0.9230
vn -0.4071 -0.3044 0.8611
vn -0.0182 -0.7740 -0.6329
vn -0.6075 -0.7738 -0.1793
vn 0.5517 -0.0286 -0.8335
vn 0.0025 -0.0314 0.9995
vn -0.9827 0.1445 -0.1158
vn -0.5292 -0.8109 0.2498
vn -0.0002 -0.1041 -0.9946
vn -0.4851 -0.5810 -0.6535
vn -0.2506 -0.2412 0.9376
vn 0.4445 -0.8336 0.3279
vn -0.5432 -0.6646 0.5131
vn -0.2715 0.0801 0.9591
vn -0.9030 -0.4283 0.0331
vn 0.3399 0.8339 0.4348
vn 0.6194 0.0670 -0.7822
vn 0.7906 -0.6032 0.1051
vn -0.5500 -0.7280 0.4093
vn 0.4153 -0.8334 0.3648
vn -0.9942 0.0631 -0.0871
vn -0.4997 -0.4918 -0.7130
vn -0.9285 0.3165 -0.1942
vn 0.2216 -0.1872 -0.9570
vn -0.5760 0.4039 -0.7107
vn -0.5316 0.5468 0.6468
vn 0.3763 0.7592 -0.5311
vn 0.1248 -0.9914 0.0399
vn -0.2468 -0.4419 0.8624
vn -0.2867 -0.3681 0.8845
vn 0.3574 0.3781 -0.8540
vn -0.0684 0.0285 -0.9973
vn 0.6775 -0.2523 0.6909
vn 0.8658 0.3734 -0.3331
vn -0.3696 0.7956 -0.4801
vn -0.9295 0.3605 -0.0783
vn -0.4976 0.0580 0.8655
vn 0.7793 -0.1836 -0.5991
vn 0.7590 -0.1854 -0.6242
vn 0.4498 0.7221 -0.5256
vn 0.1034 -0.7017 -0.7050
vn 0.6777 -0.1328 -0.7232
vn 0.5263 -0.2590 0.8099
vn 0.6303 -0.5515 0.5464
vn 0.7236 -0.6885 0.0489
vn 0.8300 -0.2684 -0.4890
vn 0.6091 0.3926 0.6891
vn 0.2323 0.8503 0.4722
vn -0.9909 0.0345 -0.1302
vn -0.4180 0.5637 -0.7124
vn -0.9868 -0.1577 -0.0377
vn 0.3533 0.1618 -0.9214
vn -0.3488 -0.1466 -0.9257
vn -0.2839 0.8995 0.3322
vn -0.3984 0.7239 0.5633
vn 0.7411 -0.2625 -0.6180
vn -0.4543 0.6467 0.6127
vn 0.9815 -0.0545 -0.1836
vn 0.5078 0.8611 0.0255
vn 0.0419 -0.5714 0.8196
vn 0.9792 -0.1920 0.0650
vn -0.9630 -0.0382 -0.2669
vn 0.8354 0.4926 -0.2437
vn 0.5906 -0.3281 -0.7373
vn -0.8645 -0.1252 0.4868
vn 0.7169 -0.3765 0.5868
vn 0.6445 -0.7644 -0.0145
vn 0.3925 -0.3673 0.8432
vn 0.3683 0.9297 0.0073
vn 0.1902 -0.9680 0.1634
vn 0.0715 0.9534 0.2932
vn -0.2856 0.1773 0.9418
vn 0.0582 -0.6922 0.7194
vn 0.6525 -0.6625 0.3679
vn 0.6846 0.4509 -0.5728
vn 0.2376 -0.9707 -0.0352
vn -0.0117 0.3361 0.9417
vn -0.3088 -0.8635 0.3987
vn -0.8626 0.3162 -0.3949
vn -0.0130 -0.9342 0.3564
vn -0.7442 -0.2605 -0.6151
vn -0.2017 -0.8952 0.3975
vn 0.5945 -0.6616 0.4569
vn -0.0777 0.9743 -0.2115
vn 0.0040 -0.7713 -0.6365
vn 0.4849 0.6984 -0.5264
vn 0.8156 0.1316 0.5635
vn -0.7821 -0.1196 -0.6116
vn -0.2903 -0.6654 -0.6877
vn 0.1883 -0.0744 -0.9793
vn -0.8823 0.2865 -0.3733
vn -0.6010 -0.1669 -0.7816
vn 0.7533 0.6573 0.0208
vn 0.3075 -0.2292 -0.9235
vn 0.1091 0.9059 -0.4091
vn -0.7399 -0.4898 0.4610
vn -0.3630 0.7214 0.5897
vn 0.6032 0.2207 -0.7665
vn 0.0130 -0.1694 0.9855
vn -0.0589 -0.9926 0.1062
vn -0.4794 -0.8750 -0.0672
vn -0.3756 0.6199 0.6889
vn -0.9850 0.1596 -0.0654
vn 0.7347 0.2412 0.6341
vn 0.1802 -0.9374 0.2979
vn 0.2717 0.0637 0.9603
vn -0.9993 -0.0363 -0.0071
vn 0.7181 0.6893 0.0959
vn 0.8863 -0.0438 -0.4611
vn -0.1283 0.9235 0.3614
vn -0.1414 -0.9499 0.2787
vn -0.0694 -0.9065 0.4164
vn 0.4094 -0.1974 -0.8908
vn 0.7238 -0.6158 0.3113
vn -0.2001 -0.1375 0.9701
vn -0.0238 -0.6916 0.7219
vn -0.7251 0.5786 -0.3733
vn -0.2207 -0.7989 0.5596
vn -0.5037 -0.4477 -0.7388
vn -0.1089 -0.4676 -0.8772
vn 0.9026 0.4293 -0.0324
vn -0.3701 -0.0229 -0.9287
vn 0.6144 0.2388 0.7520
vn 0.5942 0.5905 -0.5461
vn 0.6671 0.5755 -0.4731
vn 0.1183 0.6937 -0.7105
vn -0.2545 0.9532 0.1634
vn 0.7683 0.6210 -0.1552
vn -0.1182 -0.9724 0.2009
vn 0.7140 0.0998 -0.6930
vn 0.0803 -0.2423 0.9669
vn 0.1573 -0.3327 -0.9298
vn -0.2824 -0.6982 -0.6578
vn 0.9019 -0.4164 0.1151
vn 0.2628 -0.9000 -0.3478
vn -0.8367 -0.5300 -0.1376
vn -0.0278 -0.6886 0.7246
vn -0.0479 0.9973 -0.0552
vn -0.5798 0.1541 0.8000
vn 0.0408 0.7908 -0.6107
vn -0.3026 -0.5936 0.7457
vn -0.5244 0.3672 0.7682
vn 0.1765 -0.5858 -0.7910
vn -0.1688 0.2841 0.9438
vn -0.8617 0.4813 -0.1608
vn -0.0405 -0.9941 0.1001
vn -0.2997 -0.6488 -0.6994
vn -0.1520 -0.9520 0.2658
vn 0.3708 -0.7474 -0.5512
vn -0.4741 -0.1665 -0.8646
vn 0.9702 -0.0717 -0.2315
vn -0.7292 -0.6428 -0.2347
vn 0.8150 0.2800 0.5073
vn -0.6047 0.7359 0.3046
vn 0.3781 0.9075 -0.1831
vn 0.3693 0.9159 -0.1572
vn -0.2583 0.9659 0.0207
vn 0.6485 0.6974 -0.3051
vn -0.1654 -0.8340 0.5263
vn 0.4504 0.7072 -0.5449
vn -0.0111 0.6198 -0.7847
vn -0.1865 -0.6540 -0.7331
vn 0.7427 -0.3466 0.5729
vn -0.8267 -0.0549 -0.5600
vn -0.7157 -0.0075 -0.6983
vn 0.3187 0.0350 -0.9472
vn 0.6728 0.1126 -0.7312
vn 0.8222 0.5317 -0.2032
vn 0.5197 0.7080 -0.4781
vn -0.3854 0.7059 -0.5943
vn -0.6622 -0.0782 -0.7452
vn 0.8053 -0.2467 -0.5391
vn -0.9131 0.3030 -0.2728
vn 0.9159 -0.3745 -0.1444
vn -0.6303 -0.6752 -0.3831
vn 0.7972 -0.2186 0.5627
vn 0.4249 -0.2500 -0.8700
vn 0.9335 0.1907 -0.3038
vn -0.1854 0.8320 -0.5229
vn -0.6303 -0.3107 -0.7115
vn 0.5534 0.7683 0.3218
vn -0.2709 0.1212 0.9549
vn -0.0235 0.9785 0.2048
vn 0.6608 0.7247 0.1953
vn 0.7697 0.6096 -0.1899
vn 0.5420 0.7612 -0.3561
vn -0.8502 -0.0598 0.5230
vn 0.3563 0.1374 0.9242
vn -0.7192 -0.0067 -0.6948
vn 0.2668 0.1571 0.9509
vn -0.3511 -0.4831 0.8021
vn -0.8153 -0.1028 -0.5698
vn -0.5091 0.3958 -0.7643
vn 0.2752 -0.1814 -0.9441
vn 0.6394 -0.6147 -0.4618
vn 0.6623 -0.6676 0.3401
vn -0.9775 0.1073 0.1816
vn -0.3676 -0.9115 -0.1844
vn -0.4599 0.8320 0.3104
vn -0.7003 0.4608 0.5453
vn -0.1890 0.9473 0.2587
vn 0.4465 -0.6816 -0.5797
vn -0.4606 -0.3789 0.8027
vn -0.0232 0.0136 -0.9996
vn -0.0222 0.3816 -0.9241
vn 0.8048 -0.3418 -0.4853
vn -0.3789 -0.6037 0.7014
vn 0.6997 -0.7036 -0.1239
vn -0.0541 -0.9800 -0.1912
vn 0.6760 0.7105 -0.1952
vn -0.2118 0.9041 0.3711
vn -0.8367 0.5115 0.1956
vn 0.1305 0.9914 -0.0130
vn -0.5347 0.6197 -0.5745
vn 0.9950 0.0636 -0.0776
vn -0.2839 0.0836 0.9552
vn -0.4416 0.6894 -0.5742
vn 0.8514 0.1249 -0.5095
vn 0.5194 0.2693 -0.8110
vn -0.7223 -0.4558 -0.5201
vn -0.9201 0.3637 0.1456
vn 0.7740 0.2062 -0.5987
vn 0.0012 -0.4841 -0.8750
vn 0.4491 0.6643 -0.5975
vn -0.3111 -0.8429 0.4390
vn 0.7532 0.5994 -0.2709
vn -0.0065 -0.5112 -0.8594
vn 0.3211 0.9169 0.2368
vn -0.3401 0.7419 0.5779
vn -0.5412 0.5274 0.6549
vn 0.8839 0.0377 -0.4662
vn 0.6035 0.0261 0.7970
vn 0.0112 -0.8858 0.4639
vn -0.5114 -0.5719 0.6414
vn 0.0133 -0.9317 -0.3630
vn -0.1368 -0.6818 -0.7186
vn 0.5915 -0.1989 -0.7814
vn 0.3796 0.3681 -0.8488
vn 0.5314 -0.2456 -0.8107
vn -0.3369 0.6141 -0.7138
vn 0.8418 0.2860 -0.4579
vn -0.4475 -0.6307 -0.6340
vn 0.8216 -0.4816 -0.3049
vn 0.9126 -0.2723 0.3049
vn -0.9264 -0.3485 0.1425
vn 0.1152 -0.8112 0.5733
vn 0.8986 0.3872 0.2064
vn -0.5293 -0.3091 0.7901
vn -0.5497 -0.7830 -0.2911
vn 0.2171 -0.7617 0.6105
vn -0.6338 0.7567 -0.1603
vn 0.2892 -0.1969 -0.9368
vn 0.8893 0.4529 0.0635
vn 0.5550 -0.1529 -0.8177
vn -0.6641 -0.7392 -0.1122
vn -0.2959 -0.7786 0.5534
vn 0.7371 -0.6750 -0.0326
vn -0.6149 0.3003 0.7292
vn -0.0155 -0.9986 0.0507
vn 0.2729 0.7501 -0.6024
vn -0.5060 -0.6719 -0.5408
vn 0.1285 -0.4690 0.8738
vn -0.8989 -0.4376 0.0203
vn -0.8056 -0.5648 -0.1787
vn 0.3863 0.8112 0.4390
vn 0.8637 -0.0188 -0.5036
vn -0.0918 -0.1047 -0.9903
vn -0.7193 -0.6562 -0.2279
vn 0.5893 -0.3764 -0.7149
vn -0.6622 -0.5185 0.5410
vn 0.6019 -0.5829 0.5458
vn 0.3840 0.6664 0.6391
vn 0.3294 -0.8051 -0.4932
vn 0.1340 -0.1116 0.9847
vn -0.5473 -0.8129 -0.1992
vn 0.5356 -0.8330 -0.1387
vn -0.0087 0.6846 -0.7288
vn -0.8582 0.4990 -0.1207
vn -0.4199 -0.3103 0.8529
vn -0.3780 -0.4406 0.8142
vn 0.1111 0.1708 0.9790
vn -0.7100 0.7027 -0.0461
vn 0.4398 -0.8756 -0.2000
vn 0.7192 0.6874 0.1009
vn -0.2767 0.8937 0.3532
vn 0.0668 -0.1019 -0.9926
vn 0.5332 -0.2198 0.8169
vn 0.0838 0.8057 0.5863
vn -0.0615 -0.4031 -0.9131
vn -0.6546 0.6049 0.4535
vn 0.6038 -0.7683 -0.2123
vn 0.5014 0.4246 0.7539
vn -0.3902 0.7415 0.5458
vn -0.3714 0.8373 0.4013
vn 0.9938 -0.0024 -0.1115
vn -0.0110 -0.4311 -0.9023
vn -0.8119 -0.4049 0.4206
vn 0.6896 -0.1938 0.6978
vn 0.7746 -0.0241 -0.6320
vn 0.4394 0.6014 0.6672
vn 0.3795 0.8874 0.2616
vn -0.3845 0.2666 0.8838
vn 0.6298 0.7228 -0.2844
vn 0.1970 -0.9799 -0.0328
vn -0.5703 0.7442 -0.3478
vn -0.9081 -0.1154 0.4025
vn -0.9161 -0.0626 0.3961
vn 0.4672 0.8067 0.3619
vn 0.8584 -0.0648 -0.5089
vn 0.3158 -0.6501 0.6911
vn -0.1007 0.9540 -0.2825
vn 0.9405 -0.1305 -0.3138
vn 0.6143 -0.0547 -0.7871
vn 0.4906 0.7909 0.3656
vn 0.4755 0.7621 0.4395
vn -0.2022 0.0860 0.9756
vn 0.7721 -0.4842 -0.4115
vn 0.9727 0.1818 0.1444
vn -0.2202 0.9089 0.3541
vn 0.6111 -0.3696 0.6999
vn 0.1433 -0.7361 -0.6616
vn -0.8606 -0.5091 0.0098
vn -0.1296 -0.1735 -0.9763
vn 0.5324 -0.7640 0.3644
vn 0.6673 -0.1792 0.7229
vn 0.6658 0.5568 -0.4966
vn -0.6550 0.3176 -0.6857
vn -0.2067 0.9784 0.0057
vn 0.2703 -0.9372 -0.2204
vn 0.1041 -0.6221 0.7760
vn -0.6746 0.7087 0.2064
vn -0.1640 0.2158 0.9626
vn 0.8057 0.5460 0.2296
vn -0.6222 -0.7524 -0.2164
vn -0.7068 0.7008 0.0967
vn 0.9880 -0.1480 -0.0433
vn 0.6993 -0.6156 -0.3634
vn -0.6042 0.7362 0.3050
vn 0.1197 -0.5363 -0.8355
vn 0.1203 -0.2359 0.9643
vn 0.3657 -0.7105 -0.6012
vn 0.1403 -0.8995 0.4138
vn 0.6973 -0.3791 -0.6084
vn 0.7161 -0.4933 -0.4939
vn -0.6707 0.1824 -0.7189
vn -0.0718 -0.5053 0.8600
vn 0.9465 -0.3192 0.0471
vn 0.6598 0.2687 -0.7017
vn 0.3037 -0.9340 -0.1882
vn -0.8064 -0.2849 -0.5183
vn -0.2254 -0.1306 -0.9655
vn 0.5821 -0.6057 0.5424
vn -0.7109 0.6128 -0.3450
vn -0.6276 0.4773 0.6150
vn -0.4984 0.5446 -0.6745
vn 0.0420 -0.9819 -0.1849
vn -0.3794 -0.5978 0.7062
vn -0.5238 0.8488 0.0724
vn -0.0540 -0.8514 -0.5218
vn -0.8878 -0.0310 -0.4592
vn 0.7422 0.3700 0.5587
vn 0.1564 0.1415 -0.9775
vn -0.7623 0.1360 0.6328
vn 0.7074 0.6840 -0.1782
vn 0.1248 -0.9577 0.2594
vn 0.7776 -0.5389 0.3239
vn 0.0029 -0.9886 -0.1502
vn -0.5112 0.6452 0.5678
vn -0.3043 0.8702 0.3874
vn 0.6291 0.7176 0.2987
vn -0.2689 -0.4481 0.8526
vn 0.0765 -0.3829 0.9206
vn 0.7002 -0.7001 -0.1399
vn -0.1538 -0.2798 -0.9477
vn -0.7652 -0.1697 -0.6211
vn -0.8255 -0.3818 0.4156
vn -0.9880 0.1092 -0.1095
vn 0.5408 -0.0449 -0.8400
vn -0.8179 0.4665 -0.3368
vn 0.2405 0.4813 -0.8429
vn -0.3241 -0.6728 -0.6651
vn 0.3702 0.0527 -0.9275
vn -0.9124 0.3042 0.2739
vn 0.0631 -0.3261 -0.9432
vn -0.3066 0.5950 -0.7429
vn 0.0484 -0.3550 -0.9336
vn -0.5812 0.3410 -0.7388
vn 0.9467 0.0387 -0.3197
vn -0.0802 -0.7643 -0.6399
vn -0.3741 -0.6455 0.6658
vn 0.3395 0.8557 0.3905
vn -0.7108 0.0623 0.7006
vn 0.1451 0.9293 -0.3395
vn -0.0464 0.9917 -0.1196
vn -0.4263 0.8683 -0.2535
vn -0.1331 -0.4691 0.8730
vn -0.8185 0.2770 -0.5033
vn -0.5364 0.5113 0.6714
vn 0.4324 0.6116 0.6626
vn -0.2232 0.0886 -0.9707
vn 0.4634 0.7055 0.5363
vn -0.5525 -0.6664 -0.5007
vn -0.0675 -0.9684 -0.2401
vn -0.1434 -0.0375 -0.9890
vn 0.1897 0.1032 -0.9764
vn -0.9568 0.0650 -0.2833
vn 0.7005 0.1019 -0.7063
vn -0.8665 0.4506 0.2148
vn 0.4367 0.3348 -0.8350
vn -0.1939 -0.0002 0.9810
vn 0.3787 0.8292 0.4112
vn -0.6671 0.7038 -0.2444
vn -0.7842 -0.4918 0.3785
vn -0.5017 0.5275 0.6856
vn 0.5748 -0.8094 -0.1200
vn -0.8325 -0.2134 -0.5113
vn -0.8020 0.4016 -0.4421
vn -0.0511 -0.6257 0.7784
vn 0.8757 -0.4798 0.0535
vn 0.2140 0.2789 -0.9362
vn 0.3878 -0.8966 -0.2136
vn -0.4050 -0.0249 0.9140
vn 0.9631 0.1106 -0.2452
vn -0.9104 0.0502 0.4107
vn 0.4113 -0.5492 -0.7274
vn -0.3150 0.4212 -0.8505
vn 0.1101 -0.2845 -0.9523
vn 0.1170 -0.9924 0.0370
vn -0.5418 -0.5204 0.6600
vn -0.7335 0.0819 0.6747
vn -0.1980 -0.6125 -0.7653
vn 0.7569 0.1291 -0.6407
vn -0.8614 -0.3137 0.3995
vn 0.6434 -0.1562 0.7494
vn 0.9385 -0.3451 0.0103
vn -0.0078 -0.6917 -0.7221
vn 0.8439 -0.0483 0.5344
vn 0.7153 -0.3865 -0.5822
vn -0.5184 -0.5277 0.6729
vn 0.6606 -0.1777 0.7294
vn -0.1132 -0.7398 -0.6633
vn 0.5680 -0.2099 -0.7958
vn -0.7912 -0.2141 -0.5729
vn -0.9902 0.0763 -0.1174
vn 0.3041 -0.7698 -0.5613
vn -0.4091 -0.5638 0.7175
vn 0.0619 -0.4200 -0.9054
vn 0.6420 -0.6235 0.4461
vn -0.2454 0.6730 0.6978
vn -0.3938 0.2563 0.8828
vn -0.1206 -0.2784 -0.9529
vn -0.3906 0.8011 0.4535
vn 0.0690 0.1040 0.9922
vn -0.0226 -0.9514 0.3071
vn 0.8262 -0.2730 -0.4929
vn -0.9605 -0.2537 0.1146
vn -0.4006 0.8476 0.3479
vn 0.9353 0.3359 0.1115
vn 0.6532 0.6672 -0.3579
vn -0.9242 -0.2461 -0.2920
vn -0.5433 -0.7545 -0.3682
vn -0.0102 0.9990 0.0444
vn -0.2057 0.3272 0.9223
vn 0.8832 -0.1223 -0.4528
vn 0.3868 0.8440 0.3716
vn 0.5514 -0.1157 0.8262
vn -0.2084 -0.9328 0.2940
vn -0.2751 -0.8831 0.3800
vn 0.2418 -0.0813 0.9669
vn -0.4661 0.6572 0.5923
vn 0.5840 0.3108 -0.7499
vn -0.0255 0.0668 0.9974
vn -0.2821 0.4000 0.8720
vn 0.7213 -0.3911 -0.5717
vn 0.6606 0.0307 -0.7501
vn 0.0676 0.9806 -0.1840
vn -0.5859 -0.2497 0.7710
vn 0.7355 0.5354 -0.4152
vn 0.5495 0.2474 -0.7981
vn -0.1899 -0.4147 0.8899
vn 0.1207 0.8946 -0.4303
vn 0.1190 -0.9923 -0.0331
vn 0.6703 -0.2528 0.6977
vn -0.2556 -0.6041 -0.7549
vn 0.2594 -0.8850 0.3867
vn 0.6516 -0.7051 -0.2798
vn -0.5487 0.4731 -0.6893
vn 0.6477 -0.0395 -0.7609
vn -0.2056 -0.9783 0.0237
vn -0.2740 -0.9615 -0.0196
vn -0.2810 0.8252 -0.4900
vn 0.9303 -0.0502 -0.3634
vn -0.1024 0.7258 -0.6802
vn 0.5517 -0.0991 0.8281
vn -0.1937 -0.9474 0.2549
vn 0.1178 0.4350 -0.8927
vn -0.9928 -0.0479 -0.1095
vn 0.8792 -0.4509 -0.1542
vn -0.9670 0.1299 -0.2193
vn 0.9225 -0.2694 0.2765
vn -0.5219 0.5691 0.6354
vn -0.8912 -0.4197 0.1721
vn 0.6860 0.7256 0.0536
vn -0.1176 0.4917 0.8628
vn -0.9169 0.1597 0.3659
vn -0.0294 -0.7376 -0.6745
vn 0.5313 -0.1484 -0.8341
vn -0.0451 0.9930 0.1089
vn 0.7049 0.0142 -0.7092
vn 0.8051 -0.5372 0.2514
vn 0.7604 0.0970 -0.6422
vn -0.6712 0.6902 0.2703
vn 0.4610 0.8826 -0.0920
vn -0.7587 0.0505 -0.6494
vn 0.0717 -0.1814 0.9808
vn 0.7470 -0.2556 -0.6137
vn -0.3422 0.6513 0.6773
vn 0.3629 0.8696 0.3348
vn 0.4169 0.8040 0.4240
vn -0.2504 -0.5172 0.8184
vn 0.4674 0.2011 0.8608
vn 0.4165 0.1552 -0.8958
vn -0.0743 0.3109 0.9475
vn -0.6375 0.7657 0.0853
vn 0.7791 0.0135 0.6268
vn -0.0278 -0.4760 -0.8790
vn -0.7250 0.6544 -0.2150
vn -0.7847 -0.3072 0.5384
vn -0.3531 0.8100 -0.4683
vn 0.0570 0.8267 0.5598
vn 0.4911 0.8030 0.3377
vn -0.4791 -0.6083 -0.6328
vn 0.1629 0.2536 0.9535
vn 0.7685 -0.2214 0.6003
vn 0.6391 0.2045 0.7414
vn 0.0376 -0.7695 -0.6375
vn 0.0998 -0.0842 -0.9914
vn -0.4514 -0.4909 0.7451
vn -0.0298 -0.2207 0.9749
vn -0.4127 -0.1140 -0.9037
vn 0.9084 0.3751 -0.1849
vn -0.2330 0.0222 0.9722
vn -0.3621 0.7841 0.5041
vn -0.7937 0.0550 -0.6058
vn 0.5984 -0.7445 -0.2960
vn -0.2973 0.6365 0.7117
vn -0.0775 -0.1216 0.9895
vn 0.7802 0.4852 0.3947
vn 0.0005 -0.6047 -0.7964
vn 0.0071 -0.7435 -0.6687
vn 0.3973 -0.3037 -0.8660
vn 0.0147 -0.1487 0.9888
vn 0.6020 -0.0689 -0.7955
vn -0.0690 -0.1588 0.9849
vn 0.8822 -0.1134 -0.4570
vn -0.6624 -0.6291 -0.4067
vn -0.4844 0.5937 0.6425
vn 0.2588 0.5777 -0.7741
vn -0.6477 -0.5343 0.5432
vn 0.0642 -0.0816 -0.9946
vn 0.6151 -0.7643 -0.1938
vn 0.2435 0.9260 0.2886
vn 0.8222 0.4328 -0.3697
vn 0.5429 0.3198 -0.7765
vn -0.0677 -0.4658 0.8823
vn -0.5656 0.4895 0.6636
vn 0.8788 -0.4006 -0.2595
vn 0.7512 -0.2028 -0.6282
vn -0.4855 -0.8594 -0.1602
vn 0.8322 0.4018 0.3821
vn 0.7514 0.6587 0.0388
vn -0.0803 -0.0692 -0.9944
vn 0.8591 0.0943 -0.5030
vn -0.3599 0.9326 0.0274
vn -0.3181 0.9260 -0.2033
vn -0.0303 -0.9873 -0.1561
vn 0.7079 0.6732 -0.2136
vn 0.0576 0.8888 -0.4547
vn -0.5365 -0.8179 -0.2079
vn -0.2821 0.8084 -0.5166
vn 0.9368 0.2918 0.1931
vn -0.0008 -0.7638 -0.6454
vn -0.2260 0.6125 -0.7575
vn -0.2288 0.6103 -0.7584
vn 0.9027 -0.4101 0.1299
vn -0.4826 0.5801 0.6561
vn 0.0567 -0.5127 0.8567
vn 0.3402 0.9245 -0.1720
vn -0.5454 0.5863 -0.5990
vn 0.7451 0.4053 0.5297
vn -0.3687 -0.4259 0.8262
vn -0.3302 -0.0030 0.9439
vn 0.7281 0.6746 -0.1211
vn -0.0158 0.7017 -0.7123
vn -0.1521 -0.5575 -0.8161
vn 0.7640 0.4647 -0.4476
vn -0.8966 0.2883 0.3363
vn 0.6114 -0.7153 -0.3384
vn -0.8648 -0.4109 0.2885
vn 0.5160 0.6922 -0.5045
vn -0.7654 0.6429 -0.0297
vn -0.4637 -0.4425 -0.7675
vn 0.6964 0.3111 -0.6467
vn 0.7037 -0.6144 -0.3569
vn 0.7844 -0.1177 -0.6090
vn 0.4326 -0.4300 0.7925
vn 0.1267 0.2397 -0.9625
vn -0.8764 0.4387 -0.1989
vn 0.7082 -0.4484 0.5453
vn 0.8112 -0.5608 0.1658
vn 0.4465 -0.0812 0.8911
vn -0.1093 -0.7611 -0.6393
vn 0.0414 0.8317 -0.5536
vn -0.5699 0.4105 0.7119
vn 0.7437 0.1914 -0.6405
vn -0.2094 -0.4913 0.8454
vn 0.4667 0.2708 -0.8419
vn 0.0051 0.3232 0.9463
vn -0.8741 -0.4854 -0.0188
vn -0.7681 -0.5496 -0.3285
vn -0.0377 -0.4970 -0.8669
vn 0.2963 0.8950 0.3335
vn -0.9206 -0.2483 0.3015
vn -0.0460 0.9872 -0.1527
vn 0.7231 0.0663 0.6876
vn 0.1839 0.9188 0.3494
vn 0.4089 -0.5165 -0.7523
vn 0.7378 -0.6123 0.2841
vn -0.8994 -0.2840 0.3322
vn -0.3025 -0.6231 0.7213
vn -0.3195 -0.2739 -0.9071
vn 0.6160 0.5704 0.5434
vn -0.4412 -0.5146 0.7352
vn 0.1085 0.9065 -0.4080
vn 0.8026 0.5201 0.2921
vn -0.9123 0.3793 -0.1546
vn 0.5093 -0.5871 0.6293
vn 0.0854 0.8478 0.5235
vn 0.7637 0.3709 -0.5284
vn 0.8875 -0.2728 0.3713
vn -0.7450 0.6578 0.1109
vn 0.7466 0.1064 -0.6567
vn -0.9984 -0.0412 0.0374
vn 0.2372 -0.7346 -0.6357
vn -0.0036 -0.1693 0.9856
vn -0.3473 -0.6032 0.7180
vn 0.6864 0.6680 -0.2873
vn -0.5378 0.3590 -0.7628
vn 0.1144 -0.9157 0.3853
vn 0.1325 -0.7018 0.6999
vn -0.0621 0.8982 -0.4352
vn 0.6616 -0.3863 -0.6427
vn 0.1198 0.9053 -0.4076
vn 0.1036 -0.0710 -0.9921
vn 0.6380 0.2105 -0.7407
vn 0.0916 -0.9773 -0.1913
vn -0.6766 -0.5573 0.4812
vn 0.4203 -0.7453 -0.5176
vn 0.6432 -0.6456 -0.4118
vn -0.1778 0.9833 -0.0383
vn -0.6469 0.7566 -0.0953
vn -0.7913 0.6037 -0.0974
vn -0.9339 0.3552 0.0396
vn -0.7829 -0.1537 -0.6029
vn 0.9082 0.2862 -0.3053
vn 0.1911 0.7045 -0.6835
vn -0.3874 -0.6254 -0.6773
vn 0.6605 -0.2679 0.7014
vn 0.0518 0.9868 0.1537
vn 0.7637 -0.1686 -0.6231
vn -0.5167 -0.8063 0.2878
vn -0.5493 -0.7594 -0.3485
vn 0.9017 0.3041 0.3073
vn 0.0531 -0.1613 -0.9855
vn 0.3323 0.3361 -0.8813
vn 0.1256 -0.9778 -0.1676
vn -0.0427 0.9893 -0.1394
vn -0.1260 0.8215 0.5561
vn 0.2484 -0.8949 0.3706
vn 0.7973 0.5205 0.3057
vn -0.7496 -0.4135 0.5168
vn 0.0834 0.7492 -0.6571
vn -0.2566 -0.6090 0.7506
vn -0.5164 -0.4537 -0.7262
vn 0.4615 0.7217 -0.5160
vn 0.4716 -0.1535 -0.8683
vn -0.9529 0.2809 0.1143
vn 0.8205 -0.1254 0.5578
vn -0.0563 -0.3454 -0.9368
vn 0.4124 0.8045 0.4275
vn -0.7495 -0.4088 0.5206
vn -0.6376 0.6599 -0.3975
vn 0.0912 0.9957 0.0135
vn -0.6686 -0.6683 -0.3262
vn 0.0386 0.8772 0.4785
vn 0.7414 0.5825 -0.3330
vn -0.2208 0.2769 0.9352
vn -0.3359 -0.0796 0.9385
vn 0.2564 0.9119 0.3205
vn 0.6883 -0.2449 0.6828
vn 0.3668 -0.2598 -0.8933
vn -0.5378 -0.8370 0.1008
vn -0.6553 0.0827 0.7508
vn -0.9642 -0.2650 0.0022
vn 0.1028 0.8374 -0.5369
vn 0.6507 0.4251 0.6292
vn 0.5809 0.6384 0.5049
vn 0.5314 -0.2474 -0.8102
vn 0.0532 0.3347 0.9408
vn 0.0712 0.6637 -0.7446
vn 0.6971 -0.2696 -0.6644
vn -0.9478 -0.1893 0.2567
vn -0.7710 0.5030 0.3905
vn -0.0886 0.8858 0.4554
vn 0.0891 0.7642 0.6388
vn 0.7923 -0.0917 0.6032
vn -0.3648 -0.7957 0.4835
vn 0.3277 -0.1786 -0.9278
vn -0.8731 0.0416 0.4858
vn 0.0379 0.3497 0.9361
vn 0.6384 0.7478 0.1824
vn 0.2834 0.7115 0.6430
vn 0.6569 0.4275 0.6211
vn -0.1689 0.7586 0.6293
vn -0.0285 0.8811 -0.4720
vn -0.3538 -0.2383 -0.9045
vn 0.2825 -0.2098 -0.9360
vn 0.1563 0.7122 0.6844
vn 0.7633 -0.2806 0.5820
vn -0.0725 -0.5138 -0.8548
vn -0.2764 -0.5771 0.7685
vn -0.1973 -0.7462 0.6359
vn 0.7382 0.0286 0.6740
vn -0.9402 0.3301 -0.0842
vn -0.9668 -0.2099 -0.1456
vn 0.4027 0.8000 -0.4448
vn 0.4920 -0.3436 0.7999
vn -0.9625 0.2605 -0.0750
vn -0.7928 -0.5812 -0.1836
vn 0.0429 -0.2831 -0.9581
vn -0.8570 0.3709 -0.3578
vn 0.9947 -0.1023 -0.0125
vn 0.1571 0.9608 0.2286
vn 0.8689 0.4916 -0.0584
vn -0.3372 -0.3536 0.8725
vn 0.8739 0.4106 0.2602
vn -0.4203 0.6297 0.6533
vn 0.4102 0.8176 0.4041
vn 0.7760 -0.6242 0.0905
vn -0.0427 0.8589 0.5104
vn -0.2170 -0.1553 0.9637
vn -0.5810 0.8133 -0.0330
vn 0.0480 -0.4321 -0.9006
vn -0.1170 0.9544 -0.2746
vn 0.4644 0.7156 -0.5218
vn -0.8105 0.5087 -0.2902
vn 0.2035 0.1911 -0.9602
vn 0.2565 0.0763 0.9635
vn -0.1573 0.5232 -0.8375
vn -0.5460 0.5088 0.6656
vn 0.5987 0.7358 -0.3166
vn 0.9851 0.1186 -0.1245
vn 0.7098 0.2092 -0.6726
vn -0.5172 -0.6336 -0.5754
vn -0.0101 -0.5048 -0.8632
vn 0.2695 0.7289 0.6293
vn 0.8386 -0.3549 0.4132
vn -0.3946 -0.8686 0.2998
vn -0.5718 0.4602 0.6792
vn -0.6673 0.2268 -0.7095
vn 0.1761 0.8783 0.4444
vn 0.1620 0.0348 -0.9862
vn 0.0406 -0.4209 -0.9062
vn -0.4430 0.8846 -0.1455
vn -0.3318 0.0845 -0.9396
vn -0.4179 -0.0397 -0.9076
vn -0.4495 -0.0195 0.8930
vn -0.0958 -0.7340 0.6723
vn 0.2913 -0.8511 0.4367
vn 0.6823 -0.2406 -0.6904
vn 0.7645 0.5659 0.3088
vn 0.2996 -0.8936 -0.3342
vn -0.0264 -0.9131 -0.4070
vn 0.5673 -0.3917 0.7244
vn 0.2494 -0.0624 0.9664
vn -0.0399 0.9169 -0.3971
vn 0.1433 0.9702 0.1952
vn -0.2279 0.9714 -0.0667
vn 0.2496 -0.6889 -0.6806
vn -0.7527 -0.6245 0.2086
vn -0.3372 0.6471 0.6837
vn -0.2039 0.7619 -0.6147
vn -0.4261 0.7839 -0.4516
vn -0.8202 -0.2940 -0.4907
vn -0.1428 0.9827 0.1178
vn 0.3677 -0.5451 0.7535
vn -0.9010 0.3800 -0.2094
vn 0.0019 0.7452 -0.6668
vn 0.8627 0.4571 -0.2163
vn 0.5246 0.3177 0.7899
vn 0.7882 -0.4074 -0.4613
vn 0.1254 0.2831 0.9509
vn 0.8396 -0.1229 -0.5292
vn 0.0473 0.4535 -0.8900
vn 0.7965 0.5695 -0.2032
vn 0.0783 -0.0810 -0.9936
vn 0.6703 -0.4763 -0.5691
vn 0.1156 0.8727 0.4744
vn -0.8026 0.5442 0.2444
vn 0.0498 -0.5743 -0.8171
vn -0.4386 -0.0191 0.8985
vn -0.0026 0.0426 -0.9991
vn 0.3593 -0.9249 -0.1240
vn 0.0555 0.8396 -0.5403
vn -0.7549 0.5737 0.3178
vn 0.8977 -0.0476 -0.4380
vn -0.8070 -0.5761 0.1300
vn -0.1705 -0.1382 -0.9756
vn -0.9731 -0.2192 0.0715
vn -0.2590 -0.1982 0.9453
vn -0.1872 -0.0265 -0.9820
vn 0.6710 -0.1605 -0.7239
vn 0.2228 0.9610 -0.1639
vn 0.2239 0.7562 0.6149
vn -0.1434 -0.0146 -0.9896
vn -0.0806 0.3952 0.9151
vn 0.4597 0.5266 0.7150
vn -0.9253 0.1629 0.3426
vn -0.8497 -0.0871 -0.5201
vn 0.6568 -0.4968 0.5673
vn 0.7715 -0.6359 0.0229
vn 0.7415 -0.2653 -0.6163
vn 0.0054 0.9907 -0.1360
vn -0.0870 0.9620 0.2590
vn 0.0878 0.2517 0.9638
vn 0.4851 0.6738 -0.5574
vn -0.7085 0.7056 -0.0111
vn 0.4390 0.7522 -0.4914
vn 0.3567 0.8103 -0.4650
vn 0.6713 -0.7404 0.0337
vn -0.5682 -0.7212 -0.3964
vn 0.4163 0.2927 0.8608
vn -0.0189 0.6327 0.7742
vn -0.5886 -0.8084 -0.0080
vn 0.5398 0.2650 -0.7990
vn 0.8746 -0.3851 0.2945
vn -0.3260 0.5445 -0.7728
vn -0.3278 -0.6102 0.7213
vn -0.5277 0.6247 -0.5756
vn 0.6843 -0.2720 -0.6766
vn -0.6684 -0.6392 0.3803
vn -0.7963 0.5308 -0.2902
vn 0.6784 0.6577 -0.3273
vn -0.9938 0.0531 -0.0979
vn -0.9501 -0.3052 0.0652
vn -0.9506 -0.1455 -0.2740
vn 0.8865 -0.4563 0.0763
vn 0.7392 0.6044 -0.2972
vn 0.6601 -0.0378 0.7502
vn -0.7565 0.6385 -0.1416
vn 0.0488 -0.8146 -0.5780
vn 0.6730 -0.5069 -0.5386
vn -0.7568 0.0647 0.6505
vn 0.6832 0.5462 -0.4846
vn 0.1585 0.7469 -0.6458
vn -0.1462 -0.6250 0.7668
vn 0.7686 0.6163 -0.1717
vn 0.7565 -0.3156 -0.5728
vn 0.1045 -0.8956 0.4325
vn -0.6277 0.2410 0.7402
vn 0.9074 0.3754 -0.1890
vn -0.0156 -0.2491 0.9684
vn 0.0645 0.9280 -0.3668
vn -0.9862 -0.1541 0.0600
vn 0.9374 -0.3196 0.1381
vn 0.8540 -0.4474 0.2657
vn 0.1709 -0.2616 -0.9499
vn 0.1295 -0.9546 0.2684
vn -0.8899 -0.2433 0.3858
vn -0.4214 -0.1488 0.8946
vn -0.1623 0.9864 -0.0242
vn -0.0803 -0.9950 -0.0585
vn 0.1918 0.1023 -0.9761
vn 0.5059 -0.3540 0.7866
vn 0.1304 -0.2541 -0.9584
vn 0.0676 0.2709 -0.9602
vn 0.0993 0.8884 -0.4481
vn -0.3010 -0.8364 0.4581
vn -0.0436 -0.0692 -0.9967
vn -0.7304 0.6506 0.2080
vn 0.7587 0.1033 0.6432
vn -0.8128 0.5819 -0.0277
vn 0.9736 -0.2281 -0.0080
vn -0.8358 -0.5483 -0.0288
vn -0.0757 0.8851 -0.4592
vn -0.6063 -0.7750 -0.1780
vn 0.2766 -0.6652 -0.6935
vn 0.6871 -0.7219 -0.0823
vn 0.0622 0.9650 0.2547
vn 0.0874 0.9503 0.2987
vn -0.6096 0.7566 0.2365
vn 0.3102 0.2003 -0.9293
vn 0.8425 0.4552 -0.2879
vn -0.0033 -0.8871 0.4616
vn -0.3322 -0.7749 0.5378
vn -0.2307 -0.1814 -0.9560
vn -0.8063 -0.1168 -0.5799
vn 0.6770 -0.7359 0.0101
vn 0.2874 0.7975 -0.5304
vn 0.1599 -0.4799 -0.8626
vn -0.1046 0.5770 0.8100
vn -0.0208 0.7012 -0.7126
vn 0.7504 0.6608 -0.0153
vn 0.6531 -0.6322 0.4169
vn -0.2315 -0.6953 0.6804
vn -0.2911 -0.4417 0.8486
vn 0.4688 -0.7626 0.4457
vn -0.3428 -0.0658 0.9371
vn 0.2646 0.6998 0.6636
vn -0.1676 0.3036 0.9379
vn 0.3914 -0.5158 -0.7621
vn 0.6919 0.6937 0.2001
vn -0.0895 -0.4832 -0.8709
vn -0.9137 0.3514 0.2041
vn -0.4595 -0.8740 -0.1582
vn -0.9084 0.3853 -0.1622
vn -0.1725 -0.5402 -0.8237
vn 0.7064 0.7076 0.0187
vn -0.7724 -0.5286 -0.3522
vn -0.9282 -0.2547 0.2714
vn -0.9579 0.2234 0.1803
vn -0.2897 -0.1795 -0.9401
vn 0.0905 0.9561 -0.2789
vn 0.9909 -0.1090 -0.0786
vn -0.2448 -0.3977 0.8843
vn -0.0901 -0.2194 -0.9715
vn -0.0333 -0.5138 -0.8573
vn 0.6218 -0.7355 -0.2692
vn 0.4753 -0.1427 -0.8682
vn -0.4713 -0.3299 0.8179
vn -0.2126 0.0118 -0.9771
vn 0.0657 0.9830 0.1714
vn 0.9567 0.1547 0.2466
vn 0.2769 0.0817 0.9574
vn 0.7551 0.6069 -0.2480
vn 0.5592 0.7760 -0.2918
vn 0.0261 0.9513 0.3071
vn -0.8222 0.3586 -0.4419
vn 0.7186 -0.6126 -0.3292
vn 0.7577 -0.6412 0.1211
vn -0.9148 -0.3433 0.2129
vn -0.2575 -0.6119 -0.7478
vn 0.3395 0.8159 0.4680
vn 0.3947 0.7869 -0.4744
vn -0.2075 0.0064 -0.9782
vn -0.4864 -0.1006 -0.8679
vn 0.7152 0.1038 0.6912
vn -0.4227 -0.8917 -0.1619
vn 0.6499 -0.1380 0.7474
vn 0.7579 0.6293 0.1717
vn 0.3674 -0.0343 -0.9294
vn -0.1264 0.6202 0.7742
vn 0.1356 -0.2732 0.9523
vn 0.7389 -0.6727 0.0379
vn -0.6992 -0.1593 0.6970
vn 0.7549 0.5228 -0.3961
vn 0.8114 -0.5153 0.2760
vn -0.5901 0.1490 -0.7935
vn -0.4787 -0.7421 -0.4692
vn -0.8752 -0.3519 0.3320
vn -0.3532 0.2938 -0.8882
vn 0.8375 -0.5292 0.1366
vn 0.6889 0.7202 0.0823
vn -0.3307 -0.6657 -0.6690
vn 0.1292 0.9052 0.4048
vn -0.6772 0.7358 -0.0040
vn 0.3788 0.8422 0.3838
vn 0.3217 0.7159 -0.6197
vn -0.6687 0.7429 -0.0321
vn 0.0958 -0.6677 -0.7382
vn -0.9617 -0.1008 0.2550
vn -0.2701 0.0849 0.9591
vn 0.1497 -0.9639 0.2201
vn -0.2089 0.7290 -0.6519
vn -0.5972 0.7884 -0.1477
vn -0.2360 -0.9688 -0.0758
vn -0.6126 -0.3696 -0.6986
vn 0.1716 0.8811 0.4406
vn 0.1996 -0.3212 -0.9257
vn -0.6399 -0.5964 0.4846
vn -0.7210 -0.6028 0.3418
vn -0.8548 -0.5149 -0.0645
vn -0.2062 -0.9649 -0.1627
vn 0.9724 -0.0203 0.2325
vn -0.3307 -0.2313 -0.9149
vn -0.7951 0.3706 -0.4800
vn 0.7419 0.6629 -0.1006
vn -0.6346 0.2500 -0.7313
vn -0.6518 -0.6270 0.4267
vn 0.7540 -0.4807 0.4477
vn -0.1421 -0.5847 0.7987
vn 0.8586 0.4763 -0.1897
vn -0.1789 0.8347 -0.5209
vn 0.6805 -0.6974 -0.2250
vn -0.6072 -0.1894 -0.7717
vn 0.4120 0.6287 -0.6596
vn -0.0128 -0.9958 0.0903
vn 0.0806 0.2962 -0.9517
vn 0.4180 0.6691 -0.6145
vn -0.0165 -0.6555 -0.7550
vn 0.9247 -0.3800 -0.0228
vn -0.7957 -0.1891 -0.5754
vn -0.7398 -0.5107 -0.4381
vn 0.8476 -0.3851 -0.3651
vn 0.0851 0.9612 0.2624
vn 0.0606 0.9170 -0.3943
vn 0.3013 -0.8926 -0.3352
vn 0.6263 -0.1890 0.7563
vn -0.9019 0.4320 0.0070
vn -0.7618 0.6159 -0.2009
vn 0.1558 0.8407 0.5187
vn -0.0868 0.7219 0.6865
vn 0.0155 -0.1078 -0.9940
vn 0.8731 -0.4114 -0.2615
vn 0.9872 -0.0553 -0.1497
vn -0.1214 -0.1639 -0.9790
vn 0.3415 -0.9151 -0.2143
vn 0.0738 -0.6244 -0.7776
vn 0.5077 -0.8343 -0.2147
vn 0.1057 -0.2810 -0.9539
vn -0.9224 0.3853 0.0268
vn -0.3483 0.0922 -0.9328
vn 0.4005 0.8801 0.2548
vn 0.5341 -0.7016 -0.4717
vn -0.5354 0.8119 0.2327
vn 0.6371 -0.6895 0.3445
vn -0.8201 -0.3378 0.4619
vn 0.0603 0.6295 -0.7747
vn 0.1102 -0.1963 -0.9743
vn -0.5565 -0.7886 -0.2618
vn -0.6605 -0.1725 0.7307
vn -0.9151 0.3245 0.2395
vn -0.6997 -0.4748 0.5339
vn 0.6880 0.1258 -0.7147
vn 0.5723 0.7949 0.2014
vn -0.3977 0.8052 -0.4399
vn 0.3200 0.6715 -0.6683
vn 0.0544 -0.2479 0.9673
vn -0.1588 0.7940 -0.5868
vn 0.5294 -0.2086 -0.8224
vn 0.6167 0.6517 0.4415
vn -0.7992 0.5993 -0.0465
vn -0.8386 -0.1544 -0.5224
vn -0.5198 0.4430 -0.7305
vn 0.5394 -0.5397 -0.6463
vn -0.0622 -0.9075 0.4153
vn -0.7694 0.6385 0.0184
vn 0.7396 -0.6533 -0.1618
vn 0.8642 0.2983 0.4052
vn 0.3138 -0.0917 -0.9450
vn 0.4446 -0.0522 -0.8942
vn -0.2837 -0.0420 -0.9580
vn 0.2072 -0.2473 -0.9465
vn 0.1889 -0.2112 -0.9590
vn -0.1123 -0.4143 -0.9032
vn 0.6758 -0.5173 0.5251
vn 0.2097 -0.1104 -0.9715
vn -0.4103 0.6262 -0.6630
vn -0.8151 0.0263 0.5787
vn -0.0177 0.2958 0.9551
vn -0.4393 -0.3183 0.8401
vn 0.0562 -0.9967 -0.0591
vn -0.1954 -0.9734 -0.1200
vn 0.1054 0.8399 -0.5325
vn -0.2316 -0.0465 0.9717
vn 0.6225 0.7502 0.2230
vn 0.2992 -0.3157 0.9005
vn 0.0252 0.9765 -0.2142
vn -0.5647 0.7572 0.3285
vn -0.4019 0.0264 0.9153
vn -0.9991 -0.0419 -0.0051
vn -0.9548 0.2799 0.1002
vn 0.7331 0.5023 0.4585
vn -0.8653 -0.3253 -0.3812
vn -0.5303 -0.5860 0.6127
vn -0.5622 -0.7103 -0.4235
vn 0.5962 -0.5392 0.5949
vn 0.2379 0.7738 -0.5870
vn 0.9850 0.0997 -0.1410
vn -0.5579 -0.7952 -0.2376
vn 0.4366 -0.8940 -0.1008
vn 0.0440 0.8231 -0.5662
vn 0.6798 0.6715 -0.2950
vn -0.1117 0.9925 0.0498
vn 0.0731 0.7391 -0.6697
vn -0.2703 0.6707 -0.6907
vn 0.1892 0.1579 -0.9692
vn -0.2166 -0.4458 -0.8685
vn 0.2760 -0.1243 -0.9531
vn -0.8395 0.5041 0.2028
vn -0.1044 0.7474 -0.6561
vn -0.5342 0.1185 0.8370
vn 0.7442 -0.2095 -0.6342
vn -0.9280 0.3302 -0.1727
vn 0.7273 0.6375 -0.2544
vn 0.7373 -0.6625 -0.1319
vn -0.5281 0.6378 -0.5606
vn 0.9323 -0.0184 0.3612
vn -0.3501 -0.9289 0.1206
vn -0.1433 0.5351 0.8325
vn -0.1229 0.5725 0.8106
vn 0.7149 0.6791 0.1665
vn 0.4897 0.8117 0.3183
vn 0.2927 0.3470 -0.8910
vn -0.8851 0.4093 0.2214
vn 0.5520 0.7245 0.4128
vn 0.8437 -0.0383 -0.5355
vn -0.1555 -0.3111 -0.9376
vn -0.9634 -0.2396 0.1200
vn 0.4946 0.6909 -0.5272
vn -0.1873 -0.5443 0.8177
vn 0.4994 0.7691 0.3988
vn 0.2138 -0.2032 -0.9555
vn -0.6639 -0.0637 -0.7451
vn 0.3397 0.4135 -0.8447
vn -0.4401 0.1843 0.8788
vn -0.7720 -0.0591 -0.6328
vn -0.7606 0.0475 -0.6475
vn 0.0246 -0.1432 -0.9894
vn -0.5342 0.6202 -0.5744
vn 0.8644 0.3888 -0.3188
vn -0.3923 0.7406 0.5455
vn 0.9932 -0.0512 -0.1047
vn 0.6826 0.6887 -0.2443
vn -0.9602 0.2769 0.0357
vn -0.7903 -0.1490 -0.5944
vn -0.3133 0.7341 -0.6025
vn 0.0155 0.3952 -0.9185
vn -0.0008 -0.7629 -0.6465
vn -0.3463 -0.1957 0.9175
vn 0.2192 0.8994 0.3783
vn -0.1670 -0.7222 0.6712
vn 0.7509 0.6603 -0.0075
vn -0.8375 -0.5129 0.1887
vn -0.9749 0.0408 0.2188
vn 0.7573 -0.5333 0.3769
vn 0.6849 -0.5701 -0.4539
vn 0.7075 0.6989 0.1046
vn -0.4078 -0.8947 -0.1821
vn 0.7006 -0.6852 -0.1990
vn -0.0621 -0.7138 -0.6976
vn -0.4756 0.8755 -0.0851
vn 0.7446 0.5834 -0.3242
vn 0.6126 0.5028 0.6098
vn 0.7680 0.3590 -0.5303
vn 0.4845 0.7154 -0.5034
vn 0.6253 -0.4445 -0.6415
vn 0.1204 -0.1345 -0.9836
vn 0.8176 -0.3633 0.4468
vn 0.5497 0.5875 -0.5939
vn -0.7762 0.6093 0.1622
vn -0.8281 0.5583 0.0514
vn -0.0206 -0.9988 0.0446
vn 0.9937 -0.0046 -0.1117
vn 0.0263 -0.2307 -0.9727
vn -0.6415 -0.7345 -0.2213
vn 0.5540 -0.8247 -0.1133
vn -0.3796 0.9191 -0.1056
vn -0.4622 -0.5516 0.6943
vn 0.8657 -0.4807 0.1395
vn -0.3184 0.3488 0.8814
vn 0.7146 -0.3275 -0.6182
vn -0.2353 0.9719 0.0092
vn 0.4820 0.5422 0.6883
vn -0.3838 -0.5851 -0.7144
vn -0.0255 0.9207 0.3894
vn -0.2782 0.9584 -0.0636
vn -0.4495 -0.6564 -0.6058
vn 0.8210 -0.5049 0.2665
vn 0.0083 0.9545 0.2980
vn 0.0304 -0.8364 0.5473
vn 0.7900 -0.5398 0.2906
vn 0.5877 -0.7338 -0.3408
vn -0.1364 0.5907 -0.7953
vn -0.9678 -0.0491 -0.2468
vn 0.8314 -0.5332 0.1564
vn -0.3904 0.1933 0.9001
vn 0.8959 -0.2299 0.3803
vn 0.0141 0.1265 -0.9919
vn -0.8157 -0.5754 -0.0601
vn 0.4545 -0.2016 -0.8676
vn 0.6898 0.6077 0.3935
vn 0.4242 -0.8517 -0.3078
vn 0.2378 0.6666 -0.7064
vn 0.7803 -0.1962 -0.5939
vn -0.6636 0.1343 0.7359
vn 0.6716 0.4876 -0.5578
vn -0.4215 -0.8930 -0.1574
vn 0.5943 -0.1652 -0.7871
vn -0.8042 -0.4332 0.4069
vn -0.7737 -0.6230 -0.1150
vn -0.2283 -0.2732 -0.9345
vn -0.5519 -0.7986 -0.2400
vn -0.3363 0.8707 -0.3588
vn 0.6760 -0.0699 0.7336
vn 0.5880 -0.7780 -0.2215
vn 0.6418 0.5437 -0.5408
vn 0.0573 -0.7465 -0.6629
vn 0.6498 -0.6605 0.3762
vn 0.0173 -0.1722 -0.9849
vn 0.0944 0.2825 -0.9546
vn -0.5312 0.8290 -0.1749
vn 0.1600 0.8986 -0.4085
vn -0.2973 0.6382 0.7101
vn 0.6589 0.4843 0.5757
vn 0.9188 -0.1656 0.3584
vn -0.1647 -0.5566 -0.8143
vn -0.2135 -0.9765 0.0280
vn 0.7800 -0.4548 0.4298
vn 0.8084 -0.2640 -0.5261
vn -0.9455 -0.0776 0.3162
vn 0.9758 -0.2185 -0.0074
vn -0.3936 -0.5900 -0.7050
vn 0.7990 -0.0488 -0.5994
vn -0.5416 -0.0134 0.8405
vn 0.0600 -0.6099 0.7902
vn -0.3789 -0.4580 0.8042
vn 0.7461 -0.3074 0.5906
vn 0.5360 0.1523 0.8304
vn 0.7373 -0.1843 -0.6500
vn -0.0714 0.9952 -0.0672
vn 0.1658 -0.9833 0.0749
vn -0.4858 -0.8737 0.0262
vn 0.9135 -0.4065 0.0148
vn -0.6725 0.6644 0.3260
vn 0.8885 -0.2833 0.3610
vn -0.6847 0.1147 0.7198
vn 0.4530 -0.2010 -0.8685
vn 0.6563 0.1496 -0.7395
vn -0.2254 -0.7520 0.6194
vn -0.0656 -0.7426 0.6666
vn -0.0271 -0.6938 0.7197
vn 0.1856 -0.9380 -0.2928
vn -0.5016 0.7986 -0.3327
vn 0.1530 0.9612 0.2296
vn -0.2982 -0.8851 0.3572
vn -0.0064 0.2598 0.9656
vn 0.8181 -0.2746 -0.5054
vn -0.3833 0.5953 -0.7062
vn 0.2255 -0.6869 0.6909
vn 0.0599 0.7287 0.6822
vn 0.3892 0.6868 0.6139
vn -0.8557 0.5166 0.0303
vn 0.6346 -0.5345 -0.5582
vn -0.7358 0.6723 -0.0808
vn -0.3791 -0.4575 0.8043
vn 0.0452 -0.8704 -0.4903
vn -0.1408 0.6957 0.7044
vn -0.1928 0.9793 0.0623
vn -0.7888 -0.5584 0.2569
vn 0.5675 -0.0293 -0.8229
vn 0.3660 0.9235 -0.1151
vn -0.4870 -0.7001 -0.5222
vn -0.6987 -0.5929 0.4004
vn -0.8660 -0.0559 -0.4969
vn -0.4189 -0.2884 0.8610
vn 0.8156 -0.0610 0.5754
vn -0.5521 -0.6666 -0.5008
vn -0.0442 0.9351 0.3516
vn -0.3435 -0.3395 0.8757
vn -0.6500 0.6162 -0.4446
vn 0.5291 -0.7646 0.3680
vn -0.0673 -0.9971 -0.0368
vn 0.3855 -0.9083 -0.1624
vn 0.1493 0.1257 -0.9808
vn 0.2114 0.4799 -0.8514
vn 0.6544 0.4524 -0.6059
vn 0.9283 0.3594 0.0958
vn 0.6558 -0.0389 -0.7539
vn 0.9713 0.0117 -0.2375
vn 0.1079 -0.2235 0.9687
vn -0.7175 0.6784 -0.1576
vn 0.6167 0.5264 -0.5853
vn 0.1708 -0.4049 0.8983
vn 0.9645 -0.1759 0.1969
vn 0.6242 0.0466 -0.7799
vn -0.8464 -0.2011 0.4931
vn -0.9613 0.0146 -0.2753
vn -0.6526 0.6858 0.3223
vn -0.3427 0.3673 -0.8647
vn 0.2468 0.7443 -0.6206
vn -0.4928 -0.6012 -0.6291
vn 0.2065 0.6995 -0.6842
vn 0.6518 -0.4039 0.6419
vn -0.9412 -0.3281 -0.0806
vn -0.4285 0.3322 0.8402
vn 0.5036 0.5174 0.6919
vn 0.8272 -0.1299 -0.5467
vn 0.7908 -0.5567 0.2544
vn 0.4564 -0.1627 -0.8748
vn -0.6769 -0.3871 0.6260
vn 0.7479 -0.3289 -0.5766
vn 0.0775 -0.9944 -0.0722
vn -0.7428 -0.0742 -0.6654
vn 0.6197 0.0403 0.7838
vn -0.5797 -0.7172 -0.3867
vn 0.2355 -0.9718 0.0057
vn 0.6627 -0.4072 -0.6285
vn 0.7910 -0.5559 0.2554
vn 0.1613 0.6487 -0.7438
vn -0.6168 -0.4618 -0.6374
vn -0.4024 0.7418 0.5364
vn -0.2341 -0.0916 0.9679
vn 0.0292 -0.4308 -0.9020
vn -0.5086 -0.4587 -0.7286
vn -0.0307 0.9983 -0.0488
vn -0.8705 -0.2733 0.4093
vn -0.2306 -0.2381 -0.9435
vn 0.6092 0.0043 -0.7930
vn -0.6209 0.7191 0.3120
vn 0.7355 0.3692 -0.5681
vn 0.2263 -0.2418 0.9436
vn 0.7149 -0.5138 -0.4742
vn 0.1262 0.8253 -0.5504
vn 0.1081 -0.9293 0.3531
vn -0.7749 0.5849 -0.2396
vn -0.4077 0.8905 -0.2020
vn -0.0513 -0.3209 -0.9457
vn -0.6057 0.3941 -0.6912
vn 0.6184 0.6517 0.4391
vn -0.6470 -0.1980 0.7363
vn 0.1130 0.7198 -0.6849
vn -0.5557 0.8294 0.0573
vn -0.6582 0.6425 0.3924
vn -0.9013 -0.4329 -0.0120
vn 0.2577 -0.7151 0.6498
vn -0.1065 0.3802 0.9187
vn 0.6904 0.3745 0.6189
vn -0.9189 0.1445 0.3671
vn -0.8453 -0.4298 0.3174
vn -0.8445 -0.4294 0.3201
vn -0.6278 0.7668 -0.1337
vn -0.4719 0.8741 -0.1148
vn -0.2338 0.9696 -0.0723
vn 0.6964 -0.2337 0.6785
vn -0.5371 0.5529 0.6371
vn 0.1721 -0.6832 -0.7097
vn 0.9064 -0.1099 -0.4078
vn -0.0465 -0.6267 -0.7779
vn -0.2176 0.6572 -0.7217
vn -0.2634 0.7062 -0.6572
vn 0.3741 0.9128 -0.1641
vn 0.8214 0.5225 -0.2286
vn -0.4224 -0.0742 -0.9033
vn -0.7875 0.0878 0.6100
vn -0.8911 0.0474 0.4513
vn -0.8248 0.4799 0.2989
vn 0.3883 -0.4336 0.8131
vn 0.6683 -0.5323 0.5197
vn 0.3647 0.8832 0.2949
vn -0.3121 -0.4604 0.8311
vn -0.9302 -0.1799 0.3198
vn 0.6399 0.4525 -0.6211
vn 0.6464 -0.2637 0.7160
vn 0.3983 0.7577 -0.5170
vn -0.3557 0.4945 -0.7930
vn 0.7924 0.5167 -0.3242
vn -0.6732 0.7237 -0.1518
vn 0.3279 -0.7487 0.5761
vn -0.1384 -0.9119 0.3863
vn 0.2099 -0.1940 -0.9583
vn 0.1892 -0.4018 0.8960
vn -0.5037 0.8305 -0.2378
vn -0.4813 0.8370 -0.2603
vn 0.8177 0.1723 0.5493
vn 0.7564 0.6040 -0.2512
vn -0.4518 -0.6558 0.6048
vn 0.9214 0.1940 -0.3367
vn -0.2072 -0.2024 -0.9571
vn 0.1217 0.1548 -0.9804
vn 0.1173 0.9049 -0.4091
vn -0.8305 -0.2215 -0.5111
vn 0.1831 0.0059 0.9831
vn 0.6974 0.6720 -0.2492
vn -0.2756 -0.9310 0.2391
vn -0.7461 -0.5611 -0.3586
vn 0.4407 0.8011 0.4050
vn 0.4036 -0.8667 -0.2933
vn 0.0999 0.9195 -0.3801
vn -0.4036 0.1496 0.9026
vn 0.0655 0.1132 0.9914
vn 0.1514 -0.9877 0.0393
vn 0.6458 0.5616 0.5172
vn 0.2293 -0.1047 0.9677
vn -0.5591 -0.3290 -0.7610
vn -0.5711 -0.7250 -0.3851
vn 0.6621 -0.7168 -0.2189
vn -0.2246 -0.8002 -0.5561
vn 0.1727 -0.1820 -0.9680
vn 0.8014 -0.4652 -0.3759
vn 0.0787 -0.2318 -0.9696
vn -0.7536 0.6553 0.0516
vn -0.5504 -0.7942 -0.2575
vn -0.1849 -0.4528 0.8722
vn -0.7504 0.6523 -0.1074
vn -0.4402 -0.0212 0.8977
vn -0.7183 0.6300 0.2952
vn 0.7820 0.0258 0.6227
vn 0.7957 -0.0463 0.6039
vn -0.8791 0.4615 -0.1192
vn 0.0382 -0.2455 0.9686
vn 0.3902 -0.1397 -0.9101
vn -0.0652 0.8873 0.4566
vn -0.3274 -0.6597 0.6765
vn -0.9520 -0.1252 0.2794
vn -0.0200 -0.9145 -0.4040
vn -0.4448 -0.8633 -0.2387
vn -0.5898 -0.7548 0.2870
vn -0.8250 -0.4883 0.2846
vn -0.8269 0.3622 -0.4302
vn -0.5718 0.7997 0.1829
vn -0.5475 0.8052 0.2278
vn 0.4102 -0.7710 -0.4871
vn 0.7586 -0.1143 -0.6415
vn 0.7761 -0.2128 -0.5936
vn 0.6840 0.0370 0.7285
vn -0.1000 0.9945 -0.0327
vn 0.1953 0.7233 0.6623
vn -0.5904 -0.6067 0.5323
vn -0.5272 0.0563 0.8479
vn -0.7540 0.6317 -0.1801
vn -0.9359 0.3472 0.0593
vn -0.8793 0.0438 -0.4742
vn 0.6028 -0.3196 -0.7311
vn -0.8147 0.5629 -0.1392
vn 0.5831 -0.6897 -0.4294
vn -0.1958 0.0403 0.9798
vn 0.4993 0.0163 0.8663
vn 0.9428 -0.3333 0.0088
vn 0.9363 0.3378 -0.0962
vn -0.3353 -0.1599 -0.9284
vn 0.6963 -0.2395 0.6766
vn -0.9666 0.2042 -0.1548
vn -0.5486 0.8359 0.0173
vn -0.5796 -0.5771 0.5753
vn -0.9837 0.1195 -0.1345
vn 0.6004 0.0490 0.7982
vn 0.6992 -0.4116 -0.5845
vn 0.1701 0.8069 -0.5656
vn -0.6908 0.6884 0.2212
vn 0.9644 -0.1230 0.2339
vn 0.7314 -0.6349 0.2489
vn -0.8870 0.3118 0.3405
vn 0.7440 0.6401 0.1918
vn -0.0298 0.7594 0.6500
vn 0.9274 0.1109 0.3573
vn -0.4678 0.6863 0.5570
vn 0.3386 -0.0761 -0.9379
vn -0.0502 -0.7640 0.6433
vn 0.1262 -0.2244 0.9663
vn -0.7987 0.5165 -0.3087
vn 0.4737 0.8570 -0.2031
vn 0.6202 0.2540 -0.7422
vn 0.0785 -0.9966 -0.0260
vn 0.0459 -0.9383 -0.3427
vn -0.5284 0.0587 0.8469
vn -0.5732 0.4016 -0.7142
vn 0.8503 -0.2824 -0.4442
vn 0.3774 -0.9225 -0.0812
vn 0.5965 -0.1837 -0.7813
vn 0.2465 -0.4287 0.8691
vn 0.4255 0.8878 0.1756
vn 0.5879 -0.8087 -0.0206
vn 0.5336 0.8265 -0.1796
vn 0.8902 0.3018 -0.3414
vn -0.8969 -0.2084 0.3901
vn 0.6062 -0.3155 0.7301
vn -0.7358 0.6722 -0.0824
vn 0.7267 0.1574 0.6686
vn 0.8369 -0.4464 -0.3167
vn 0.0102 -0.6956 -0.7184
vn 0.5088 0.7164 -0.4774
vn -0.3258 -0.7626 0.5588
vn 0.8138 0.5409 0.2124
vn -0.3175 -0.4240 0.8482
vn 0.1451 0.0089 -0.9894
vn 0.4056 0.8974 0.1738
vn 0.1861 -0.1975 -0.9625
vn 0.8675 0.2096 0.4511
vn 0.1704 -0.8857 -0.4319
vn 0.3573 0.9033 -0.2377
vn -0.8000 -0.0153 0.5998
vn 0.6910 0.4412 -0.5726
vn -0.9858 0.0936 0.1393
vn -0.5166 0.8403 -0.1643
vn 0.1762 -0.0250 -0.9840
vn -0.2917 0.4792 -0.8278
vn -0.0743 -0.9920 0.1021
vn 0.4751 -0.3214 0.8191
vn 0.5491 -0.7437 0.3813
vn -0.2331 -0.9009 0.3662
vn -0.8806 -0.1922 -0.4331
vn -0.6185 0.6048 0.5016
vn -0.0209 0.9295 0.3682
vn 0.3559 0.8074 0.4706
vn -0.6487 -0.6676 -0.3654
vn 0.8305 -0.3138 -0.4602
vn 0.6464 -0.2314 0.7271
vn -0.9234 -0.2706 -0.2722
vn 0.1605 0.9551 0.2492
vn -0.1114 0.3955 0.9117
vn -0.4449 -0.2367 -0.8638
vn -0.8334 -0.0464 0.5508
vn 1.0000 0.0008 0.0027
vn 0.8447 0.5019 -0.1861
vn 0.9151 -0.4032 -0.0109
vn 0.7410 -0.6102 -0.2803
vn 0.8791 0.3277 -0.3460
vn 0.0028 -0.9999 -0.0127
vn 0.0005 0.9986 0.0523
vn -0.0722 -0.4359 -0.8971
vn -0.1886 -0.9728 0.1343
vn 0.3836 0.2923 -0.8760
vn 0.2849 0.6176 -0.7331
vn -0.0151 -0.9502 0.3112
vn -0.9474 0.0222 -0.3192
vn 0.9219 -0.2621 0.2853
vn 0.3063 -0.7697 -0.5602
vn 0.6670 -0.2309 -0.7084
vn 0.5389 -0.1103 0.8351
vn 0.1300 0.1387 0.9818
vn -0.4266 -0.5092 0.7474
vn -0.9793 0.1766 -0.0991
vn 0.9155 0.1925 -0.3532
vn -0.4213 0.3178 -0.8494
vn 0.4337 -0.2413 -0.8681
vn 0.9811 -0.1846 0.0582
vn -0.3906 0.3035 0.8691
vn 0.3694 0.8498 -0.3759
vn -0.8949 -0.2567 0.3650
vn -0.5871 -0.1613 -0.7933
vn -0.2936 0.1253 -0.9477
vn 0.8433 0.2880 -0.4538
vn 0.2210 -0.9167 0.3328
vn 0.7725 0.1839 0.6078
vn -0.6888 0.6657 -0.2870
vn -0.1613 0.9851 -0.0603
vn -0.5817 -0.5312 0.6160
vn -0.2410 -0.7614 0.6018
vn 0.3131 0.7062 0.6350
vn -0.0579 -0.4268 -0.9025
vn -0.9221 0.3741 -0.0991
vn -0.1564 -0.7979 -0.5821
vn -0.8902 0.1113 0.4418
vn -0.9861 -0.1610 -0.0408
vn -0.7418 0.1034 0.6626
vn -0.5778 -0.3055 -0.7568
vn 0.1426 0.9494 0.2800
vn 0.9652 -0.2286 0.1270
vn -0.0992 0.9788 0.1790
vn -0.7443 0.6610 -0.0954
vn 0.6964 -0.3862 -0.6048
vn 0.2489 -0.7566 -0.6047
vn -0.8045 -0.4207 0.4193
vn -0.2288 -0.4697 0.8527
vn -0.6259 -0.3005 0.7197
vn 0.1555 -0.8430 0.5149
vn -0.5355 -0.6961 -0.4782
vn -0.0288 -0.2504 -0.9677
vn -0.0942 -0.9943 0.0504
vn 0.8001 -0.4514 -0.3950
vn -0.3738 -0.1472 0.9158
vn 0.1284 -0.9558 -0.2646
vn 0.1529 0.0436 -0.9873
vn -0.0027 -0.6014 -0.7990
vn -0.1343 -0.3174 -0.9387
vn -0.2759 0.9601 -0.0446
vn 0.0417 -0.5664 -0.8230
vn 0.4209 -0.8206 -0.3867
vn 0.0298 0.1883 -0.9817
vn -0.2996 -0.5814 -0.7565
vn -0.7470 0.6357 -0.1946
vn -0.1285 -0.5163 -0.8467
vn -0.2634 -0.5915 0.7621
vn 0.8384 0.3273 0.4358
vn -0.4441 -0.8759 0.1887
vn -0.0199 -0.1155 0.9931
vn -0.0055 -0.9416 0.3368
vn 0.9995 0.0194 -0.0260
vn -0.0559 0.6690 -0.7411
vn -0.2265 0.7576 0.6121
vn -0.5788 -0.3014 -0.7577
vn -0.1925 -0.6680 -0.7188
vn 0.7633 -0.1516 0.6280
vn 0.1431 0.5515 -0.8218
vn 0.1009 0.3702 -0.9235
vn 0.2815 0.0123 0.9595
vn -0.5070 0.7214 -0.4717
vn 0.6913 0.6511 -0.3135
vn -0.8266 -0.1310 0.5474
vn -0.9986 0.0525 -0.0105
vn 0.6105 0.6853 -0.3970
vn 0.5800 0.7058 -0.4067
vn 0.8151 0.0161 0.5791
vn 0.4167 -0.1769 0.8916
vn -0.1197 -0.7158 -0.6880
vn -0.1120 0.8265 0.5516
vn 0.6856 -0.6362 0.3539
vn 0.6746 -0.6663 0.3176
vn -0.5883 0.2114 -0.7805
vn -0.0878 -0.9399 -0.3301
vn -0.2894 0.8731 0.3924
vn 0.0340 -0.6242 -0.7806
vn 0.1564 -0.2287 -0.9608
vn 0.8966 -0.4231 -0.1305
vn 0.9039 -0.4132 0.1105
vn -0.0834 -0.2392 0.9674
vn -0.7879 -0.1581 -0.5951
vn -0.9080 0.4131 0.0696
vn -0.3468 0.7384 0.5783
vn -0.1709 0.6827 -0.7104
vn -0.8441 0.4486 0.2937
vn -0.9305 0.3554 -0.0885
vn -0.3813 -0.4641 0.7995
vn 0.4682 0.7480 0.4703
vn 0.5935 0.0144 -0.8047
vn -0.9524 0.2046 0.2259
vn -0.3594 0.2378 -0.9024
vn -0.9615 0.1974 -0.1910
vn 0.7490 0.6120 -0.2538
vn -0.6296 0.1308 0.7658
vn -0.1990 0.9407 0.2747
vn -0.8837 -0.3219 0.3399
vn -0.4650 0.8780 -0.1136
vn -0.8444 0.4122 0.3422
vn -0.1781 -0.9839 0.0144
vn -0.9506 0.0040 -0.3105
vn 0.2761 -0.1297 0.9523
vn 0.7338 0.4455 0.5128
vn -0.6800 0.2811 -0.6772
vn 0.4819 0.6983 0.5293
vn -0.9951 0.0978 0.0143
vn 0.6187 0.5277 -0.5820
vn 0.2348 -0.3189 -0.9183
vn -0.5333 0.7926 0.2956
vn -0.6316 -0.1306 -0.7642
vn -0.8152 -0.4346 0.3828
vn 0.3865 -0.8656 -0.3184
vn 0.3349 -0.9421 -0.0175
vn 0.4710 -0.2416 -0.8484
vn -0.9212 0.2613 0.2882
vn 0.4518 0.8724 0.1863
vn 0.9971 0.0701 -0.0289
vn 0.4218 -0.2375 0.8751
vn -0.3495 0.9361 0.0400
vn -0.5877 -0.8011 -0.1136
vn 0.1825 -0.6942 0.6963
vn 0.1152 -0.6740 -0.7297
vn 0.0345 -0.3272 -0.9443
vn 0.1737 -0.7748 -0.6079
vn 0.2968 -0.9502 -0.0946
vn -0.9065 -0.0394 -0.4203
vn -0.9523 0.1859 -0.2422
vn 0.0260 0.9810 0.1924
vn 0.8029 0.1972 0.5626
vn 0.9628 0.0549 -0.2646
vn -0.2417 0.5282 0.8140
vn -0.4491 0.4300 -0.7832
vn -0.2359 -0.5817 0.7784
vn 0.4050 -0.7129 -0.5724
vn 0.3354 -0.1930 -0.9221
vn -0.8380 -0.5420 0.0631
vn 0.3187 0.2235 -0.9211
vn -0.7158 -0.5134 0.4734
vn -0.1536 -0.7370 -0.6582
vn 0.0014 -0.7588 -0.6513
vn 0.7676 -0.2745 -0.5792
vn -0.9578 0.0392 0.2846
vn 0.0853 0.1771 -0.9805
vn 0.1538 -0.1956 -0.9685
vn 0.6034 -0.7056 0.3714
vn 0.9019 0.0904 -0.4223
vn 0.0218 -0.3546 -0.9348
vn -0.1251 -0.9682 0.2167
vn 0.0144 -0.1697 0.9854
vn 0.3878 -0.1350 0.9118
vn -0.4325 -0.5281 0.7308
vn -0.4128 -0.8930 -0.1794
vn 0.8879 -0.4595 0.0201
vn -0.0926 -0.6072 -0.7891
vn -0.5616 -0.7954 -0.2279
vn -0.9413 0.3373 -0.0154
vn 0.5730 0.4487 -0.6858
vn 0.5733 -0.6078 0.5494
vn 0.5513 -0.1712 -0.8166
vn -0.9948 0.0611 -0.0811
vn 0.4094 -0.6581 -0.6319
vn 0.1079 -0.9094 0.4016
vn -0.9392 -0.3414 0.0355
vn -0.1416 -0.9883 -0.0563
vn 0.1083 -0.2468 0.9630
vn 0.4103 -0.8683 0.2787
vn -0.0130 0.6610 0.7503
vn 0.4753 -0.6094 0.6346
vn 0.7353 -0.6539 -0.1782
vn -0.4993 0.6636 -0.5571
vn -0.5125 0.6076 -0.6068
vn -0.7148 -0.5199 0.4677
vn -0.6416 -0.5502 0.5344
vn 0.3153 0.7604 -0.5678
vn 0.8403 -0.4180 -0.3452
vn 0.8896 -0.0737 -0.4507
vn -0.7729 -0.1607 -0.6138
vn -0.6844 -0.4405 -0.5810
vn 0.3491 -0.2676 -0.8981
vn -0.1984 0.5087 0.8378
vn -0.1746 -0.6898 0.7026
vn 0.1709 -0.2973 -0.9394
vn 0.8193 -0.4516 -0.3534
vn -0.9171 -0.3838 -0.1082
vn 0.8017 0.5395 -0.2573
vn -0.9802 -0.1648 0.1092
vn 0.1904 -0.1106 0.9755
vn 0.3343 -0.6038 -0.7237
vn -0.6853 0.5344 -0.4948
vn 0.2510 -0.0480 0.9668
vn -0.2090 0.4355 -0.8756
vn -0.3388 0.7146 0.6120
vn -0.9493 0.2949 0.1087
vn -0.5502 0.8293 -0.0978
vn -0.5871 -0.5689 0.5759
vn 0.9143 -0.3849 -0.1259
vn 0.6360 0.7510 -0.1776
vn 0.7978 -0.4769 -0.3689
vn -0.9996 -0.0114 -0.0266
vn 0.5804 -0.7447 0.3294
vn -0.0664 0.5764 -0.8145
vn -0.8951 0.4452 -0.0241
vn -0.5138 -0.8515 -0.1044
vn -0.8511 0.0907 0.5171
vn -0.1945 -0.1295 0.9723
vn -0.5221 0.3655 0.7706
vn 0.1795 0.2426 -0.9534
vn -0.6512 0.0584 -0.7567
vn -0.4818 -0.8617 0.1592
vn -0.2236 0.9268 0.3016
vn 0.8514 -0.1016 0.5145
vn 0.0126 -0.9579 0.2868
vn 0.8003 0.1004 -0.5911
vn 0.5358 0.1532 0.8303
vn -0.7906 -0.0046 0.6123
vn 0.5880 -0.7145 -0.3792
vn 0.8969 -0.3617 0.2545
vn -0.5995 -0.7472 0.2869
vn -0.6730 -0.5793 0.4599
vn -0.8508 -0.0323 -0.5244
vn -0.3465 0.7971 -0.4946
vn 0.0288 0.9615 -0.2732
vn 0.7617 -0.4263 -0.4880
vn 0.7702 0.5243 -0.3632
vn 0.3957 -0.0443 0.9173
vn -0.2060 0.9112 0.3569
vn 0.5162 -0.5491 0.6573
vn -0.5372 0.2940 -0.7905
vn 0.1981 -0.8180 0.5400
vn 0.1600 -0.8702 0.4660
vn -0.6440 0.6492 -0.4047
vn 0.6301 -0.1258 -0.7662
vn -0.7034 -0.6293 -0.3305
vn 0.7501 0.1968 -0.6314
vn 0.4048 -0.7127 -0.5729
vn 0.9301 -0.3179 -0.1841
vn -0.3749 0.0413 0.9261
vn -0.4524 0.7010 -0.5513
vn -0.9188 0.3889 0.0673
vn 0.0910 -0.0228 -0.9956
vn 0.8887 0.1755 0.4236
vn 0.8248 0.1686 -0.5397
vn -0.3287 -0.6566 -0.6788
vn -0.5466 0.4242 0.7220
vn 0.9799 0.0439 -0.1944
vn -0.6946 0.5845 0.4195
vn 0.2606 0.8010 -0.5390
vn 0.1776 0.7458 0.6421
vn 0.3985 0.8483 0.3488
vn -0.1693 -0.5359 -0.8271
vn -0.8547 -0.0281 -0.5183
vn -0.6375 0.7659 0.0833
vn -0.2851 0.8254 -0.4872
vn 0.7885 0.5681 -0.2355
vn 0.8156 -0.3753 -0.4403
vn 0.7061 0.6982 0.1178
vn -0.9942 0.0465 -0.0968
vn -0.9414 -0.3368 0.0149
vn -0.9551 0.2903 -0.0596
vn -0.7091 0.6229 0.3303
vn -0.1788 -0.8801 0.4398
vn 0.8847 0.0638 -0.4618
vn -0.1526 0.7699 -0.6197
vn -0.3446 -0.0648 0.9365
vn 0.7005 -0.1690 -0.6933
vn 0.9410 0.3076 0.1413
vn 0.7706 -0.5748 0.2754
vn -0.9425 0.3139 0.1148
vn 0.3257 -0.0540 -0.9439
vn -0.7978 -0.1706 -0.5783
vn -0.8977 -0.1674 -0.4075
vn -0.9137 0.3854 0.1293
vn 0.1136 0.9153 0.3865
vn 0.4654 -0.5859 -0.6635
vn -0.9518 0.2168 0.2170
vn -0.8218 -0.3547 -0.4459
vn -0.8125 -0.5681 -0.1307
vn -0.9841 -0.1773 -0.0128
vn 0.6969 0.6773 0.2357
vn -0.7582 -0.4946 -0.4248
vn 0.1467 0.8367 -0.5277
vn -0.7330 -0.6449 -0.2166
vn -0.4319 -0.5394 -0.7228
vn 0.0162 0.9883 -0.1518
vn -0.3036 -0.7568 0.5788
vn 0.8498 0.4153 0.3245
vn -0.8527 -0.1872 -0.4877
vn 0.6139 0.6164 -0.4932
vn -0.3860 -0.4808 0.7873
vn -0.1611 0.9024 0.3995
vn 0.8551 -0.2305 0.4645
vn -0.9505 0.1213 0.2860
vn 0.1971 -0.0895 -0.9763
vn -0.2938 -0.5901 -0.7520
vn 0.8693 0.0742 0.4887
vn 0.9128 -0.4079 -0.0194
vn -0.6405 0.5963 0.4839
vn 0.9780 -0.1716 0.1187
vn 0.0135 -0.0837 -0.9964
vn 0.6628 -0.2499 -0.7059
vn -0.5431 0.4233 0.7252
vn -0.5303 -0.5803 0.6181
vn 0.8641 -0.1060 -0.4921
vn -0.9374 0.3481 0.0073
vn 0.6338 0.7283 0.2605
vn 0.8799 -0.2996 0.3687
vn -0.0630 -0.9800 0.1888
vn 0.8396 -0.5258 0.1359
vn -0.0972 -0.4116 -0.9062
vn -0.5899 0.7470 0.3068
vn -0.8153 -0.3911 0.4270
vn -0.9793 0.0134 -0.2019
vn 0.8040 -0.1657 0.5710
vn -0.0121 -0.9996 0.0253
vn -0.1576 -0.3078 -0.9383
vn -0.0131 0.9184 0.3954
vn -0.1516 -0.0411 0.9876
vn -0.5482 0.8313 -0.0915
vn -0.2513 -0.9438 -0.2146
vn -0.5914 -0.7535 -0.2872
vn -0.7299 -0.2618 -0.6315
vn 0.8521 0.4556 0.2574
vn 0.9828 -0.1820 -0.0306
vn 0.3097 0.1285 0.9421
vn 0.8049 0.3549 -0.4757
vn -0.3249 -0.8908 0.3177
vn 0.7060 0.3098 -0.6369
vn 0.3676 0.8058 0.4642
vn 0.7374 0.0534 -0.6734
vn 0.5477 0.7546 0.3614
vn -0.7406 -0.3489 0.5742
vn 0.1447 0.8650 -0.4804
vn -0.6833 0.5612 0.4670
vn -0.0293 -0.3583 0.9332
vn 0.3445 -0.9221 0.1761
vn 0.9786 0.1303 0.1590
vn 0.8807 0.2159 0.4215
vn -0.2756 0.8982 0.3425
vn 0.4026 0.9022 0.1549
vn -0.1803 0.2585 0.9490
vn -0.1639 -0.5437 -0.8231
vn -0.6125 -0.7455 0.2628
vn 0.8258 -0.5569 0.0890
vn 0.0978 -0.0928 -0.9909
vn 0.9500 0.1330 0.2824
vn 0.2578 -0.4582 0.8507
vn 0.6871 -0.3042 0.6598
vn 0.4996 0.8231 -0.2699
vn 0.2486 0.9661 0.0698
vn 0.3215 -0.7011 -0.6365
vn 0.5924 -0.5255 -0.6107
vn -0.9442 -0.3202 0.0771
vn 0.0267 -0.2014 0.9791
vn 0.1220 -0.2203 0.9678
vn 0.3277 -0.7358 0.5926
vn 0.6775 -0.2854 0.6779
vn -0.0218 0.9331 -0.3590
vn -0.5615 -0.8119 -0.1598
vn -0.7988 -0.3613 -0.4811
vn 0.5767 -0.1643 -0.8003
vn 0.7164 -0.6193 0.3213
vn -0.4618 -0.3182 -0.8279
vn -0.4239 0.0828 0.9019
vn -0.8435 0.0686 0.5327
vn -0.1983 -0.1102 0.9739
vn 0.0632 0.0981 -0.9932
vn 0.2896 -0.3838 0.8768
vn 0.8359 0.5340 -0.1270
vn 0.7478 0.6639 0.0076
vn 0.5023 -0.8562 -0.1207
vn 0.5501 0.7314 -0.4029
vn 0.6985 0.6165 -0.3633
vn 0.7605 -0.5752 0.3013
vn -0.8332 -0.0731 -0.5480
vn 0.0421 -0.9210 0.3874
vn 0.0153 0.4009 -0.9160
vn -0.6284 -0.5759 0.5228
vn 0.2386 0.6703 -0.7027
vn 0.7548 -0.3113 0.5775
vn 0.2446 -0.2662 0.9324
vn -0.7289 0.6842 0.0246
vn -0.7834 -0.5215 -0.3381
vn 0.1349 -0.6685 0.7314
vn 0.0782 0.9834 -0.1637
vn 0.6220 0.2204 -0.7513
vn -0.1242 0.6123 -0.7808
vn 0.6576 0.2286 0.7178
vn -0.3893 0.9206 0.0296
vn 0.8405 0.3884 -0.3777
vn 0.4320 -0.8028 0.4109
vn -0.7280 -0.0119 -0.6855
vn -0.1736 0.5656 -0.8062
vn 0.1886 0.9273 0.3233
vn 0.6650 0.0126 -0.7467
vn 0.5374 0.7136 0.4493
vn -0.2012 -0.1008 -0.9744
vn 0.3402 -0.5560 -0.7584
vn -0.7453 -0.2940 -0.5984
vn -0.7570 -0.4429 0.4805
vn 0.7569 -0.1711 0.6307
vn -0.5696 -0.2743 -0.7748
vn -0.4260 0.9001 -0.0910
vn 0.2344 -0.5940 -0.7695
vn -0.6377 0.7621 0.1120
vn -0.3188 -0.5744 -0.7539
vn 0.6472 -0.3004 0.7006
vn -0.3252 -0.7795 0.5354
vn -0.5065 0.5211 0.6870
vn 0.8797 0.1002 -0.4648
vn -0.0248 -0.9989 0.0388
vn 0.7941 -0.0089 0.6077
vn 0.0091 -0.7182 -0.6957
vn -0.0690 -0.4273 -0.9015
vn 0.1711 0.3635 -0.9158
vn -0.4458 0.7224 -0.5285
vn -0.8071 0.5786 0.1176
vn 0.3691 0.1537 -0.9166
vn -0.8202 0.5304 -0.2145
vn 0.3462 0.7227 -0.5982
vn -0.5039 0.8334 -0.2270
vn 0.4613 -0.8427 -0.2776
vn 0.4454 -0.1675 0.8795
vn 0.5991 -0.6449 -0.4746
vn -0.8167 0.3266 -0.4758
vn 0.1963 -0.9803 -0.0219
vn -0.5478 -0.8366 0.0022
vn -0.8541 -0.1132 0.5076
vn 0.0744 0.1651 -0.9835
vn -0.8877 0.4605 -0.0016
vn -0.4976 0.5444 -0.6753
vn 0.6629 0.4582 -0.5921
vn -0.0015 -0.4755 -0.8797
vn 0.8552 -0.3404 0.3909
vn -0.7006 0.7028 -0.1234
vn -0.6113 0.6217 -0.4896
vn 0.3153 0.8555 0.4108
vn -0.8194 0.2754 -0.5028
vn 0.4823 -0.2300 -0.8453
vn -0.0503 -0.9986 -0.0170
vn 0.4680 -0.8178 0.3349
vn -0.2729 -0.4884 0.8289
vn 0.9029 0.3304 0.2750
vn 0.7759 -0.4609 0.4309
vn -0.0503 0.9821 0.1814
vn -0.5038 -0.3645 -0.7832
vn -0.0480 -0.9877 0.1487
vn 0.6955 -0.6861 0.2135
vn -0.3568 0.9341 0.0083
vn 0.3285 0.6621 -0.6736
vn 0.8028 -0.2913 0.5202
vn -0.8029 0.4524 -0.3882
vn 0.6127 -0.7768 -0.1457
vn -0.8399 -0.5396 0.0585
vn 0.8246 -0.0987 -0.5571
vn -0.8091 0.5686 0.1481
vn -0.3737 -0.4007 0.8366
vn -0.5962 -0.7704 0.2257
vn 0.7800 0.1944 -0.5948
vn 0.3286 -0.3216 0.8881
vn -0.0736 0.5725 -0.8166
vn -0.4544 0.0639 0.8885
vn -0.1625 -0.7826 0.6010
vn 0.1622 -0.3278 0.9307
vn -0.6161 -0.5505 0.5634
vn -0.1456 -0.6259 0.7662
vn -0.5342 0.4388 0.7225
vn 0.5465 -0.1309 0.8272
vn 0.9762 -0.0578 -0.2090
vn -0.6709 0.1931 0.7159
vn -0.7866 -0.4948 0.3694
vn 0.8683 0.1497 0.4730
vn 0.2656 0.5448 -0.7953
vn -0.0269 0.9991 0.0327
vn 0.6887 0.6742 -0.2666
vn -0.3730 0.0432 -0.9268
vn 0.6031 0.6624 -0.4444
vn 0.5245 -0.2366 0.8179
vn -0.2140 -0.2128 -0.9534
vn -0.3980 0.7600 -0.5138
vn 0.5583 0.3171 0.7666
vn -0.5163 0.8563 0.0154
vn -0.1318 -0.9369 0.3237
vn -0.6641 -0.5200 0.5372
vn -0.3984 0.6572 -0.6398
vn -0.1871 0.9075 -0.3762
vn -0.6332 -0.5781 0.5147
vn -0.5620 -0.7684 0.3063
vn -0.1071 -0.6973 -0.7088
vn 0.4179 0.5506 0.7226
vn 0.2092 0.4764 -0.8539
vn 0.4698 0.7976 0.3783
vn 0.6705 0.0090 -0.7419
vn -0.5665 -0.8015 0.1913
vn -0.6897 -0.6790 0.2514
vn 0.3165 -0.6188 0.7189
vn -0.2333 0.3883 0.8915
vn 0.7248 -0.6147 0.3110
vn -0.4753 -0.5886 0.6540
vn -0.9923 -0.0093 -0.1234
vn 0.2687 -0.8050 -0.5289
vn -0.2403 0.3873 0.8901
vn 0.4815 0.7081 -0.5166
vn -0.4651 -0.1208 -0.8770
vn 0.3241 0.8685 0.3751
vn -0.1494 -0.9798 0.1327
vn -0.5120 -0.0985 0.8533
vn 0.3558 -0.7828 -0.5106
vn 0.3661 0.9144 -0.1725
vn 0.2815 0.6289 -0.7247
vn 0.1437 0.2150 0.9660
vn -0.5179 0.8540 -0.0492
vn -0.5784 0.4052 -0.7080
vn -0.7211 -0.0477 -0.6912
vn 0.0079 -0.9679 0.2512
vn -0.6942 -0.6494 -0.3104
vn 0.7857 0.2521 -0.5649
vn 0.4002 -0.0477 0.9152
vn 0.1602 0.6905 -0.7053
vn 0.0063 -0.5995 -0.8004
vn 0.6979 0.1070 -0.7081
vn 0.6425 0.1039 0.7592
vn 0.9881 0.1192 0.0974
vn 0.5171 -0.4915 0.7007
vn 0.6411 0.7208 -0.2634
vn -0.2149 -0.7379 -0.6398
vn 0.1000 0.2797 -0.9549
vn -0.1793 0.8334 -0.5228
vn -0.2351 0.9696 -0.0677
vn 0.8583 0.4768 -0.1896
vn 0.1444 0.2460 0.9584
vn 0.9206 -0.0481 -0.3875
vn 0.0555 0.9844 0.1670
vn -0.6475 0.1710 0.7426
vn 0.0415 -0.9390 -0.3415
vn -0.0164 0.8198 0.5724
vn -0.2130 -0.4569 0.8637
vn 0.6870 0.6722 -0.2760
vn -0.7411 0.6654 -0.0898
vn 0.3758 0.7460 -0.5497
vn -0.1327 -0.5324 -0.8360
vn 0.1174 -0.9710 -0.2082
vn -0.7912 -0.2687 -0.5494
vn 0.3284 -0.0700 -0.9419
vn 0.4743 0.8765 -0.0823
vn -0.3633 0.2727 0.8909
vn 0.2669 -0.8762 0.4014
vn -0.9446 -0.3167 0.0866
vn -0.5113 -0.8593 -0.0084
vn 0.9603 0.0011 0.2791
vn 0.2736 -0.1016 -0.9565
vn -0.0596 -0.8590 0.5086
vn -0.2410 -0.5526 0.7978
vn -0.5395 0.7893 -0.2933
vn -0.7141 0.2986 -0.6332
vn 0.5649 0.1871 0.8037
vn -0.2474 -0.8133 0.5266
vn -0.4706 -0.8655 0.1715
vn -0.7743 0.6325 0.0209
vn -0.4478 -0.6394 -0.6250
vn 0.6804 -0.1366 -0.7200
vn -0.3793 -0.6568 0.6518
vn 0.3986 0.6378 0.6590
vn 0.3239 -0.4884 -0.8103
vn 0.6700 -0.4747 -0.5708
vn -0.1551 0.9272 0.3410
vn -0.6445 -0.7004 0.3066
vn 0.6490 0.6688 0.3626
vn -0.4174 -0.5138 -0.7496
vn -0.0099 -0.4347 -0.9005
vn 0.3983 0.7790 -0.4843
vn 0.1138 0.0223 0.9933
vn -0.8629 -0.1878 0.4692
vn -0.0690 0.5269 0.8471
vn -0.7475 0.0705 0.6605
vn -0.2064 -0.9764 0.0641
vn -0.0733 0.7456 0.6623
vn 0.6445 -0.0380 0.7637
vn 0.5165 -0.4840 0.7064
vn 0.3805 0.8603 0.3393
vn -0.8475 -0.5074 0.1559
vn -0.8311 0.3484 -0.4334
vn 0.1160 0.8373 0.5344
vn -0.4327 0.8094 -0.3971
vn 0.2955 0.6203 -0.7266
vn 0.6220 -0.6656 -0.4123
vn 0.6858 -0.1896 0.7027
vn -0.2771 0.4649 -0.8409
vn -0.8221 0.0631 0.5659
vn 0.6467 0.7626 -0.0094
vn -0.2467 -0.3101 -0.9181
vn 0.7359 0.0358 -0.6761
vn -0.2123 0.3703 0.9043
vn -0.7573 0.6480 -0.0812
vn 0.5223 0.2948 0.8002
vn 0.3458 -0.1481 0.9265
vn 0.2086 -0.2195 0.9531
vn 0.4789 -0.8356 -0.2690
vn -0.1285 0.8299 0.5428
vn 0.8547 -0.3133 -0.4138
vn 0.7231 -0.2974 -0.6235
vn -0.3939 -0.6210 -0.6777
vn 0.0339 0.9267 -0.3744
vn -0.5816 0.2900 0.7600
vn 0.9236 -0.3815 -0.0383
vn 0.6958 0.6804 -0.2300
vn -0.2279 0.7779 -0.5857
vn 0.8546 0.0758 -0.5138
vn 0.8541 -0.1410 -0.5007
vn -0.0124 -0.5135 -0.8580
vn 0.6081 0.0290 -0.7933
vn -0.2354 -0.8994 0.3685
vn -0.8873 -0.3164 0.3354
vn -0.3059 0.0983 0.9470
vn 0.4338 0.3061 0.8474
vn -0.7804 0.1064 0.6162
vn 0.1208 -0.0571 -0.9910
vn -0.1497 0.9878 -0.0439
vn -0.3911 -0.9188 -0.0537
vn 0.5172 -0.2546 -0.8171
vn -0.6878 0.6253 0.3686
vn 0.6353 0.5515 0.5406
vn -0.2255 -0.1698 -0.9593
vn -0.4601 -0.6605 -0.5933
vn 0.9879 -0.1446 0.0565
vn -0.7186 -0.1148 -0.6859
vn 0.2219 -0.0109 0.9750
vn -0.9800 0.0960 0.1744
vn -0.3871 -0.9199 -0.0627
vn 0.0768 0.9199 -0.3844
vn 0.0479 0.9057 -0.4213
vn 0.6871 -0.3798 -0.6193
vn -0.0157 -0.9579 0.2866
vn 0.5555 -0.1554 -0.8169
vn -0.9564 -0.1840 0.2270
vn -0.4613 0.8526 -0.2457
vn -0.0473 -0.1480 0.9879
vn -0.8010 -0.5395 -0.2596
vn 0.2955 0.6105 -0.7348
vn 0.3652 0.8374 0.4066
vn -0.8983 -0.4384 0.0303
vn -0.3234 0.7759 -0.5417
vn -0.1539 -0.9100 0.3850
vn -0.7568 -0.1574 -0.6344
vn -0.0217 -0.9982 0.0559
vn 0.5510 -0.0058 -0.8345
vn 0.7675 -0.5770 0.2794
vn 0.7796 -0.5326 0.3296
vn -0.9267 0.2979 0.2289
vn 0.3709 -0.5867 0.7199
vn -0.4985 -0.5637 -0.6586
vn -0.4192 0.6581 -0.6255
vn -0.0212 0.9225 -0.3855
vn -0.7210 -0.5953 -0.3547
vn -0.7642 0.5720 0.2981
vn -0.0190 -0.9983 0.0545
vn -0.6645 0.6928 0.2801
vn 0.3168 0.7438 0.5885
vn 0.9936 -0.0681 0.0899
vn 0.8564 0.4284 0.2881
vn 0.9492 -0.2147 -0.2301
vn -0.0049 0.9635 -0.2676
vn -0.3083 -0.5602 0.7688
vn -0.8713 0.0094 -0.4906
vn 0.1047 -0.9777 -0.1818
vn 0.1286 -0.0120 -0.9916
vn 0.3791 0.8419 0.3839
vn -0.1351 -0.9828 -0.1263
vn 0.6178 0.5262 -0.5843
vn 0.2023 0.0344 0.9787
vn -0.8365 -0.0050 -0.5480
vn 0.0453 -0.3524 -0.9347
vn 0.0625 0.9367 -0.3445
vn 0.3359 0.7064 -0.6231
vn 0.6278 -0.3025 -0.7172
vn -0.0229 -0.9989 0.0420
vn 0.8454 -0.0331 0.5331
vn 0.8868 0.3192 0.3342
vn -0.0182 -0.4139 -0.9101
vn -0.4819 -0.6372 -0.6015
vn 0.5674 -0.1768 -0.8042
vn 0.6728 -0.1867 0.7159
vn 0.0089 -0.5489 -0.8358
vn 0.4304 0.8101 -0.3982
vn -0.5510 -0.7996 -0.2389
vn 0.6436 0.7576 0.1091
vn -0.4386 -0.6308 -0.6401
vn 0.3630 -0.1564 -0.9186
vn -0.5423 -0.7185 -0.4356
vn 0.0457 0.4449 -0.8944
vn 0.3086 0.7857 -0.5361
vn -0.4000 0.8476 0.3488
vn -0.5732 0.1621 -0.8032
vn 0.7932 -0.5999 0.1043
vn -0.5894 0.1152 0.7996
vn 0.8085 0.5852 -0.0619
vn 0.4216 -0.8099 0.4077
vn -0.9543 0.2893 -0.0748
vn 0.6062 -0.7335 0.3074
vn 0.3087 -0.1537 0.9387
vn 0.6871 0.7217 0.0835
vn -0.9493 0.2029 0.2399
vn -0.5059 -0.0058 0.8626
vn 0.7324 -0.3043 -0.6091
vn 0.6691 0.4487 -0.5925
vn -0.7320 0.4318 -0.5270
vn 0.7050 -0.6980 0.1253
vn -0.8982 -0.2111 0.3856
vn 0.5291 -0.2404 -0.8138
vn 0.9425 -0.2881 0.1695
vn 0.8491 0.0293 0.5274
vn 0.5176 -0.4906 0.7010
vn 0.3225 -0.1860 -0.9281
vn 0.9484 0.2503 0.1947
vn 0.4802 -0.3223 0.8158
vn -0.6824 0.6251 -0.3790
vn -0.9324 -0.3065 0.1916
vn 0.9164 0.2051 0.3437
vn 0.3771 0.6683 0.6412
vn 0.1715 0.6710 0.7214
vn -0.1377 -0.1296 -0.9820
vn -0.6634 -0.0065 -0.7482
vn -0.5740 0.5685 0.5894
vn 0.2710 -0.9378 -0.2172
vn 0.6488 -0.1929 0.7361
vn -0.2385 -0.9445 0.2259
vn 0.1129 -0.9821 0.1510
vn 0.2709 -0.9624 -0.0215
vn 0.6402 -0.4940 0.5883
vn 0.7352 -0.5751 -0.3587
vn 0.0577 -0.2675 -0.9618
vn 0.8076 0.5448 0.2257
vn 0.8564 0.0696 -0.5116
vn -0.2425 -0.6602 0.7109
vn -0.1067 -0.9937 0.0352
vn -0.8703 -0.4141 0.2667
vn -0.6655 -0.6026 -0.4405
vn 0.3241 -0.0195 0.9458
vn -0.1794 -0.6236 0.7609
vn -0.0775 0.8850 -0.4591
vn -0.2586 0.7295 0.6332
vn -0.2759 -0.7590 0.5897
vn -0.9694 0.0551 0.2391
vn 0.2010 -0.9523 0.2298
vn 0.7201 0.2400 0.6510
vn 0.6175 -0.1037 0.7797
vn -0.1959 0.4616 0.8652
vn 0.6208 0.6002 -0.5043
vn 0.0102 -0.7745 0.6325
vn 0.4061 0.8087 0.4255
vn -0.3214 0.1015 -0.9415
vn 0.8102 -0.1992 0.5513
vn 0.2329 0.9320 0.2776
vn 0.1060 -0.9932 0.0488
vn 0.0129 0.6175 -0.7864
vn 0.3108 0.3345 -0.8897
vn -0.0724 0.9944 0.0771
vn -0.6573 -0.1173 -0.7445
vn -0.9674 -0.0503 -0.2483
vn -0.0296 -0.4748 0.8796
vn -0.1858 0.4943 -0.8492
vn 0.2730 0.4464 -0.8522
vn -0.9561 -0.1831 0.2290
vn -0.3314 -0.3246 -0.8859
vn 0.6358 -0.6893 0.3473
vn -0.3770 0.5861 -0.7172
vn -0.5426 -0.1518 0.8262
vn -0.2775 -0.9092 0.3103
vn -0.8598 0.0483 0.5083
vn -0.7061 -0.0655 -0.7051
vn -0.0734 -0.9873 -0.1406
vn -0.8439 -0.3978 0.3598
vn -0.8936 0.0733 0.4429
vn -0.4155 0.6006 -0.6831
vn 0.4319 -0.1169 -0.8943
vn 0.8321 0.3231 0.4509
vn -0.0446 0.3294 0.9431
vn -0.6292 -0.7031 0.3313
vn 0.9318 -0.2992 0.2053
vn 0.4479 0.8274 -0.3388
vn 0.7508 0.4311 -0.5004
vn -0.9488 0.2960 0.1106
vn 0.0065 -0.9999 -0.0103
vn 0.1604 -0.5977 0.7855
vn 0.5911 0.3596 -0.7220
vn -0.1689 0.0250 0.9853
vn -0.9819 0.0999 -0.1612
vn 0.0247 -0.0275 -0.9993
vn 0.2557 0.7810 0.5697
vn -0.3841 -0.6860 -0.6180
vn -0.0901 -0.3766 -0.9220
vn 0.8906 -0.3590 -0.2793
vn -0.6556 0.7424 -0.1377
vn 0.7493 -0.0234 0.6618
vn 0.6785 0.7346 -0.0040
vn 0.7566 -0.6535 -0.0207
vn -0.0224 0.3029 0.9528
vn 0.6757 -0.3371 -0.6556
vn 0.8895 0.4049 0.2117
vn 0.0811 0.9965 -0.0215
vn -0.0735 -0.4725 0.8783
vn 0.0978 -0.7528 -0.6510
vn 0.0999 -0.0674 0.9927
vn -0.7014 -0.6365 -0.3208
vn 0.5151 -0.0848 0.8529
vn -0.1031 -0.9937 -0.0429
vn 0.8334 0.3216 -0.4494
vn -0.2761 -0.2831 0.9185
vn -0.1143 -0.9339 -0.3388
vn -0.1014 -0.9661 0.2374
vn 0.2567 -0.9612 -0.1013
vn -0.5121 -0.1544 -0.8449
vn -0.5863 0.7581 0.2854
vn 0.8858 -0.4563 0.0839
vn -0.3059 -0.6711 0.6753
vn -0.1327 -0.5230 0.8420
vn -0.8631 -0.3738 0.3395
vn -0.6079 0.0608 0.7917
vn -0.5095 0.6302 -0.5859
vn 0.3150 0.0325 0.9485
vn -0.5065 0.6149 -0.6045
vn -0.3891 0.8334 0.3926
vn 0.3088 0.2053 -0.9287
vn 0.3349 -0.7498 -0.5707
vn 0.8786 -0.3572 0.3170
vn -0.5699 -0.7900 -0.2259
vn 0.7430 0.5503 -0.3809
vn 0.6747 -0.1931 0.7124
vn 0.7842 -0.3818 0.4891
vn -0.1443 0.9892 -0.0256
vn 0.4225 -0.8200 0.3861
vn -0.6638 -0.7115 0.2305
vn 0.3462 -0.3522 -0.8695
vn 0.7677 0.5850 -0.2617
vn -0.0908 -0.0067 -0.9958
vn 0.2419 -0.2725 0.9313
vn -0.7922 -0.1506 -0.5914
vn 0.4680 0.7296 -0.4987
vn 0.7635 -0.6144 0.1990
vn 0.1804 0.6410 -0.7460
vn -0.2640 -0.6215 0.7376
vn 0.3380 0.9080 0.2476
vn 0.7297 0.6722 0.1252
vn 0.1989 -0.8096 0.5523
vn 0.9675 0.2101 0.1408
vn 0.0448 -0.7043 -0.7085
vn 0.8845 -0.4251 0.1922
vn 0.6347 -0.6499 0.4181
vn -0.7248 0.6798 -0.1120
vn 0.2349 0.7838 0.5748
vn -0.7600 -0.4220 -0.4943
vn 0.6442 0.7418 -0.1862
vn -0.9581 -0.1639 0.2349
vn -0.0532 0.9910 -0.1228
vn 0.3904 0.7849 -0.4812
vn 0.1102 -0.2239 0.9684
vn -0.2854 -0.5613 -0.7769
vn 0.4212 -0.0963 -0.9018
vn 0.6971 0.2284 -0.6796
vn -0.5263 0.8501 -0.0197
vn -0.7007 0.6166 0.3589
vn 0.5905 -0.2328 0.7727
vn 0.7377 0.2660 -0.6205
vn -0.0826 -0.6449 0.7598
vn 0.8697 -0.0037 -0.4935
vn 0.5219 0.2775 0.8066
vn 0.0414 -0.2407 -0.9697
vn 0.8982 0.0808 0.4321
vn 0.2247 -0.8794 -0.4196
vn 0.0903 -0.9552 0.2819
vn 0.3419 0.7909 -0.5076
vn 0.1426 0.8907 -0.4316
vn -0.9365 0.0355 0.3489
vn 0.2528 -0.0883 -0.9635
vn -0.1472 -0.0047 -0.9891
vn -0.1078 0.4914 0.8642
vn 0.0563 -0.9952 -0.0801
vn 0.7654 -0.1583 0.6238
vn 0.1831 -0.6912 0.6991
vn 0.4372 0.3027 -0.8469
vn -0.9544 0.1113 0.2772
vn 0.9066 -0.2631 -0.3299
vn 0.5118 0.4856 0.7087
vn 0.0382 -0.7436 0.6675
vn 0.7097 -0.6490 -0.2741
vn 0.0208 0.9571 0.2890
vn 0.6579 -0.1371 0.7405
vn 0.8855 -0.1314 -0.4457
vn -0.2866 -0.1258 -0.9497
vn 0.1335 -0.9854 0.1060
vn -0.8385 -0.5325 0.1155
vn 0.9273 0.1609 -0.3381
vn 0.1087 0.1509 0.9826
vn 0.1322 -0.1588 -0.9784
vn -0.4553 0.3386 -0.8234
vn 0.6153 -0.7622 -0.2013
vn -0.9570 0.0012 -0.2902
vn 0.4462 0.3796 0.8104
vn -0.9913 -0.0115 -0.1311
vn -0.2851 -0.7512 0.5953
vn -0.0795 -0.6406 -0.7638
vn -0.5401 0.5810 -0.6088
vn -0.1683 -0.9772 0.1296
vn 0.0668 -0.7349 -0.6749
vn -0.6097 0.3544 0.7090
vn -0.5156 -0.8316 0.2065
vn -0.7862 0.4655 -0.4066
vn -0.3975 0.8191 0.4136
vn 0.6323 0.3738 -0.6786
vn -0.2267 -0.9542 0.1954
vn 0.0083 0.9943 -0.1062
vn -0.0100 -0.9933 0.1150
vn 0.0406 -0.6845 0.7279
vn -0.3674 -0.9300 -0.0136
vn -0.4211 0.7836 -0.4567
vn -0.8518 0.4846 0.1990
vn -0.3113 0.0942 -0.9456
vn -0.4352 -0.3327 0.8366
vn 0.8338 -0.5190 0.1883
vn -0.9655 0.2605 -0.0004
vn -0.8812 -0.0972 0.4626
vn 0.9767 -0.1630 0.1394
vn -0.1201 0.9112 -0.3941
vn -0.6268 0.7392 -0.2465
vn 0.7429 0.5751 -0.3425
vn -0.3682 0.7647 -0.5288
vn -0.2299 -0.6664 -0.7092
vn -0.9954 0.0399 -0.0876
vn -0.8790 0.4008 0.2582
vn 0.4844 -0.1380 -0.8639
vn 0.4589 0.8168 0.3497
vn -0.7156 0.6925 -0.0908
vn 0.1478 -0.2653 0.9528
vn -0.1348 -0.9909 -0.0052
vn 0.1382 0.5371 -0.8321
vn 0.3396 -0.7763 -0.5311
vn -0.2590 -0.7132 -0.6513
vn -0.4920 -0.6317 0.5990
vn 0.5184 0.7455 0.4188
vn -0.3474 0.8447 -0.4072
vn -0.2301 0.9731 -0.0046
vn -0.4561 -0.5960 0.6609
vn -0.8393 -0.5437 0.0079
vn -0.0443 -0.9714 0.2332
vn -0.4486 -0.6568 -0.6061
vn 0.1565 -0.8757 0.4568
vn -0.8419 -0.4037 0.3582
vn -0.3094 -0.3988 0.8633
vn -0.9606 -0.2766 -0.0275
vn 0.5745 -0.3280 -0.7499
vn 0.9527 0.2868 -0.1009
vn 0.4149 -0.2260 0.8813
vn 0.0252 -0.7874 -0.6159
vn 0.7604 0.5576 -0.3329
vn -0.5320 -0.8452 0.0521
vn -0.6296 -0.7033 0.3302
vn 0.0469 -0.2044 -0.9778
vn -0.8070 -0.1758 -0.5638
vn 0.9474 0.2186 0.2338
vn -0.2697 -0.6234 0.7339
vn 0.8532 -0.2878 -0.4349
vn 0.5351 -0.7880 -0.3046
vn -0.0078 0.7676 -0.6409
vn 0.1190 -0.0342 0.9923
vn -0.3681 -0.4354 0.8216
vn 0.4701 0.6544 -0.5923
vn -0.1762 0.9838 -0.0323
vn -0.7189 -0.5853 -0.3749
vn 0.6643 0.7347 0.1375
vn 0.3249 -0.7398 -0.5892
vn -0.2653 -0.5883 0.7639
vn -0.8068 -0.0211 -0.5905
vn 0.7726 0.1823 0.6082
vn 0.6671 -0.4615 0.5849
vn 0.7742 0.6326 0.0206
vn 0.7615 0.0884 -0.6421
vn 0.4238 0.8952 0.1378
vn 0.6417 -0.4769 -0.6007
vn -0.5724 -0.8102 -0.1260
vn -0.1095 -0.8749 0.4717
vn -0.8768 -0.1010 -0.4702
vn 0.1772 -0.9779 0.1106
vn -0.0880 -0.9905 0.1060
vn -0.5816 0.4457 -0.6805
vn 0.1568 0.8996 -0.4077
vn 0.8127 0.5144 0.2737
vn -0.8853 0.4207 0.1980
vn 0.7871 -0.5989 0.1477
vn 0.2059 0.0855 -0.9748
vn 0.7526 -0.0858 -0.6529
vn 0.0469 0.9668 0.2511
vn -0.2243 -0.5126 0.8288
vn -0.6307 0.1189 0.7669
vn -0.4538 0.7032 -0.5473
vn -0.7554 0.0181 -0.6550
vn -0.9922 0.1000 -0.0741
vn -0.9025 0.3927 0.1766
vn -0.5585 -0.8138 -0.1603
vn -0.7471 -0.6156 0.2510
vn 0.7567 -0.2364 0.6096
vn -0.4138 -0.9001 0.1362
vn -0.4099 0.7855 0.4636
vn -0.0290 -0.7736 -0.6330
vn 0.1954 -0.7781 -0.5970
vn 0.0685 0.9942 0.0830
vn -0.2909 0.3472 0.8915
vn 0.9959 0.0643 0.0636
vn -0.6738 0.6947 0.2516
vn 0.6266 0.1491 -0.7649
vn 0.6863 -0.5776 0.4421
vn -0.3454 -0.6136 0.7100
vn -0.5044 -0.8212 0.2668
vn 0.5459 -0.2463 -0.8009
vn 0.3996 0.9150 0.0556
vn 0.4006 0.7302 -0.5535
vn -0.5611 -0.8058 -0.1892
vn 0.6728 -0.1950 0.7137
vn -0.1106 -0.7325 0.6718
vn -0.1064 0.9845 -0.1392
vn 0.3011 -0.9529 -0.0353
vn -0.1357 0.6827 -0.7180
vn -0.6679 0.6769 -0.3093
vn -0.6072 -0.7362 0.2987
vn 0.6063 0.1334 -0.7840
vn 0.0941 -0.7514 -0.6531
vn 0.6774 0.5361 0.5038
vn -0.7462 -0.6369 -0.1939
vn 0.8585 -0.0795 0.5066
vn 0.1669 0.7547 0.6344
vn 0.0703 -0.0928 -0.9932
vn 0.5575 -0.0925 0.8250
vn 0.3253 -0.1165 -0.9384
vn 0.9643 -0.2388 -0.1146
vn 0.3815 0.8287 0.4095
vn 0.1781 -0.6901 0.7014
vn -0.7245 -0.5958 0.3464
vn -0.9905 0.0915 0.1028
vn 0.4915 0.5547 0.6714
vn 0.6873 0.7128 0.1396
vn -0.3139 -0.6741 0.6686
vn 0.5737 0.3727 0.7294
vn 0.9363 -0.1448 0.3199
vn 0.6808 -0.7320 0.0260
vn -0.1080 0.7394 -0.6646
vn -0.2394 -0.8917 0.3843
vn -0.2939 -0.8751 0.3845
vn 0.6741 -0.7351 -0.0723
vn -0.4065 0.5093 -0.7585
vn -0.6451 -0.7370 -0.2016
vn -0.8131 0.5115 -0.2780
vn -0.9564 0.0461 0.2884
vn -0.9835 -0.0117 -0.1804
vn 0.6371 -0.5543 0.5356
vn 0.3361 -0.2044 -0.9194
vn 0.7166 -0.3312 -0.6138
vn 0.5435 0.3968 0.7397
vn -0.0943 -0.3866 -0.9174
vn 0.8430 -0.5332 0.0705
vn -0.4187 -0.3566 -0.8351
vn 0.6672 0.6436 -0.3749
vn -0.3201 0.7649 -0.5590
vn -0.4711 -0.4127 -0.7796
vn -0.2795 -0.0639 -0.9580
vn -0.1085 0.8628 0.4938
vn 0.7709 0.5096 -0.3822
vn -0.2075 -0.7428 0.6365
vn -0.7482 0.5897 0.3040
vn -0.6430 0.7347 0.2161
vn 0.0299 -0.5469 -0.8367
vn 0.6710 -0.5602 0.4857
vn 0.8845 0.1482 -0.4423
vn -0.1039 -0.8755 0.4720
vn 0.2457 0.2326 -0.9410
vn 0.6133 0.5397 -0.5767
vn 0.0158 -0.9950 -0.0987
vn -0.5920 0.6881 -0.4197
vn -0.9372 -0.3417 0.0702
vn -0.6399 -0.5739 0.5110
vn 0.8530 -0.1597 0.4968
vn -0.1232 -0.6633 -0.7381
vn -0.1267 0.9760 0.1773
vn 0.7957 0.0821 -0.6001
vn 0.0236 0.7186 0.6950
vn 0.8624 0.1628 0.4793
vn 0.3920 0.8403 0.3746
vn -0.8546 -0.1499 -0.4972
vn -0.1720 -0.4915 0.8537
vn -0.9984 0.0553 -0.0140
vn 0.0035 0.6905 -0.7234
vn -0.3844 0.7581 -0.5268
vn -0.1685 -0.5307 -0.8307
vn -0.9325 -0.1313 -0.3364
vn -0.6988 0.6764 -0.2327
vn -0.0951 0.5166 -0.8509
vn -0.9897 0.0868 -0.1138
vn 0.7769 -0.6255 0.0719
vn -0.6575 0.7268 -0.1988
vn -0.4534 -0.8913 0.0019
vn -0.7450 0.1585 -0.6480
vn 0.4004 -0.2916 0.8687
vn 0.1662 0.0308 0.9856
vn 0.4935 0.7219 0.4851
vn -0.0626 -0.7475 0.6614
vn 0.7408 -0.6708 -0.0350
vn 0.0308 0.9631 -0.2674
vn -0.7135 0.6522 -0.2561
vn -0.2221 -0.6746 -0.7040
vn -0.1820 -0.8275 0.5312
vn 0.0172 0.9951 0.0974
vn 0.1890 -0.1236 -0.9742
vn 0.0651 -0.4423 -0.8945
vn 0.7019 -0.6978 -0.1428
vn -0.9645 0.2590 -0.0510
vn 0.1665 -0.8968 0.4099
vn 0.1895 -0.3210 -0.9279
vn -0.9937 0.0769 -0.0814
vn 0.6573 -0.5125 -0.5526
vn 0.6680 0.5748 -0.4727
vn -0.5016 0.6623 -0.5566
vn -0.8135 -0.3648 0.4529
vn 0.0579 -0.0783 -0.9952
vn 0.6009 -0.1891 0.7766
vn 0.5044 0.2935 -0.8120
vn 0.1125 0.2845 0.9520
vn -0.8768 -0.4074 0.2555
vn 0.7384 -0.6285 0.2444
vn -0.9490 -0.1487 -0.2780
vn -0.4612 0.6621 0.5907
vn -0.9053 -0.4234 0.0351
vn -0.6866 0.1094 0.7187
vn -0.9201 0.0490 -0.3886
vt 0.559489 0.581480
vt 0.558770 0.601677
vt 0.554324 0.605590
vt 0.758859 0.670387
vt 0.753909 0.683561
vt 0.752801 0.634381
vt 0.337885 0.365049
vt 0.340222 0.344180
vt 0.344921 0.361187
vt 0.557169 0.471089
vt 0.561333 0.451519
vt 0.564809 0.462248
vt 0.243715 0.286397
vt 0.231322 0.301376
vt 0.235506 0.268936
vt 0.580934 0.301212
vt 0.575052 0.275242
vt 0.587166 0.293154
vt 0.415285 0.295917
vt 0.408808 0.311059
vt 0.407355 0.298806
vt 0.609783 0.499561
vt 0.602620 0.509372
vt 0.600638 0.486460
vt 0.705081 0.410237
vt 0.707045 0.398000
vt 0.712384 0.406228
vt 0.417282 0.377619
vt 0.414922 0.398930
vt 0.411916 0.397429
vt 0.294911 0.587603
vt 0.298823 0.544971
vt 0.299340 0.566336
vt 0.714159 0.110131
vt 0.700022 0.101157
vt 0.712703 0.097782
vt 0.456468 0.401436
vt 0.449459 0.399673
vt 0.452056 0.376398
vt 0.416235 0.321638
vt 0.408807 0.324608
vt 0.675681 0.250470
vt 0.665457 0.246526
vt 0.673178 0.218481
vt 0.409672 0.423543
vt 0.407016 0.425412
vt 0.406679 0.413493
vt 0.334851 0.383074
vt 0.330746 0.403434
vt 0.326883 0.393969
vt 0.349471 0.280541
vt 0.340577 0.247010
vt 0.353641 0.269679
vt 0.307934 0.295716
vt 0.310502 0.310130
vt 0.304365 0.320452
vt 0.643623 0.468757
vt 0.636655 0.471585
vt 0.640601 0.450554
vt 0.527074 0.287365
vt 0.531954 0.306115
vt 0.522361 0.315939
vt 0.629885 0.044938
vt 0.667298 0.049959
vt 0.634242 0.061254
vt 0.774052 0.298488
vt 0.774764 0.329084
vt 0.766430 0.328046
vt 0.230119 0.757873
vt 0.226677 0.773841
vt 0.221420 0.766962
vt 0.353416 0.640425
vt 0.354490 0.663194
vt 0.347282 0.653426
vt 0.760320 0.735332
vt 0.753091 0.751435
vt 0.752998 0.717741
vt 0.629292 0.230396
vt 0.628886 0.244239
vt 0.624954 0.246913
vt 0.618008 0.196819
vt 0.627369 0.218461
vt 0.618759 0.219556
vt 0.253489 0.750040
vt 0.247680 0.747599
vt 0.247103 0.739796
vt 0.260955 0.299675
vt 0.262660 0.286780
vt 0.269113 0.285388
vt 0.388618 0.671544
vt 0.391217 0.691815
vt 0.381216 0.681284
vt 0.237978 0.429847
vt 0.241415 0.413600
vt 0.242223 0.426864
vt 0.367880 0.808753
vt 0.362051 0.766614
vt 0.375312 0.798762
vt 0.520330 0.767171
vt 0.507203 0.767124
vt 0.513041 0.756866
vt 0.694404 0.614454
vt 0.697159 0.594849
vt 0.701101 0.605568
vt 0.730041 0.820029
vt 0.746528 0.836320
vt 0.730462 0.842641
vt 0.241085 0.735948
vt 0.239995 0.752192
vt 0.739274 0.264846
vt 0.742824 0.248853
vt 0.744985 0.268603
vt 0.404804 0.137791
vt 0.394901 0.118745
vt 0.417923 0.111869
vt 0.560760 0.120863
vt 0.548041 0.109993
vt 0.569771 0.106151
vt 0.587432 0.389723
vt 0.582771 0.415793
vt 0.576564 0.412345
vt 0.342422 0.563629
vt 0.336113 0.585341
vt 0.337775 0.559972
vt 0.757627 0.331030
vt 0.761885 0.352835
vt 0.751377 0.356983
vt 0.278604 0.219891
vt 0.262863 0.227051
vt 0.274035 0.204001
vt 0.424354 0.829647
vt 0.404577 0.853645
vt 0.411705 0.824176
vt 0.622129 0.539878
vt 0.623037 0.525540
vt 0.627898 0.541309
vt 0.780425 0.365725
vt 0.769028 0.366362
vt 0.771254 0.346234
vt 0.257974 0.663103
vt 0.249296 0.660317
vt 0.253604 0.647760
vt 0.565094 0.606053
vt 0.570412 0.612328
vt 0.562471 0.613877
vt 0.690110 0.641282
vt 0.693783 0.637688
vt 0.691400 0.668248
vt 0.301102 0.885748
vt 0.325469 0.887522
vt 0.315850 0.901232
vt 0.386046 0.564796
vt 0.378770 0.561741
vt 0.383802 0.550086
vt 0.721091 0.264027
vt 0.714527 0.259730
vt 0.720974 0.249347
vt 0.349891 0.389739
vt 0.348437 0.376012
vt 0.353089 0.378262
vt 0.545342 0.887908
vt 0.527091 0.907310
vt 0.527328 0.893851
vt 0.733085 0.425939
vt 0.733780 0.407029
vt 0.738318 0.410495
vt 0.640078 0.378941
vt 0.644573 0.380222
vt 0.644632 0.396593
vt 0.737366 0.398389
vt 0.574932 0.859443
vt 0.593822 0.859499
vt 0.583328 0.875842
vt 0.270879 0.784961
vt 0.265416 0.767925
vt 0.273295 0.767546
vt 0.276379 0.292212
vt 0.267412 0.260881
vt 0.225577 0.821822
vt 0.229156 0.807042
vt 0.233224 0.814676
vt 0.411780 0.669749
vt 0.409175 0.642864
vt 0.417073 0.626108
vt 0.431503 0.419223
vt 0.426458 0.416305
vt 0.431582 0.405373
vt 0.540790 0.514377
vt 0.539912 0.492052
vt 0.546401 0.508795
vt 0.246713 0.236699
vt 0.240815 0.205507
vt 0.256477 0.199698
vt 0.363785 0.630159
vt 0.373351 0.621993
vt 0.372581 0.633398
vt 0.718015 0.038749
vt 0.740018 0.042813
vt 0.715468 0.045471
vt 0.228528 0.367375
vt 0.220517 0.370179
vt 0.222931 0.349445
vt 0.506720 0.684260
vt 0.512387 0.692347
vt 0.509376 0.704413
vt 0.675599 0.076706
vt 0.658558 0.078075
vt 0.666106 0.065898
vt 0.342581 0.388334
vt 0.338890 0.404839
vt 0.574756 0.646196
vt 0.579767 0.654345
vt 0.572773 0.659410
vt 0.665933 0.374102
vt 0.663516 0.353420
vt 0.669413 0.363236
vt 0.557416 0.493472
vt 0.552416 0.497588
vt 0.550534 0.477276
vt 0.764466 0.634424
vt 0.768793 0.612054
vt 0.774329 0.632818
vt 0.537777 0.683461
vt 0.538025 0.695149
vt 0.534740 0.689213
vt 0.477676 0.464307
vt 0.488065 0.477558
vt 0.481678 0.483445
vt 0.493301 0.169052
vt 0.503016 0.206050
vt 0.489010 0.193367
vt 0.501069 0.600901
vt 0.508429 0.593870
vt 0.505825 0.607478
vt 0.317798 0.784989
vt 0.309152 0.782149
vt 0.314707 0.763476
vt 0.281571 0.311593
vt 0.287369 0.341596
vt 0.279005 0.345291
vt 0.723067 0.680138
vt 0.724506 0.647212
vt 0.730228 0.693273
vt 0.720329 0.661656
vt 0.715147 0.702766
vt 0.707223 0.693888
vt 0.686703 0.331814
vt 0.683288 0.298087
vt 0.688394 0.304742
vt 0.675383 0.360651
vt 0.677827 0.343629
vt 0.681669 0.363867
vt 0.701252 0.410839
vt 0.702210 0.398814
vt 0.273014 0.186201
vt 0.264610 0.195374
vt 0.698159 0.209151
vt 0.692599 0.224042
vt 0.690150 0.188093
vt 0.552895 0.665521
vt 0.554550 0.686820
vt 0.549599 0.685725
vt 0.440554 0.370386
vt 0.439362 0.390543
vt 0.432223 0.358965
vt 0.251885 0.594489
vt 0.250010 0.607105
vt 0.249166 0.586765
vt 0.481280 0.656320
vt 0.486424 0.638354
vt 0.488257 0.658164
vt 0.295691 0.851932
vt 0.282444 0.843623
vt 0.293005 0.834964
vt 0.403383 0.305824
vt 0.392826 0.300909
vt 0.396766 0.288747
vt 0.258391 0.748560
vt 0.260147 0.767285
vt 0.256146 0.758809
vt 0.685721 0.422941
vt 0.690886 0.411347
vt 0.690708 0.426029
vt 0.701969 0.742949
vt 0.695544 0.730827
vt 0.701569 0.726792
vt 0.401584 0.278023
vt 0.359618 0.561586
vt 0.364734 0.567552
vt 0.359097 0.590608
vt 0.430265 0.044853
vt 0.446650 0.057844
vt 0.399721 0.055179
vt 0.468876 0.749048
vt 0.477847 0.758500
vt 0.462066 0.761988
vt 0.356194 0.311349
vt 0.351636 0.325622
vt 0.352913 0.313562
vt 0.733121 0.541445
vt 0.732994 0.525648
vt 0.737841 0.531098
vt 0.625095 0.256615
vt 0.618869 0.250823
vt 0.544270 0.484952
vt 0.547400 0.498922
vt 0.235228 0.494969
vt 0.226453 0.487802
vt 0.237026 0.469340
vt 0.722621 0.055610
vt 0.732511 0.051270
vt 0.731926 0.279498
vt 0.732106 0.272258
vt 0.736465 0.275882
vt 0.364811 0.594333
vt 0.690965 0.622751
vt 0.688207 0.599618
vt 0.692123 0.600811
vt 0.492177 0.525854
vt 0.495517 0.507564
vt 0.503219 0.508807
vt 0.533895 0.671684
vt 0.529991 0.683257
vt 0.527844 0.670310
vt 0.332262 0.768730
vt 0.332554 0.753304
vt 0.341322 0.747087
vt 0.412839 0.500654
vt 0.403156 0.521007
vt 0.403573 0.496408
vt 0.744070 0.394492
vt 0.740252 0.383311
vt 0.744799 0.373622
vt 0.572394 0.294164
vt 0.732939 0.064727
vt 0.739553 0.074453
vt 0.725326 0.080702
vt 0.222214 0.751190
vt 0.608590 0.520120
vt 0.481030 0.566241
vt 0.474727 0.529471
vt 0.483598 0.540162
vt 0.694401 0.435170
vt 0.688641 0.433950
vt 0.547357 0.829621
vt 0.531198 0.819689
vt 0.542537 0.804459
vt 0.421951 0.166081
vt 0.388549 0.152848
vt 0.245333 0.369633
vt 0.242950 0.377923
vt 0.237747 0.369011
vt 0.472565 0.486312
vt 0.468858 0.482975
vt 0.565989 0.584943
vt 0.567941 0.602360
vt 0.309889 0.753382
vt 0.297140 0.754941
vt 0.301113 0.731083
vt 0.744622 0.702482
vt 0.742356 0.715962
vt 0.735800 0.708629
vt 0.410527 0.747993
vt 0.407785 0.729638
vt 0.415876 0.741000
vt 0.358539 0.466968
vt 0.363473 0.470992
vt 0.358478 0.477903
vt 0.493264 0.919049
vt 0.510219 0.935778
vt 0.477656 0.939412
vt 0.319263 0.270212
vt 0.312757 0.293727
vt 0.310071 0.270032
vt 0.263799 0.699367
vt 0.258839 0.721775
vt 0.258506 0.682827
vt 0.505391 0.712035
vt 0.502322 0.692396
vt 0.426930 0.575189
vt 0.435970 0.568492
vt 0.430363 0.602958
vt 0.464690 0.970846
vt 0.402851 0.963618
vt 0.442430 0.951209
vt 0.635946 0.441296
vt 0.446359 0.174420
vt 0.472730 0.185230
vt 0.460011 0.219949
vt 0.424743 0.323533
vt 0.429888 0.334315
vt 0.422543 0.351399
vt 0.421207 0.240682
vt 0.421065 0.272144
vt 0.412686 0.256065
vt 0.746412 0.295617
vt 0.748994 0.277333
vt 0.268859 0.755971
vt 0.282451 0.748890
vt 0.368163 0.511553
vt 0.377498 0.526709
vt 0.368397 0.542932
vt 0.408726 0.029928
vt 0.395039 0.043083
vt 0.550357 0.396905
vt 0.554283 0.377305
vt 0.560388 0.385398
vt 0.252764 0.685497
vt 0.722360 0.123023
vt 0.724378 0.108399
vt 0.322442 0.557508
vt 0.317001 0.513641
vt 0.327127 0.533809
vt 0.303120 0.341719
vt 0.302279 0.373421
vt 0.297109 0.352908
vt 0.286761 0.707381
vt 0.279902 0.731907
vt 0.280272 0.706528
vt 0.547176 0.127110
vt 0.556993 0.145333
vt 0.404091 0.692479
vt 0.404757 0.673802
vt 0.412114 0.689021
vt 0.505141 0.562440
vt 0.501136 0.574324
vt 0.501884 0.553236
vt 0.731351 0.374898
vt 0.724077 0.356512
vt 0.728883 0.351897
vt 0.744965 0.536633
vt 0.737316 0.545008
vt 0.459491 0.155372
vt 0.228470 0.393157
vt 0.224541 0.385535
vt 0.658631 0.552857
vt 0.660297 0.534873
vt 0.663645 0.545935
vt 0.653860 0.544011
vt 0.654146 0.533418
vt 0.681344 0.414319
vt 0.683578 0.409563
vt 0.252195 0.549695
vt 0.245925 0.550594
vt 0.252321 0.525983
vt 0.493752 0.666687
vt 0.496680 0.657711
vt 0.499548 0.677414
vt 0.614418 0.647848
vt 0.611215 0.632296
vt 0.619357 0.633982
vt 0.252040 0.734313
vt 0.332499 0.665352
vt 0.326556 0.692648
vt 0.318423 0.677221
vt 0.279676 0.244488
vt 0.563022 0.654336
vt 0.562284 0.670179
vt 0.557656 0.666398
vt 0.225780 0.512691
vt 0.228717 0.514510
vt 0.775875 0.070135
vt 0.770888 0.055623
vt 0.780608 0.060878
vt 0.515055 0.531573
vt 0.510777 0.498154
vt 0.517526 0.510055
vt 0.358077 0.247680
vt 0.358533 0.231314
vt 0.363909 0.235253
vt 0.248488 0.352033
vt 0.256896 0.364722
vt 0.249215 0.376206
vt 0.716657 0.298408
vt 0.709641 0.289120
vt 0.715944 0.273094
vt 0.550781 0.757553
vt 0.558886 0.761792
vt 0.558806 0.776247
vt 0.730775 0.398240
vt 0.734651 0.369099
vt 0.271433 0.443770
vt 0.274592 0.492375
vt 0.261799 0.456685
vt 0.226421 0.652759
vt 0.229246 0.680009
vt 0.222151 0.687077
vt 0.340968 0.432739
vt 0.340107 0.444117
vt 0.337502 0.441762
vt 0.547073 0.673264
vt 0.334635 0.520528
vt 0.331484 0.501235
vt 0.336252 0.502576
vt 0.541845 0.748179
vt 0.543257 0.763664
vt 0.536091 0.757570
vt 0.381215 0.764758
vt 0.359793 0.443599
vt 0.362117 0.418380
vt 0.367445 0.427171
vt 0.238208 0.818276
vt 0.233754 0.806345
vt 0.740806 0.170935
vt 0.742602 0.201480
vt 0.723869 0.188780
vt 0.345179 0.435901
vt 0.343272 0.449820
vt 0.665464 0.561679
vt 0.682341 0.377406
vt 0.681774 0.397113
vt 0.679737 0.385192
vt 0.269172 0.640188
vt 0.263454 0.634307
vt 0.268360 0.621803
vt 0.242019 0.446935
vt 0.235070 0.450364
vt 0.493960 0.630819
vt 0.490663 0.617051
vt 0.495213 0.623806
vt 0.652226 0.277608
vt 0.643200 0.294448
vt 0.645381 0.262168
vt 0.538684 0.666508
vt 0.334019 0.540848
vt 0.340102 0.539769
vt 0.542188 0.470710
vt 0.407548 0.359856
vt 0.404357 0.372623
vt 0.404795 0.334038
vt 0.530819 0.796573
vt 0.315082 0.535148
vt 0.483563 0.691598
vt 0.490023 0.676091
vt 0.493307 0.696139
vt 0.553795 0.716838
vt 0.549255 0.722771
vt 0.548765 0.709005
vt 0.690490 0.446864
vt 0.696317 0.458061
vt 0.691889 0.457512
vt 0.776132 0.494799
vt 0.775704 0.529141
vt 0.773360 0.516010
vt 0.690491 0.044487
vt 0.684147 0.055301
vt 0.731884 0.609142
vt 0.728126 0.609398
vt 0.728259 0.590708
vt 0.409937 0.398375
vt 0.407004 0.400421
vt 0.407188 0.377884
vt 0.477080 0.513513
vt 0.485655 0.504784
vt 0.484139 0.521165
vt 0.578019 0.636260
vt 0.584481 0.635274
vt 0.681117 0.113386
vt 0.684164 0.128268
vt 0.673719 0.120728
vt 0.302235 0.629689
vt 0.296831 0.641263
vt 0.294878 0.618024
vt 0.305863 0.648437
vt 0.259909 0.268588
vt 0.263517 0.270171
vt 0.258024 0.275342
vt 0.519290 0.716646
vt 0.513574 0.739012
vt 0.512537 0.712639
vt 0.767642 0.551719
vt 0.772256 0.561182
vt 0.766564 0.576137
vt 0.240156 0.385978
vt 0.233017 0.385710
vt 0.303776 0.265980
vt 0.300496 0.294823
vt 0.296828 0.270667
vt 0.621602 0.671652
vt 0.622125 0.652107
vt 0.626066 0.663198
vt 0.411729 0.460816
vt 0.406787 0.472703
vt 0.402587 0.462142
vt 0.688128 0.112269
vt 0.539355 0.652333
vt 0.534270 0.657550
vt 0.538347 0.770614
vt 0.282567 0.663541
vt 0.277676 0.688335
vt 0.275307 0.666551
vt 0.393530 0.572918
vt 0.391622 0.549161
vt 0.402748 0.553786
vt 0.342838 0.306989
vt 0.333616 0.304239
vt 0.339953 0.295369
vt 0.254801 0.599873
vt 0.255364 0.610722
vt 0.740587 0.398059
vt 0.556314 0.726117
vt 0.556923 0.747966
vt 0.552588 0.742047
vt 0.337701 0.379104
vt 0.345462 0.379914
vt 0.558772 0.362429
vt 0.566487 0.381403
vt 0.562394 0.622947
vt 0.568314 0.631694
vt 0.355832 0.386099
vt 0.351168 0.408798
vt 0.569289 0.465571
vt 0.561780 0.487057
vt 0.665429 0.529000
vt 0.657680 0.519795
vt 0.768259 0.745693
vt 0.759080 0.749104
vt 0.248466 0.761410
vt 0.242573 0.760248
vt 0.543458 0.709822
vt 0.423003 0.794908
vt 0.425286 0.778359
vt 0.429487 0.810876
vt 0.540463 0.530030
vt 0.536824 0.507581
vt 0.356455 0.434088
vt 0.354787 0.446675
vt 0.358230 0.455268
vt 0.243813 0.078082
vt 0.237881 0.056964
vt 0.248896 0.046466
vt 0.769526 0.697341
vt 0.778196 0.698785
vt 0.774567 0.713202
vt 0.721422 0.073194
vt 0.716485 0.082333
vt 0.703428 0.076542
vt 0.357828 0.730268
vt 0.366353 0.748947
vt 0.360011 0.750833
vt 0.439444 0.772075
vt 0.432144 0.734598
vt 0.441766 0.752114
vt 0.363358 0.456547
vt 0.706136 0.377037
vt 0.704901 0.353237
vt 0.710709 0.352956
vt 0.528117 0.588340
vt 0.519623 0.591506
vt 0.519252 0.567748
vt 0.277078 0.049029
vt 0.227388 0.041595
vt 0.572180 0.600936
vt 0.711569 0.436044
vt 0.709178 0.439491
vt 0.706479 0.422250
vt 0.293050 0.198974
vt 0.287559 0.206921
vt 0.285950 0.187926
vt 0.487553 0.330175
vt 0.487151 0.299520
vt 0.493965 0.313954
vt 0.296613 0.210570
vt 0.293961 0.715181
vt 0.294757 0.696691
vt 0.728466 0.519334
vt 0.730266 0.484712
vt 0.736120 0.509336
vt 0.351416 0.476596
vt 0.350653 0.488124
vt 0.347326 0.481283
vt 0.375642 0.307929
vt 0.380921 0.296971
vt 0.384717 0.323115
vt 0.747097 0.415561
vt 0.743976 0.433660
vt 0.742743 0.414627
vt 0.706984 0.733778
vt 0.246979 0.447318
vt 0.359251 0.499618
vt 0.359263 0.513284
vt 0.354865 0.503881
vt 0.255464 0.825380
vt 0.248817 0.832609
vt 0.249745 0.816589
vt 0.617069 0.398600
vt 0.612654 0.412089
vt 0.608668 0.401683
vt 0.741336 0.342127
vt 0.733482 0.336856
vt 0.736969 0.316965
vt 0.693284 0.576247
vt 0.491168 0.491664
vt 0.496667 0.458523
vt 0.507309 0.652857
vt 0.514186 0.671024
vt 0.508572 0.672414
vt 0.647277 0.364274
vt 0.650482 0.389388
vt 0.365408 0.649620
vt 0.363919 0.672879
vt 0.359089 0.666814
vt 0.354717 0.485497
vt 0.416790 0.454114
vt 0.413165 0.439539
vt 0.548833 0.536087
vt 0.547015 0.555364
vt 0.541201 0.552936
vt 0.219426 0.518033
vt 0.224183 0.518674
vt 0.223257 0.552939
vt 0.509884 0.618717
vt 0.510175 0.635556
vt 0.505707 0.623142
vt 0.649375 0.538264
vt 0.526053 0.727772
vt 0.526259 0.746120
vt 0.522913 0.742277
vt 0.480967 0.712181
vt 0.468404 0.706864
vt 0.470353 0.689318
vt 0.593873 0.398710
vt 0.603544 0.400254
vt 0.590949 0.414430
vt 0.451785 0.466852
vt 0.448667 0.452664
vt 0.455056 0.449397
vt 0.636891 0.587387
vt 0.625129 0.594339
vt 0.632066 0.561497
vt 0.580719 0.721284
vt 0.583937 0.702919
vt 0.588972 0.715778
vt 0.479696 0.236616
vt 0.488121 0.250583
vt 0.477827 0.254718
vt 0.632863 0.812359
vt 0.639885 0.834477
vt 0.624648 0.830712
vt 0.485342 0.224564
vt 0.688771 0.485466
vt 0.685879 0.477513
vt 0.689438 0.466233
vt 0.237627 0.013609
vt 0.335965 0.012576
vt 0.273670 0.022546
vt 0.223705 0.565296
vt 0.227884 0.558369
vt 0.541903 0.913417
vt 0.527252 0.691121
vt 0.524203 0.690316
vt 0.521128 0.668842
vt 0.631740 0.447788
vt 0.620800 0.448509
vt 0.629766 0.425709
vt 0.642648 0.185483
vt 0.662148 0.185035
vt 0.644777 0.205584
vt 0.714496 0.598207
vt 0.710890 0.617298
vt 0.707209 0.597725
vt 0.374003 0.436114
vt 0.364809 0.443792
vt 0.625549 0.806073
vt 0.311337 0.575538
vt 0.322131 0.593632
vt 0.312418 0.603331
vt 0.704298 0.512049
vt 0.700216 0.530896
vt 0.695725 0.504105
vt 0.364601 0.380512
vt 0.362253 0.363843
vt 0.366888 0.361574
vt 0.692225 0.502989
vt 0.695333 0.490936
vt 0.428949 0.636778
vt 0.420655 0.651396
vt 0.422871 0.598017
vt 0.250312 0.714833
vt 0.255240 0.709079
vt 0.365714 0.400767
vt 0.369945 0.393081
vt 0.371653 0.412629
vt 0.403850 0.434463
vt 0.399696 0.450990
vt 0.400404 0.429545
vt 0.362745 0.848679
vt 0.346645 0.828665
vt 0.357781 0.816882
vt 0.729482 0.917490
vt 0.767508 0.890868
vt 0.770243 0.930540
vt 0.566304 0.092777
vt 0.271047 0.824869
vt 0.286755 0.822913
vt 0.767511 0.207529
vt 0.771751 0.168233
vt 0.773960 0.190317
vt 0.753220 0.505526
vt 0.749781 0.534761
vt 0.746663 0.506994
vt 0.533976 0.147218
vt 0.519135 0.153009
vt 0.536618 0.120300
vt 0.500932 0.877224
vt 0.507815 0.890790
vt 0.497077 0.899334
vt 0.305820 0.766377
vt 0.299754 0.770993
vt 0.570197 0.642199
vt 0.566103 0.662508
vt 0.609085 0.255750
vt 0.617448 0.268812
vt 0.468519 0.328745
vt 0.457647 0.321437
vt 0.461758 0.312074
vt 0.321524 0.479371
vt 0.323182 0.495955
vt 0.313557 0.490054
vt 0.506961 0.788236
vt 0.499865 0.783109
vt 0.614375 0.347766
vt 0.613017 0.371903
vt 0.611478 0.362189
vt 0.519723 0.702462
vt 0.642351 0.028910
vt 0.668394 0.039823
vt 0.613374 0.035744
vt 0.277547 0.388823
vt 0.285201 0.395189
vt 0.277889 0.405758
vt 0.681584 0.587309
vt 0.683795 0.571910
vt 0.688370 0.587908
vt 0.683480 0.068144
vt 0.672484 0.060706
vt 0.238717 0.775344
vt 0.232702 0.766156
vt 0.244557 0.642843
vt 0.242259 0.659132
vt 0.468976 0.670495
vt 0.475774 0.672115
vt 0.587364 0.337332
vt 0.594321 0.329360
vt 0.590389 0.350704
vt 0.227895 0.530742
vt 0.233492 0.513606
vt 0.679652 0.275625
vt 0.686302 0.252424
vt 0.459490 0.464723
vt 0.457129 0.474539
vt 0.408689 0.408906
vt 0.488751 0.405437
vt 0.486769 0.381531
vt 0.496556 0.387766
vt 0.659993 0.392708
vt 0.655018 0.406605
vt 0.656465 0.374597
vt 0.695888 0.415526
vt 0.565469 0.770093
vt 0.704421 0.614469
vt 0.680872 0.647945
vt 0.685924 0.631871
vt 0.387017 0.709967
vt 0.381122 0.731815
vt 0.632319 0.651053
vt 0.634817 0.679715
vt 0.338602 0.460275
vt 0.418363 0.073992
vt 0.410030 0.087303
vt 0.750168 0.393172
vt 0.749364 0.375327
vt 0.756669 0.382799
vt 0.307636 0.286612
vt 0.304256 0.289677
vt 0.257134 0.430687
vt 0.262106 0.419034
vt 0.332797 0.563279
vt 0.410390 0.377490
vt 0.520295 0.787457
vt 0.511105 0.793961
vt 0.604348 0.381267
vt 0.597366 0.385511
vt 0.258484 0.805360
vt 0.723768 0.485197
vt 0.723752 0.503594
vt 0.718613 0.490431
vt 0.277621 0.793883
vt 0.290309 0.800048
vt 0.281255 0.810642
vt 0.555628 0.619605
vt 0.398899 0.358461
vt 0.392493 0.344544
vt 0.399462 0.333293
vt 0.452612 0.809265
vt 0.444846 0.800175
vt 0.462491 0.778460
vt 0.473842 0.652364
vt 0.439124 0.484154
vt 0.429270 0.474828
vt 0.436635 0.463170
vt 0.349284 0.316757
vt 0.605079 0.297749
vt 0.607567 0.315578
vt 0.603134 0.313382
vt 0.351906 0.344523
vt 0.350178 0.351460
vt 0.347783 0.331585
vt 0.553392 0.435144
vt 0.396435 0.758079
vt 0.404706 0.763695
vt 0.704657 0.443253
vt 0.703489 0.425466
vt 0.553268 0.704400
vt 0.561009 0.707088
vt 0.557143 0.713800
vt 0.494250 0.708766
vt 0.305181 0.869786
vt 0.287713 0.875648
vt 0.642032 0.098721
vt 0.651891 0.109929
vt 0.635798 0.126027
vt 0.220961 0.134297
vt 0.225142 0.107598
vt 0.233834 0.123455
vt 0.780379 0.180707
vt 0.369584 0.574097
vt 0.366296 0.607434
vt 0.700760 0.436870
vt 0.698137 0.422076
vt 0.642109 0.553126
vt 0.637798 0.557891
vt 0.638463 0.535834
vt 0.566318 0.812513
vt 0.574130 0.806326
vt 0.579725 0.837476
vt 0.492178 0.873809
vt 0.496302 0.589722
vt 0.497790 0.576015
vt 0.500434 0.590063
vt 0.343120 0.322368
vt 0.255929 0.791579
vt 0.243428 0.804146
vt 0.243767 0.788107
vt 0.687382 0.076011
vt 0.702444 0.068447
vt 0.295780 0.784916
vt 0.299264 0.805008
vt 0.358492 0.611490
vt 0.235320 0.735495
vt 0.615124 0.231810
vt 0.623884 0.225970
vt 0.259720 0.585763
vt 0.255237 0.578488
vt 0.579235 0.906851
vt 0.574197 0.896309
vt 0.728387 0.418004
vt 0.607554 0.240139
vt 0.601571 0.228898
vt 0.330396 0.781924
vt 0.334010 0.801121
vt 0.325251 0.801028
vt 0.428152 0.766986
vt 0.274904 0.316287
vt 0.369845 0.609542
vt 0.457026 0.427313
vt 0.461732 0.435438
vt 0.269981 0.682105
vt 0.268955 0.667033
vt 0.757914 0.159459
vt 0.755244 0.129812
vt 0.772022 0.129469
vt 0.395407 0.374764
vt 0.386754 0.393228
vt 0.384122 0.367559
vt 0.719500 0.348074
vt 0.715581 0.338564
vt 0.723184 0.328213
vt 0.313040 0.918787
vt 0.331286 0.935561
vt 0.301776 0.942891
vt 0.352392 0.712901
vt 0.349379 0.743664
vt 0.607574 0.054124
vt 0.375454 0.362428
vt 0.376887 0.340378
vt 0.494217 0.572129
vt 0.492121 0.580920
vt 0.281465 0.203148
vt 0.716553 0.317063
vt 0.436813 0.670811
vt 0.438152 0.633166
vt 0.449035 0.661065
vt 0.498395 0.629626
vt 0.263353 0.748040
vt 0.274031 0.726600
vt 0.354021 0.611188
vt 0.354102 0.582164
vt 0.567801 0.704574
vt 0.570962 0.733109
vt 0.563019 0.726542
vt 0.504840 0.911015
vt 0.470751 0.458055
vt 0.465261 0.451358
vt 0.473181 0.419045
vt 0.482120 0.405911
vt 0.480660 0.431753
vt 0.333670 0.645783
vt 0.343039 0.638679
vt 0.297639 0.668846
vt 0.302263 0.677010
vt 0.300316 0.693683
vt 0.258885 0.634970
vt 0.264608 0.652937
vt 0.262479 0.673758
vt 0.272846 0.808911
vt 0.663635 0.451541
vt 0.659905 0.476776
vt 0.656439 0.452553
vt 0.747363 0.555473
vt 0.746157 0.597554
vt 0.743132 0.565125
vt 0.360514 0.048342
vt 0.252344 0.572264
vt 0.568250 0.494618
vt 0.563062 0.505903
vt 0.729795 0.096456
vt 0.221665 0.313594
vt 0.223984 0.270344
vt 0.456949 0.497108
vt 0.462472 0.517508
vt 0.457498 0.516671
vt 0.277455 0.602836
vt 0.282919 0.622806
vt 0.272379 0.610045
vt 0.286277 0.602218
vt 0.291427 0.607050
vt 0.631621 0.631417
vt 0.625485 0.635147
vt 0.458789 0.336017
vt 0.451516 0.332410
vt 0.386228 0.751014
vt 0.373086 0.752032
vt 0.266345 0.785423
vt 0.263002 0.777210
vt 0.346594 0.294869
vt 0.779956 0.533512
vt 0.779773 0.547282
vt 0.272373 0.578209
vt 0.269741 0.598713
vt 0.590579 0.319465
vt 0.287524 0.419610
vt 0.281316 0.427554
vt 0.291975 0.477148
vt 0.287126 0.501945
vt 0.279227 0.472702
vt 0.460731 0.528409
vt 0.466139 0.534785
vt 0.459678 0.547293
vt 0.474121 0.237473
vt 0.745312 0.519120
vt 0.542362 0.695926
vt 0.540785 0.690429
vt 0.733089 0.249583
vt 0.729857 0.252044
vt 0.730500 0.228682
vt 0.717901 0.418472
vt 0.713291 0.419759
vt 0.718407 0.401538
vt 0.219903 0.559962
vt 0.423519 0.727769
vt 0.427294 0.739431
vt 0.420043 0.757911
vt 0.550938 0.518541
vt 0.601537 0.118927
vt 0.621118 0.146228
vt 0.607266 0.142227
vt 0.431790 0.780921
vt 0.545051 0.573893
vt 0.532879 0.749728
vt 0.529955 0.754816
vt 0.529115 0.739711
vt 0.457207 0.656152
vt 0.460467 0.626830
vt 0.463147 0.660152
vt 0.511612 0.648883
vt 0.305728 0.448904
vt 0.310406 0.432410
vt 0.311467 0.463509
vt 0.355649 0.190483
vt 0.361249 0.211603
vt 0.349742 0.198220
vt 0.713033 0.245690
vt 0.552060 0.729361
vt 0.238100 0.407806
vt 0.231407 0.408947
vt 0.238564 0.396261
vt 0.747858 0.727280
vt 0.744690 0.742724
vt 0.740861 0.728424
vt 0.484627 0.669938
vt 0.336917 0.431297
vt 0.695165 0.664082
vt 0.248320 0.776406
vt 0.500864 0.740656
vt 0.497584 0.724498
vt 0.507607 0.725910
vt 0.526337 0.111985
vt 0.490250 0.539128
vt 0.450216 0.755534
vt 0.457808 0.749135
vt 0.452560 0.779853
vt 0.495105 0.104446
vt 0.523935 0.075342
vt 0.510232 0.126173
vt 0.334830 0.458527
vt 0.295021 0.178693
vt 0.306104 0.190691
vt 0.309472 0.207082
vt 0.301273 0.220490
vt 0.390983 0.533878
vt 0.389612 0.847341
vt 0.397420 0.822058
vt 0.750789 0.942711
vt 0.752851 0.958777
vt 0.305968 0.708464
vt 0.303949 0.690041
vt 0.308752 0.694151
vt 0.603085 0.326416
vt 0.600217 0.354710
vt 0.595787 0.348320
vt 0.311462 0.683099
vt 0.306128 0.665372
vt 0.310675 0.668759
vt 0.693022 0.544963
vt 0.688402 0.541755
vt 0.692812 0.527658
vt 0.762429 0.297291
vt 0.757625 0.245150
vt 0.312716 0.651747
vt 0.773831 0.596286
vt 0.779041 0.616146
vt 0.737213 0.249555
vt 0.735520 0.260707
vt 0.341936 0.221283
vt 0.341291 0.201904
vt 0.346858 0.214194
vt 0.273946 0.373996
vt 0.270107 0.394086
vt 0.290406 0.274705
vt 0.291324 0.287984
vt 0.327856 0.461604
vt 0.227038 0.745789
vt 0.662254 0.514260
vt 0.701216 0.231831
vt 0.696549 0.247998
vt 0.643434 0.526189
vt 0.638208 0.514990
vt 0.645764 0.510060
vt 0.586659 0.597968
vt 0.580544 0.584573
vt 0.583154 0.544009
vt 0.466475 0.822065
vt 0.468325 0.837518
vt 0.448927 0.832878
vt 0.442002 0.906337
vt 0.424719 0.889733
vt 0.466484 0.900032
vt 0.573678 0.616320
vt 0.536722 0.713093
vt 0.529373 0.703387
vt 0.604783 0.786896
vt 0.603137 0.819682
vt 0.590527 0.801048
vt 0.518612 0.651527
vt 0.527838 0.634218
vt 0.528419 0.653864
vt 0.368361 0.464525
vt 0.370675 0.452870
vt 0.760293 0.529490
vt 0.765278 0.522209
vt 0.481128 0.638210
vt 0.483387 0.613955
vt 0.364942 0.296143
vt 0.359064 0.275502
vt 0.364756 0.276409
vt 0.283328 0.229709
vt 0.366218 0.881030
vt 0.347145 0.888298
vt 0.728982 0.447113
vt 0.729007 0.282007
vt 0.727198 0.269346
vt 0.404864 0.183357
vt 0.656236 0.563201
vt 0.652307 0.568637
vt 0.503232 0.758782
vt 0.507258 0.741604
vt 0.658222 0.230225
vt 0.279442 0.646018
vt 0.240961 0.691849
vt 0.246330 0.678164
vt 0.497510 0.615893
vt 0.709114 0.717703
vt 0.263450 0.606704
vt 0.263603 0.621538
vt 0.259918 0.621301
vt 0.673640 0.411060
vt 0.678512 0.402626
vt 0.668088 0.454292
vt 0.670552 0.442999
vt 0.243873 0.838808
vt 0.233833 0.830594
vt 0.242506 0.721072
vt 0.740706 0.509117
vt 0.742041 0.529023
vt 0.685698 0.455992
vt 0.682584 0.473472
vt 0.361227 0.534489
vt 0.357001 0.528885
vt 0.681926 0.346675
vt 0.341458 0.278138
vt 0.453722 0.483804
vt 0.269461 0.372966
vt 0.260456 0.374911
vt 0.256593 0.346906
vt 0.699787 0.490767
vt 0.761879 0.775186
vt 0.382845 0.602661
vt 0.380493 0.623795
vt 0.376713 0.599520
vt 0.231975 0.576402
vt 0.239998 0.562174
vt 0.241139 0.578063
vt 0.546079 0.520626
vt 0.453574 0.043992
vt 0.519963 0.730289
vt 0.672046 0.392258
vt 0.273045 0.626034
vt 0.669524 0.481355
vt 0.667538 0.469744
vt 0.672868 0.463356
vt 0.664490 0.483676
vt 0.663518 0.464664
vt 0.352457 0.429223
vt 0.349405 0.427546
vt 0.640901 0.568648
vt 0.675756 0.476203
vt 0.670230 0.490900
vt 0.534109 0.705721
vt 0.375357 0.169282
vt 0.552707 0.641063
vt 0.557991 0.647232
vt 0.485753 0.268284
vt 0.497473 0.285127
vt 0.448769 0.367496
vt 0.458485 0.377233
vt 0.523183 0.530239
vt 0.507273 0.529283
vt 0.436694 0.821045
vt 0.409477 0.553159
vt 0.403066 0.580266
vt 0.564345 0.786706
vt 0.575089 0.791183
vt 0.617670 0.534553
vt 0.606747 0.347537
vt 0.286910 0.216503
vt 0.770845 0.773047
vt 0.347028 0.422366
vt 0.342712 0.422722
vt 0.346134 0.409674
vt 0.646938 0.072630
vt 0.627646 0.085617
vt 0.573424 0.390595
vt 0.696209 0.362513
vt 0.693348 0.350440
vt 0.699510 0.359918
vt 0.775436 0.761205
vt 0.441346 0.411640
vt 0.531341 0.494687
vt 0.535040 0.452936
vt 0.313874 0.258754
vt 0.306492 0.239695
vt 0.517126 0.186796
vt 0.239922 0.543764
vt 0.233187 0.549823
vt 0.267922 0.871004
vt 0.268758 0.901616
vt 0.251274 0.875158
vt 0.637783 0.394563
vt 0.642301 0.407599
vt 0.633700 0.408777
vt 0.701516 0.183057
vt 0.690064 0.168242
vt 0.419842 0.424362
vt 0.417472 0.435001
vt 0.417148 0.423532
vt 0.701666 0.651833
vt 0.700365 0.625690
vt 0.705718 0.627607
vt 0.464225 0.736157
vt 0.276744 0.930264
vt 0.281099 0.916928
vt 0.609187 0.194960
vt 0.601021 0.206080
vt 0.630731 0.274170
vt 0.624734 0.279199
vt 0.284739 0.730394
vt 0.667926 0.612715
vt 0.663419 0.603562
vt 0.670927 0.586385
vt 0.702343 0.049913
vt 0.548290 0.742719
vt 0.356350 0.221241
vt 0.353022 0.234837
vt 0.348752 0.224327
vt 0.660563 0.439112
vt 0.662178 0.420548
vt 0.666672 0.435135
vt 0.294473 0.375661
vt 0.281707 0.374083
vt 0.568944 0.153380
vt 0.571421 0.142464
vt 0.581422 0.150551
vt 0.501585 0.146840
vt 0.731357 0.136469
vt 0.735234 0.118262
vt 0.744466 0.140727
vt 0.610325 0.547161
vt 0.614784 0.521775
vt 0.508675 0.554953
vt 0.516951 0.550774
vt 0.706360 0.480131
vt 0.701452 0.473210
vt 0.705811 0.465988
vt 0.452491 0.511490
vt 0.452623 0.537139
vt 0.449174 0.518111
vt 0.306562 0.030145
vt 0.639128 0.217964
vt 0.632236 0.196777
vt 0.449300 0.434182
vt 0.766363 0.259423
vt 0.769592 0.236018
vt 0.571559 0.585964
vt 0.336375 0.734890
vt 0.646628 0.567220
vt 0.650771 0.553525
vt 0.371508 0.339444
vt 0.753435 0.568894
vt 0.378150 0.658120
vt 0.269805 0.573108
vt 0.272184 0.553790
vt 0.711236 0.389534
vt 0.712453 0.368967
vt 0.694286 0.755696
vt 0.686467 0.765157
vt 0.689559 0.738868
vt 0.646637 0.611785
vt 0.651133 0.600218
vt 0.651654 0.632592
vt 0.259969 0.568889
vt 0.681026 0.085129
vt 0.674626 0.102711
vt 0.664369 0.098567
vt 0.373214 0.670822
vt 0.340704 0.679027
vt 0.646325 0.546468
vt 0.628755 0.409164
vt 0.449041 0.585521
vt 0.456867 0.567611
vt 0.453656 0.623440
vt 0.545981 0.624870
vt 0.547926 0.648521
vt 0.541386 0.644806
vt 0.740161 0.280638
vt 0.296431 0.464082
vt 0.619298 0.322741
vt 0.619088 0.348519
vt 0.614752 0.325759
vt 0.550271 0.927697
vt 0.535525 0.940425
vt 0.519589 0.922493
vt 0.358867 0.430692
vt 0.353393 0.421680
vt 0.356750 0.415969
vt 0.686864 0.272625
vt 0.439405 0.431357
vt 0.605188 0.543148
vt 0.601253 0.580555
vt 0.556774 0.531403
vt 0.556944 0.553640
vt 0.553071 0.540923
vt 0.288733 0.767116
vt 0.399501 0.314756
vt 0.467263 0.499592
vt 0.456386 0.687116
vt 0.464445 0.679878
vt 0.653818 0.092074
vt 0.442344 0.458291
vt 0.592523 0.582083
vt 0.590461 0.538020
vt 0.595575 0.546281
vt 0.703224 0.156467
vt 0.688263 0.145438
vt 0.693550 0.133140
vt 0.219863 0.783445
vt 0.234239 0.367048
vt 0.232524 0.350127
vt 0.391801 0.622669
vt 0.414477 0.583456
vt 0.451028 0.502069
vt 0.350326 0.551594
vt 0.664734 0.119746
vt 0.367345 0.249783
vt 0.756171 0.410089
vt 0.466571 0.347383
vt 0.684994 0.361817
vt 0.686411 0.345788
vt 0.690870 0.356793
vt 0.564439 0.366027
vt 0.568527 0.343441
vt 0.574806 0.363592
vt 0.532186 0.767546
vt 0.678214 0.827928
vt 0.701010 0.817066
vt 0.697162 0.839520
vt 0.219736 0.808839
vt 0.267395 0.405294
vt 0.271773 0.417486
vt 0.761629 0.030197
vt 0.778597 0.038630
vt 0.417223 0.364211
vt 0.540184 0.956788
vt 0.603655 0.880694
vt 0.671151 0.734961
vt 0.658543 0.702511
vt 0.667436 0.696429
vt 0.745664 0.094835
vt 0.758592 0.078492
vt 0.698614 0.347158
vt 0.706249 0.319780
vt 0.335158 0.419414
vt 0.324795 0.418957
vt 0.670644 0.535894
vt 0.406574 0.444333
vt 0.410531 0.438480
vt 0.283988 0.786178
vt 0.697511 0.642259
vt 0.444802 0.524347
vt 0.447265 0.547163
vt 0.540396 0.419761
vt 0.546980 0.450394
vt 0.662269 0.783534
vt 0.663873 0.806523
vt 0.644729 0.805864
vt 0.311842 0.806343
vt 0.320821 0.808672
vt 0.313032 0.823851
vt 0.622375 0.612972
vt 0.618557 0.593708
vt 0.707495 0.658730
vt 0.701746 0.253388
vt 0.307493 0.057322
vt 0.697375 0.620113
vt 0.537007 0.273483
vt 0.527210 0.268406
vt 0.736178 0.291746
vt 0.771497 0.537490
vt 0.545566 0.084218
vt 0.565828 0.059750
vt 0.252878 0.290148
vt 0.258835 0.285912
vt 0.600028 0.655676
vt 0.599257 0.681637
vt 0.593427 0.660365
vt 0.256307 0.626493
vt 0.250623 0.625099
vt 0.715786 0.361292
vt 0.716394 0.382223
vt 0.676517 0.378442
vt 0.523891 0.719046
vt 0.311946 0.622287
vt 0.234889 0.794158
vt 0.321083 0.457309
vt 0.357733 0.296485
vt 0.306811 0.835721
vt 0.270575 0.329897
vt 0.264174 0.313785
vt 0.241560 0.599105
vt 0.236302 0.585855
vt 0.435558 0.793000
vt 0.383218 0.525124
vt 0.384245 0.500555
vt 0.393234 0.511622
vt 0.706418 0.219341
vt 0.692274 0.251937
vt 0.684643 0.236497
vt 0.558250 0.404424
vt 0.563994 0.404394
vt 0.671507 0.423152
vt 0.677076 0.426166
vt 0.675498 0.447537
vt 0.287913 0.243789
vt 0.396179 0.712574
vt 0.397631 0.721480
vt 0.393094 0.710959
vt 0.536811 0.851514
vt 0.535761 0.833027
vt 0.470982 0.258642
vt 0.475001 0.279453
vt 0.722345 0.397840
vt 0.427943 0.134127
vt 0.405166 0.641772
vt 0.406600 0.618140
vt 0.686716 0.513591
vt 0.684730 0.525840
vt 0.681694 0.501684
vt 0.535672 0.541172
vt 0.535933 0.579505
vt 0.527374 0.559971
vt 0.721530 0.378262
vt 0.728905 0.387427
vt 0.328246 0.585778
vt 0.336234 0.612139
vt 0.565790 0.323427
vt 0.577522 0.432474
vt 0.528216 0.716638
vt 0.451965 0.566121
vt 0.311957 0.793824
vt 0.318699 0.744097
vt 0.308762 0.726485
vt 0.318922 0.721184
vt 0.336338 0.863684
vt 0.364202 0.321899
vt 0.361299 0.311763
vt 0.497869 0.365231
vt 0.499502 0.341159
vt 0.504867 0.367360
vt 0.644620 0.428029
vt 0.722224 0.465867
vt 0.716018 0.454764
vt 0.721771 0.446311
vt 0.715518 0.469224
vt 0.634568 0.256182
vt 0.640827 0.251665
vt 0.637005 0.273928
vt 0.263844 0.815609
vt 0.347586 0.234892
vt 0.765480 0.814231
vt 0.768750 0.826973
vt 0.220451 0.509242
vt 0.219598 0.490282
vt 0.572808 0.630046
vt 0.658550 0.499748
vt 0.653347 0.507710
vt 0.654956 0.483678
vt 0.445887 0.633846
vt 0.231173 0.780177
vt 0.667492 0.084673
vt 0.359307 0.387293
vt 0.704462 0.266810
vt 0.697981 0.265307
vt 0.696101 0.708893
vt 0.668134 0.265618
vt 0.526140 0.774685
vt 0.469731 0.124561
vt 0.483753 0.135158
vt 0.376883 0.323578
vt 0.607589 0.378528
vt 0.539847 0.391646
vt 0.528462 0.375955
vt 0.541736 0.352509
vt 0.359046 0.033584
vt 0.753558 0.059712
vt 0.355339 0.471028
vt 0.253624 0.839007
vt 0.717320 0.435548
vt 0.723031 0.420201
vt 0.302449 0.615647
vt 0.297160 0.607409
vt 0.718187 0.510805
vt 0.340937 0.493349
vt 0.339064 0.477104
vt 0.498254 0.125858
vt 0.478445 0.899078
vt 0.475770 0.866640
vt 0.484422 0.887017
vt 0.589042 0.434574
vt 0.587891 0.501149
vt 0.593372 0.459526
vt 0.560938 0.526416
vt 0.557727 0.512123
vt 0.534508 0.777822
vt 0.233265 0.424034
vt 0.602298 0.425106
vt 0.594148 0.435919
vt 0.364573 0.337128
vt 0.361205 0.332424
vt 0.445608 0.339684
vt 0.443577 0.354480
vt 0.441826 0.323102
vt 0.736118 0.225677
vt 0.712738 0.790642
vt 0.729510 0.784711
vt 0.388223 0.826166
vt 0.375911 0.840491
vt 0.378366 0.818694
vt 0.507265 0.835081
vt 0.513941 0.849619
vt 0.498415 0.845101
vt 0.416285 0.471190
vt 0.393707 0.318982
vt 0.700022 0.385550
vt 0.699948 0.368794
vt 0.348544 0.623327
vt 0.547719 0.151692
vt 0.543275 0.174850
vt 0.494695 0.772498
vt 0.562967 0.560892
vt 0.571083 0.569840
vt 0.319454 0.288531
vt 0.769553 0.853658
vt 0.771808 0.869683
vt 0.748087 0.877831
vt 0.709928 0.516589
vt 0.711545 0.487517
vt 0.714274 0.506209
vt 0.611142 0.744204
vt 0.609013 0.766822
vt 0.597723 0.758108
vt 0.583227 0.621395
vt 0.687526 0.096908
vt 0.696221 0.108024
vt 0.493399 0.239860
vt 0.492775 0.220618
vt 0.269779 0.537287
vt 0.276115 0.530808
vt 0.518240 0.489832
vt 0.517531 0.465092
vt 0.524032 0.476305
vt 0.651946 0.316201
vt 0.730380 0.314825
vt 0.352655 0.210887
vt 0.332398 0.061181
vt 0.697867 0.887297
vt 0.727257 0.876119
vt 0.551365 0.589575
vt 0.548226 0.603065
vt 0.676093 0.288051
vt 0.669155 0.294928
vt 0.364668 0.520055
vt 0.563571 0.435751
vt 0.302238 0.088285
vt 0.299982 0.105598
vt 0.281032 0.116711
vt 0.254902 0.773012
vt 0.420200 0.412505
vt 0.738163 0.762947
vt 0.740144 0.791654
vt 0.349795 0.417694
vt 0.270027 0.583208
vt 0.267174 0.574501
vt 0.343031 0.466033
vt 0.278951 0.588278
vt 0.284348 0.553486
vt 0.288784 0.584568
vt 0.399525 0.685722
vt 0.400085 0.702845
vt 0.396134 0.697659
vt 0.505530 0.384408
vt 0.513770 0.359744
vt 0.512647 0.388161
vt 0.774412 0.086885
vt 0.327054 0.744069
vt 0.503551 0.663104
vt 0.364913 0.350715
vt 0.624080 0.433555
vt 0.624897 0.408641
vt 0.274313 0.860538
vt 0.781377 0.557435
vt 0.780304 0.590771
vt 0.776227 0.578797
vt 0.345818 0.530732
vt 0.707674 0.458137
vt 0.699284 0.442455
vt 0.423844 0.671162
vt 0.430917 0.703185
vt 0.734548 0.021511
vt 0.693672 0.380953
vt 0.657574 0.727807
vt 0.654605 0.763983
vt 0.640051 0.754382
vt 0.253556 0.401023
vt 0.249828 0.410776
vt 0.251306 0.391197
vt 0.314636 0.396635
vt 0.313420 0.422286
vt 0.441484 0.791034
vt 0.781278 0.536097
vt 0.369049 0.479676
vt 0.365788 0.490405
vt 0.363448 0.502185
vt 0.294129 0.737416
vt 0.288078 0.755817
vt 0.659702 0.675166
vt 0.668336 0.678283
vt 0.667614 0.758043
vt 0.663746 0.748009
vt 0.673955 0.604736
vt 0.502104 0.650899
vt 0.501586 0.631659
vt 0.643613 0.360003
vt 0.647124 0.342555
vt 0.228888 0.426464
vt 0.220255 0.416591
vt 0.299185 0.592820
vt 0.304616 0.587543
vt 0.389275 0.919243
vt 0.351317 0.926719
vt 0.365743 0.911991
vt 0.641369 0.613993
vt 0.642545 0.638789
vt 0.651653 0.525080
vt 0.226945 0.455297
vt 0.782267 0.875305
vt 0.595010 0.095730
vt 0.579436 0.109983
vt 0.243890 0.396449
vt 0.247325 0.384631
vt 0.498222 0.030430
vt 0.522176 0.013083
vt 0.266580 0.355266
vt 0.372936 0.496486
vt 0.537230 0.874547
vt 0.224875 0.061022
vt 0.274877 0.814616
vt 0.638576 0.490357
vt 0.645706 0.495596
vt 0.408137 0.602068
vt 0.411259 0.612404
vt 0.513153 0.877766
vt 0.515280 0.630039
vt 0.522267 0.635214
vt 0.751910 0.191763
vt 0.534921 0.601486
vt 0.543288 0.594939
vt 0.448940 0.324300
vt 0.452343 0.299860
vt 0.401398 0.714969
vt 0.632954 0.607481
vt 0.608858 0.852021
vt 0.493614 0.642031
vt 0.233503 0.704045
vt 0.566018 0.876920
vt 0.561586 0.839590
vt 0.564649 0.637632
vt 0.269395 0.796601
vt 0.370666 0.373571
vt 0.277400 0.775669
vt 0.698240 0.577354
vt 0.705336 0.545803
vt 0.704074 0.582993
vt 0.248553 0.970226
vt 0.223408 0.957651
vt 0.249348 0.947616
vt 0.232923 0.846039
vt 0.327058 0.480619
vt 0.382946 0.871745
vt 0.369426 0.864350
vt 0.378415 0.851079
vt 0.241068 0.324329
vt 0.237783 0.344779
vt 0.472140 0.213413
vt 0.417986 0.144252
vt 0.432827 0.155317
vt 0.419253 0.807451
vt 0.688172 0.373857
vt 0.686297 0.396264
vt 0.306862 0.166795
vt 0.463099 0.359352
vt 0.455828 0.350830
vt 0.689291 0.795694
vt 0.464641 0.509464
vt 0.225458 0.790279
vt 0.641615 0.783351
vt 0.629743 0.789334
vt 0.619208 0.798559
vt 0.331077 0.095355
vt 0.585293 0.760159
vt 0.586609 0.778252
vt 0.358629 0.366590
vt 0.475155 0.585082
vt 0.477310 0.602599
vt 0.473235 0.614412
vt 0.438696 0.268921
vt 0.441521 0.288997
vt 0.434941 0.297239
vt 0.408012 0.794166
vt 0.414658 0.771655
vt 0.499358 0.804069
vt 0.781931 0.885285
vt 0.780143 0.900194
vt 0.517733 0.683622
vt 0.375717 0.391306
vt 0.621300 0.473799
vt 0.613549 0.452853
vt 0.255451 0.412006
vt 0.466309 0.638351
vt 0.447302 0.494452
vt 0.251334 0.326000
vt 0.692442 0.478034
vt 0.557883 0.209899
vt 0.558555 0.186206
vt 0.569081 0.237360
vt 0.688786 0.085368
vt 0.699041 0.085109
vt 0.677237 0.304322
vt 0.670272 0.317230
vt 0.240819 0.615303
vt 0.231043 0.626280
vt 0.233325 0.599929
vt 0.751971 0.225826
vt 0.742261 0.234288
vt 0.357752 0.784229
vt 0.346781 0.782268
vt 0.355617 0.766398
vt 0.676408 0.323016
vt 0.666938 0.398197
vt 0.348237 0.492228
vt 0.348191 0.510117
vt 0.737049 0.576895
vt 0.737380 0.598962
vt 0.734409 0.599903
vt 0.430213 0.520615
vt 0.434925 0.497829
vt 0.436661 0.519639
vt 0.775491 0.263048
vt 0.487236 0.574264
vt 0.484418 0.589708
vt 0.243989 0.629510
vt 0.237523 0.636563
vt 0.524440 0.358665
vt 0.532385 0.338763
vt 0.401907 0.242917
vt 0.388259 0.206130
vt 0.404619 0.210668
vt 0.524969 0.510413
vt 0.531972 0.524121
vt 0.245471 0.614603
vt 0.601744 0.281558
vt 0.596449 0.283287
vt 0.263499 0.558127
vt 0.263178 0.528404
vt 0.267813 0.556257
vt 0.680768 0.913759
vt 0.682382 0.942679
vt 0.428715 0.313274
vt 0.427168 0.297559
vt 0.696994 0.475768
vt 0.599067 0.311109
vt 0.596741 0.317740
vt 0.593967 0.298202
vt 0.293884 0.338702
vt 0.659413 0.265769
vt 0.660906 0.288317
vt 0.530725 0.616080
vt 0.533005 0.637531
vt 0.672241 0.638944
vt 0.668042 0.643586
vt 0.312791 0.851786
vt 0.511889 0.452050
vt 0.638665 0.234167
vt 0.276000 0.576374
vt 0.412517 0.354777
vt 0.523360 0.614073
vt 0.390974 0.836450
vt 0.736126 0.614618
vt 0.275039 0.840805
vt 0.262581 0.831270
vt 0.474584 0.393301
vt 0.662820 0.310009
vt 0.659940 0.332557
vt 0.301974 0.301745
vt 0.298812 0.314833
vt 0.297125 0.304641
vt 0.700920 0.319456
vt 0.703151 0.292745
vt 0.726087 0.428868
vt 0.551950 0.571070
vt 0.550377 0.623121
vt 0.386102 0.281161
vt 0.649480 0.492052
vt 0.651606 0.468193
vt 0.336483 0.213345
vt 0.730920 0.626862
vt 0.745724 0.769722
vt 0.243642 0.530514
vt 0.395479 0.679364
vt 0.468972 0.800951
vt 0.496344 0.424390
vt 0.503307 0.404253
vt 0.508332 0.434674
vt 0.235402 0.145843
vt 0.255776 0.144450
vt 0.221055 0.858950
vt 0.221970 0.838817
vt 0.607055 0.327084
vt 0.486156 0.623968
vt 0.438635 0.697670
vt 0.337673 0.330010
vt 0.345769 0.343922
vt 0.393159 0.395185
vt 0.388760 0.425549
vt 0.522938 0.803486
vt 0.517016 0.805594
vt 0.748865 0.259790
vt 0.554942 0.334486
vt 0.560296 0.312499
vt 0.682350 0.868678
vt 0.664109 0.886263
vt 0.415221 0.337146
vt 0.689025 0.500858
vt 0.681600 0.615102
vt 0.679151 0.601552
vt 0.684093 0.603064
vt 0.229188 0.215989
vt 0.229562 0.197871
vt 0.581815 0.173162
vt 0.594277 0.152743
vt 0.602449 0.180798
vt 0.232869 0.176442
vt 0.237756 0.187561
vt 0.720374 0.153880
vt 0.581067 0.319975
vt 0.480610 0.922027
vt 0.222206 0.937344
vt 0.243031 0.907102
vt 0.238076 0.524374
vt 0.407921 0.705505
vt 0.780718 0.518020
vt 0.483762 0.833205
vt 0.480953 0.795220
vt 0.371286 0.718712
vt 0.609774 0.277172
vt 0.300251 0.709871
vt 0.425481 0.362867
vt 0.219274 0.850615
vt 0.713022 0.759993
vt 0.551573 0.219274
vt 0.606251 0.073466
vt 0.334984 0.347842
vt 0.327727 0.371393
vt 0.327916 0.327503
vt 0.360500 0.352511
vt 0.335872 0.824650
vt 0.319576 0.836944
vt 0.265164 0.118816
vt 0.285693 0.159858
vt 0.372343 0.221199
vt 0.367241 0.223608
vt 0.366634 0.212614
vt 0.447246 0.112083
vt 0.459880 0.083560
vt 0.675468 0.620875
vt 0.684625 0.436406
vt 0.705704 0.121062
vt 0.700448 0.128215
vt 0.777649 0.410612
vt 0.769587 0.413937
vt 0.773509 0.393659
vt 0.657252 0.590005
vt 0.654556 0.581238
vt 0.659904 0.576633
vt 0.750248 0.806049
vt 0.696240 0.336878
vt 0.692896 0.325669
vt 0.576813 0.740936
vt 0.583358 0.742400
vt 0.575750 0.769432
vt 0.759367 0.110256
vt 0.762212 0.093996
vt 0.352661 0.529368
vt 0.670141 0.341460
vt 0.220769 0.946980
vt 0.367737 0.822355
vt 0.362896 0.831587
vt 0.258014 0.385840
vt 0.334710 0.104984
vt 0.325126 0.118568
vt 0.743679 0.361541
vt 0.746661 0.329124
vt 0.572095 0.119954
vt 0.512480 0.572216
vt 0.506334 0.577988
vt 0.657262 0.654517
vt 0.658572 0.615007
vt 0.677978 0.492705
vt 0.685386 0.496938
vt 0.276243 0.429801
vt 0.299337 0.131913
vt 0.397288 0.659181
vt 0.760026 0.708437
vt 0.720093 0.368863
vt 0.255232 0.478482
vt 0.252654 0.435537
vt 0.248696 0.428814
vt 0.758857 0.607273
vt 0.464197 0.480160
vt 0.462223 0.493971
vt 0.591228 0.368371
vt 0.465669 0.409044
vt 0.772191 0.728185
vt 0.779159 0.742214
vt 0.276964 0.080259
vt 0.288453 0.964693
vt 0.661338 0.371366
vt 0.291461 0.532448
vt 0.280192 0.539251
vt 0.522730 0.438201
vt 0.571256 0.419431
vt 0.576127 0.446974
vt 0.569074 0.434919
vt 0.618435 0.419860
vt 0.359594 0.649156
vt 0.718329 0.743618
vt 0.694412 0.689883
vt 0.688342 0.686099
vt 0.569495 0.671422
vt 0.567074 0.688618
vt 0.753550 0.782295
vt 0.345079 0.500635
vt 0.356639 0.359172
vt 0.765934 0.658917
vt 0.769203 0.681470
vt 0.781458 0.696307
vt 0.781724 0.680817
vt 0.244846 0.419128
vt 0.693315 0.034765
vt 0.660219 0.015164
vt 0.654639 0.352502
vt 0.700210 0.464077
vt 0.298260 0.252295
vt 0.219770 0.792821
vt 0.357747 0.687244
vt 0.369034 0.700795
vt 0.235034 0.666592
vt 0.399940 0.411516
vt 0.498748 0.299304
vt 0.713692 0.135776
vt 0.712759 0.121458
vt 0.719177 0.065594
vt 0.389545 0.246685
vt 0.373166 0.242121
vt 0.379710 0.230367
vt 0.679359 0.435527
vt 0.681453 0.427347
vt 0.373456 0.589067
vt 0.417710 0.403869
vt 0.418656 0.392505
vt 0.425798 0.401456
vt 0.520315 0.857852
vt 0.230544 0.536267
vt 0.401474 0.074127
vt 0.371712 0.318032
vt 0.726866 0.469018
vt 0.331635 0.626529
vt 0.326542 0.612859
vt 0.482334 0.276270
vt 0.559193 0.630503
vt 0.221928 0.471195
vt 0.220041 0.453239
vt 0.709526 0.085788
vt 0.257888 0.255873
vt 0.371799 0.205300
vt 0.362685 0.197901
vt 0.311589 0.348835
vt 0.308574 0.367900
vt 0.306035 0.330046
vt 0.356380 0.983793
vt 0.445233 0.478793
vt 0.563107 0.543598
vt 0.387701 0.641146
vt 0.473193 0.551418
vt 0.383788 0.469137
vt 0.393838 0.451688
vt 0.393838 0.473464
vt 0.342286 0.512630
vt 0.466072 0.881366
vt 0.451887 0.869302
vt 0.463355 0.854262
vt 0.743862 0.638795
vt 0.736133 0.628618
vt 0.740828 0.608922
vt 0.597767 0.628598
vt 0.376726 0.643663
vt 0.730852 0.722511
vt 0.720149 0.719353
vt 0.680323 0.452281
vt 0.663891 0.587855
vt 0.267836 0.717249
vt 0.269915 0.700231
vt 0.421425 0.459812
vt 0.423387 0.438275
vt 0.738349 0.371643
vt 0.736523 0.358267
vt 0.731954 0.587722
vt 0.429505 0.384209
vt 0.423225 0.385545
vt 0.286444 0.301039
vt 0.304027 0.413381
vt 0.489647 0.072815
vt 0.539128 0.291171
vt 0.296415 0.512950
vt 0.618232 0.306354
vt 0.613010 0.294303
vt 0.387072 0.780924
vt 0.526741 0.409158
vt 0.256534 0.562607
vt 0.256424 0.531577
vt 0.261521 0.558252
vt 0.721138 0.592727
vt 0.723176 0.616533
vt 0.612551 0.385544
vt 0.570056 0.451711
vt 0.370704 0.296482
vt 0.375015 0.275759
vt 0.739782 0.552284
vt 0.486239 0.609799
vt 0.718347 0.477888
vt 0.586328 0.442233
vt 0.495792 0.755766
vt 0.244122 0.821109
vt 0.439788 0.193427
vt 0.427114 0.207428
vt 0.713857 0.844847
vt 0.391176 0.729596
vt 0.397915 0.734336
vt 0.758214 0.696418
vt 0.748989 0.691503
vt 0.376159 0.419067
vt 0.709961 0.331796
vt 0.385672 0.579299
vt 0.489161 0.443524
vt 0.395315 0.427551
vt 0.738293 0.304372
vt 0.733285 0.299377
vt 0.226199 0.598925
vt 0.655398 0.141921
vt 0.670503 0.154482
vt 0.642532 0.159567
vt 0.574594 0.933331
vt 0.264508 0.278812
vt 0.294403 0.224459
vt 0.224266 0.875903
vt 0.241822 0.886564
vt 0.230376 0.897216
vt 0.489150 0.602783
vt 0.491795 0.589895
vt 0.698649 0.557267
vt 0.449942 0.347871
vt 0.506939 0.332126
vt 0.511697 0.346848
vt 0.506607 0.350869
vt 0.505977 0.817013
vt 0.475553 0.635416
vt 0.609220 0.939743
vt 0.651835 0.916024
vt 0.408860 0.280478
vt 0.548752 0.304133
vt 0.546246 0.269564
vt 0.553907 0.285747
vt 0.443647 0.721017
vt 0.446634 0.691998
vt 0.689064 0.709037
vt 0.410655 0.484208
vt 0.730348 0.568650
vt 0.432384 0.712355
vt 0.364361 0.145381
vt 0.352623 0.164816
vt 0.338181 0.129081
vt 0.333172 0.167229
vt 0.323036 0.146491
vt 0.271725 0.144646
vt 0.267011 0.163989
vt 0.421134 0.866654
vt 0.401162 0.887848
vt 0.546323 0.691057
vt 0.543504 0.684698
vt 0.781361 0.858718
vt 0.558602 0.269116
vt 0.565750 0.289189
vt 0.700561 0.769837
vt 0.723285 0.278272
vt 0.411548 0.517359
vt 0.376084 0.547139
vt 0.710579 0.229285
vt 0.697920 0.290953
vt 0.329366 0.811964
vt 0.321105 0.209121
vt 0.327224 0.645843
vt 0.432557 0.444405
vt 0.690228 0.559815
vt 0.347951 0.606000
vt 0.377143 0.094377
vt 0.381390 0.073855
vt 0.519131 0.277105
vt 0.522277 0.237069
vt 0.621819 0.764593
vt 0.579621 0.251623
vt 0.587002 0.250392
vt 0.317345 0.435082
vt 0.548130 0.863361
vt 0.517609 0.207210
vt 0.532932 0.233814
vt 0.693058 0.282931
vt 0.255115 0.924573
vt 0.728379 0.300699
vt 0.415389 0.552857
vt 0.492964 0.954198
vt 0.398468 0.492963
vt 0.273417 0.889893
vt 0.292986 0.423921
vt 0.291554 0.403110
vt 0.344392 0.579954
vt 0.661653 0.640432
vt 0.663584 0.622165
vt 0.294153 0.903475
vt 0.360376 0.120625
vt 0.490299 0.628435
vt 0.617844 0.434933
vt 0.515759 0.331034
vt 0.309228 0.326474
vt 0.442092 0.547067
vt 0.440629 0.589438
vt 0.585844 0.353946
vt 0.625849 0.346735
vt 0.634617 0.347286
vt 0.628156 0.358084
vt 0.607011 0.439365
vt 0.611831 0.433241
vt 0.539110 0.256769
vt 0.548868 0.243403
vt 0.650563 0.443771
vt 0.342870 0.705605
vt 0.261262 0.847075
vt 0.725511 0.287397
vt 0.598806 0.709881
vt 0.614630 0.671725
vt 0.607697 0.716708
vt 0.394937 0.593168
vt 0.531460 0.729604
vt 0.404847 0.602267
vt 0.581999 0.466371
vt 0.675113 0.517744
vt 0.633516 0.393199
vt 0.626766 0.395405
vt 0.637568 0.363349
vt 0.633145 0.370101
vt 0.631495 0.364920
vt 0.335627 0.228315
vt 0.328335 0.241145
vt 0.485656 0.740822
vt 0.453389 0.735801
vt 0.487344 0.592441
vt 0.580261 0.684015
vt 0.356036 0.461361
vt 0.615085 0.785282
vt 0.648609 0.579084
vt 0.724716 0.551879
vt 0.454686 0.252311
vt 0.466867 0.239540
vt 0.461286 0.260269
vt 0.413292 0.280110
vt 0.436846 0.870140
vt 0.607431 0.338113
vt 0.524279 0.335825
vt 0.327580 0.720217
vt 0.760741 0.401648
vt 0.763837 0.420984
vt 0.358739 0.628830
vt 0.518824 0.826535
vt 0.676947 0.562891
vt 0.680571 0.545823
vt 0.668921 0.327269
vt 0.680285 0.632837
vt 0.371904 0.067064
vt 0.559897 0.690136
vt 0.432370 0.073056
vt 0.435450 0.319619
vt 0.478513 0.620814
vt 0.597577 0.368911
vt 0.621702 0.367330
vt 0.559839 0.244255
vt 0.287350 0.649782
vt 0.512885 0.612088
vt 0.698496 0.089674
vt 0.699319 0.399581
vt 0.542764 0.314803
vt 0.335417 0.783841
vt 0.515061 0.604723
vt 0.325403 0.289999
vt 0.631785 0.385912
vt 0.628140 0.380179
vt 0.716372 0.573181
vt 0.710104 0.555597
vt 0.716295 0.533049
vt 0.640272 0.343929
vt 0.699702 0.688489
vt 0.543691 0.663334
vt 0.416225 0.308644
vt 0.354994 0.061865
vt 0.779969 0.383403
vt 0.620496 0.389785
vt 0.663465 0.498184
vt 0.616561 0.491994
vt 0.451366 0.281069
vt 0.446197 0.255817
vt 0.247433 0.521316
vt 0.246832 0.491231
vt 0.384960 0.806603
vt 0.385641 0.820632
vt 0.645721 0.594917
vt 0.623111 0.191682
vt 0.224124 0.239096
vt 0.220680 0.210610
vt 0.473032 0.908015
vt 0.591686 0.689291
vt 0.335318 0.317610
vt 0.229149 0.864043
vt 0.359841 0.321303
vt 0.779674 0.839678
vt 0.779262 0.821920
vt 0.501049 0.311794
vt 0.445582 0.605011
vt 0.350063 0.245136
vt 0.425870 0.497453
vt 0.420608 0.507059
vt 0.741582 0.480372
vt 0.733557 0.461352
vt 0.734855 0.440016
vt 0.525026 0.870100
vt 0.300162 0.324983
vt 0.729541 0.755263
vt 0.746230 0.115794
vt 0.739083 0.431780
vt 0.676543 0.648941
vt 0.221849 0.073091
vt 0.220549 0.089580
vt 0.437050 0.841068
vt 0.426885 0.839272
vt 0.262639 0.395272
vt 0.379293 0.444711
vt 0.401278 0.384885
vt 0.447349 0.307610
vt 0.645754 0.872736
vt 0.635280 0.890881
vt 0.273388 0.516681
vt 0.321319 0.183960
vt 0.318603 0.170844
vt 0.244885 0.103063
vt 0.397225 0.403811
vt 0.679006 0.678112
vt 0.618758 0.659303
vt 0.615846 0.100755
vt 0.496377 0.552041
vt 0.780738 0.211116
vt 0.219645 0.543857
vt 0.549443 0.360625
vt 0.615037 0.906461
vt 0.593733 0.903245
vt 0.242610 0.344557
vt 0.257351 0.498788
vt 0.517281 0.405208
vt 0.722714 0.299056
vt 0.356322 0.333231
vt 0.302504 0.523458
vt 0.303958 0.501063
vt 0.525872 0.706370
vt 0.418237 0.602440
vt 0.658992 0.837833
vt 0.650845 0.819607
vt 0.584823 0.674925
vt 0.243224 0.188474
vt 0.502239 0.617314
vt 0.668089 0.513360
vt 0.415877 0.679730
vt 0.652237 0.681904
vt 0.571265 0.543163
vt 0.581450 0.519480
vt 0.663899 0.410364
vt 0.539101 0.618971
vt 0.328612 0.847006
vt 0.220162 0.590477
vt 0.476655 0.311385
vt 0.467951 0.307976
vt 0.552163 0.263460
vt 0.367568 0.184812
vt 0.471494 0.373737
vt 0.384002 0.444940
vt 0.576364 0.697798
vt 0.676049 0.753004
vt 0.219850 0.239582
vt 0.472592 0.727441
vt 0.612579 0.811510
vt 0.615072 0.835892
vt 0.637028 0.419223
vt 0.575644 0.463018
vt 0.569047 0.476559
vt 0.701964 0.707406
vt 0.563781 0.742993
vt 0.764323 0.723960
vt 0.290330 0.229006
vt 0.295136 0.241064
vt 0.490513 0.565945
vt 0.779936 0.108559
vt 0.664217 0.656127
vt 0.322339 0.328944
vt 0.626261 0.734846
vt 0.641025 0.726920
vt 0.266297 0.481713
vt 0.250792 0.850999
vt 0.781444 0.755034
vt 0.781202 0.768504
vt 0.428360 0.437008
vt 0.342662 0.768279
vt 0.392635 0.092827
vt 0.592959 0.737655
vt 0.639662 0.849280
vt 0.320796 0.649916
vt 0.622521 0.504214
vt 0.268786 0.511249
vt 0.260977 0.514674
vt 0.245144 0.167790
vt 0.391648 0.865247
vt 0.605905 0.647020
vt 0.613187 0.661620
vt 0.403301 0.938167
vt 0.567790 0.750815
vt 0.510365 0.808952
vt 0.603101 0.360394
vt 0.605396 0.356177
vt 0.319405 0.307464
vt 0.316605 0.328227
vt 0.766612 0.387565
vt 0.540951 0.675727
vt 0.781345 0.260737
vt 0.224836 0.204508
vt 0.458345 0.287175
vt 0.324295 0.768709
vt 0.598474 0.352510
vt 0.569886 0.518574
vt 0.253547 0.272097
vt 0.552747 0.809843
vt 0.318231 0.697023
vt 0.769916 0.484774
vt 0.777016 0.475079
vt 0.219994 0.612760
vt 0.224799 0.627144
vt 0.359559 0.084703
vt 0.686352 0.722028
vt 0.727804 0.260313
vt 0.754717 0.304885
vt 0.709768 0.577666
vt 0.520282 0.377229
vt 0.608241 0.421204
vt 0.479514 0.293128
vt 0.615862 0.611436
vt 0.605481 0.622083
vt 0.610340 0.580366
vt 0.676851 0.790748
vt 0.456743 0.929709
vt 0.325214 0.440407
vt 0.395628 0.802264
vt 0.577662 0.480135
vt 0.574118 0.491307
vt 0.220687 0.897858
vt 0.348047 0.800757
vt 0.425285 0.545256
vt 0.609085 0.480279
vt 0.781754 0.735750
vt 0.486586 0.558646
vt 0.555565 0.195335
vt 0.330803 0.439052
vt 0.764607 0.843277
vt 0.780442 0.808967
vt 0.613402 0.467476
vt 0.598670 0.531257
vt 0.539968 0.193193
vt 0.686520 0.617766
vt 0.583194 0.130136
vt 0.562157 0.160561
vt 0.507506 0.291007
vt 0.291839 0.559726
vt 0.450759 0.129942
vt 0.301357 0.444672
vt 0.348689 0.112447
vt 0.342084 0.233970
vt 0.743535 0.547358
vt 0.420976 0.529301
vt 0.377023 0.478183
vt 0.423887 0.705718
vt 0.427258 0.920686
vt 0.221113 0.730531
vt 0.220877 0.701385
vt 0.227051 0.713167
vt 0.753092 0.427320
vt 0.335379 0.276300
vt 0.468287 0.272765
vt 0.628046 0.852705
vt 0.315953 0.342763
vt 0.778093 0.792688
vt 0.779142 0.776454
vt 0.312554 0.312774
vt 0.536849 0.737750
vt 0.230965 0.025251
vt 0.224034 0.017470
vt 0.233851 0.240441
vt 0.239435 0.221609
vt 0.484291 0.357543
vt 0.747807 0.666501
vt 0.736691 0.662596
vt 0.626430 0.685797
vt 0.335114 0.189373
vt 0.778471 0.659056
vt 0.427776 0.231982
vt 0.439796 0.238686
vt 0.679177 0.471633
vt 0.374361 0.829572
vt 0.417312 0.704363
vt 0.776406 0.448443
vt 0.761664 0.452352
vt 0.478596 0.584817
vt 0.632067 0.464281
vt 0.632727 0.483236
vt 0.624344 0.555580
vt 0.266621 0.430735
vt 0.289499 0.321908
vt 0.780562 0.503985
vt 0.632637 0.527645
vt 0.289248 0.633893
vt 0.644792 0.666240
vt 0.329521 0.958510
vt 0.627638 0.169139
vt 0.636480 0.388573
vt 0.220893 0.149341
vt 0.732458 0.159179
vt 0.219805 0.654042
vt 0.770032 0.644607
vt 0.552196 0.774999
vt 0.255883 0.176563
vt 0.451150 0.718794
vt 0.312557 0.154737
vt 0.314177 0.229738
vt 0.589292 0.653518
vt 0.448040 0.818953
vt 0.630422 0.505000
vt 0.580663 0.207456
vt 0.718559 0.223882
vt 0.489781 0.859324
vt 0.778078 0.229768
vt 0.745761 0.456819
vt 0.754034 0.476019
vt 0.575600 0.581824
vt 0.782445 0.970658
vt 0.752534 0.979468
vt 0.514810 0.225797
vt 0.509140 0.259019
vt 0.316630 0.625298
vt 0.354427 0.352804
vt 0.676693 0.717439
vt 0.634032 0.317510
vt 0.602057 0.462094
vt 0.311476 0.706104
vt 0.707207 0.494775
vt 0.401998 0.620177
vt 0.478115 0.346329
vt 0.342061 0.476757
vt 0.715676 0.656880
vt 0.682866 0.181540
vt 0.304111 0.818920
vt 0.464406 0.608487
vt 0.684525 0.215329
vt 0.717131 0.618238
vt 0.724684 0.234334
vt 0.379510 0.793589
vt 0.671639 0.661425
vt 0.579599 0.617734
vt 0.781376 0.635309
vt 0.368257 0.945947
vt 0.400196 0.608192
vt 0.780346 0.147223
vt 0.465463 0.294669
vt 0.511134 0.317608
vt 0.219798 0.382275
vt 0.546213 0.778786
vt 0.582981 0.961225
vt 0.434026 0.543889
vt 0.522008 0.976901
vt 0.499674 0.256186
vt 0.501072 0.225959
vt 0.668119 0.848856
vt 0.304871 0.481904
vt 0.616933 0.555464
vt 0.559133 0.821604
vt 0.304491 0.546039
vt 0.477420 0.694147
vt 0.579313 0.601997
vt 0.621373 0.578050
vt 0.761448 0.494423
vt 0.529951 0.443524
vt 0.574609 0.717486
vt 0.515179 0.297465
vt 0.673203 0.501893
vt 0.444185 0.507926
vt 0.545680 0.207544
vt 0.571170 0.197265
vt 0.782063 0.051139
vt 0.326792 0.508087
vt 0.466290 0.570094
vt 0.780461 0.489834
vt 0.781338 0.474428
vt 0.343764 0.906958
vt 0.219718 0.285837
vt 0.616173 0.690203
vt 0.782186 0.227795
vt 0.617811 0.729498
vt 0.780821 0.312350
vt 0.499227 0.479407
vt 0.220327 0.921636
vt 0.221903 0.929661
vt 0.219244 0.743257
vt 0.227673 0.170449
vt 0.219331 0.164955
vt 0.219273 0.333819
vt 0.220948 0.183711
vt 0.767405 0.502989
vt 0.685512 0.664558
vt 0.219303 0.348567
vt 0.219052 0.342537
vt 0.318804 0.376954
vt 0.820834 0.004845
vt 0.219364 0.056740
vt 0.667557 0.965432
vt 0.672351 0.571901
vt 0.219214 0.169702
vt 0.219459 0.713458
vt 0.779611 0.132794
vt 0.236235 0.991388
vt 0.388215 0.998335
s 0
usemtl Material.002
f 909/1/1 690/2/1 814/3/1
f 1797/4/2 1591/5/2 1848/6/2
f 560/7/3 1964/8/3 946/9/3
f 1145/10/4 1197/11/4 630/12/4
f 2291/13/5 2491/14/5 2541/15/5
f 656/16/6 952/17/6 1369/18/6
f 2558/19/7 404/20/7 2141/21/7
f 2314/22/8 2278/23/8 2500/24/8
f 2015/25/9 2179/26/9 1935/27/9
f 2376/28/10 429/29/10 755/30/10
f 1910/31/11 689/32/11 1913/33/11
f 206/34/12 344/35/12 1721/36/12
f 979/37/13 360/38/13 479/39/13
f 877/40/14 1917/41/14 404/20/14
f 125/42/15 1442/43/15 798/44/15
f 785/45/16 500/46/16 445/47/16
f 510/48/17 1065/49/17 587/50/17
f 547/51/18 1150/52/18 1408/53/18
f 981/54/19 2067/55/19 1195/56/19
f 1473/57/20 1386/58/20 216/59/20
f 512/60/21 662/61/21 1785/62/21
f 625/63/22 2572/64/22 953/65/22
f 774/66/23 621/67/23 2304/68/23
f 487/69/24 1551/70/24 382/71/24
f 2357/72/25 2002/73/25 1629/74/25
f 693/75/26 699/76/26 1822/77/26
f 164/78/27 2106/79/27 688/80/27
f 1863/81/28 1544/82/28 1312/83/28
f 151/84/29 1069/85/29 2391/86/29
f 2134/87/30 2269/88/30 1953/89/30
f 2187/90/31 1534/91/31 2170/92/31
f 1876/93/32 262/94/32 1529/95/32
f 152/96/33 1493/97/33 2422/98/33
f 286/99/34 1967/100/34 2532/101/34
f 101/102/35 747/103/35 1211/104/35
f 2353/105/36 2226/106/36 2386/107/36
f 611/108/37 2391/86/37 231/109/37
f 1901/110/38 716/111/38 1213/112/38
f 874/113/39 207/114/39 817/115/39
f 2243/116/40 1416/117/40 293/118/40
f 1528/119/41 2122/120/41 1555/121/41
f 540/122/42 591/123/42 17/124/42
f 1429/125/43 745/126/43 1413/127/43
f 2259/128/44 804/129/44 2457/130/44
f 1543/131/45 368/132/45 352/133/45
f 392/134/46 597/135/46 2049/136/46
f 523/137/47 870/138/47 1915/139/47
f 281/140/48 2201/141/48 304/142/48
f 2308/143/49 1725/144/49 2312/145/49
f 788/146/50 1432/147/50 1990/148/50
f 998/149/51 1771/150/51 2567/151/51
f 127/152/52 1919/153/52 1501/154/52
f 856/155/53 931/156/53 898/157/53
f 2403/158/54 743/159/54 539/160/54
f 1452/161/55 230/162/55 24/163/55
f 2340/164/56 1946/165/56 910/166/56
f 764/167/57 1688/168/57 2037/169/57
f 1946/165/58 29/170/58 910/166/58
f 471/171/59 1978/172/59 1488/173/59
f 748/174/60 1124/175/60 528/176/60
f 1081/177/61 1953/89/61 1549/178/61
f 887/179/62 340/180/62 2328/181/62
f 2492/182/63 399/183/63 1995/184/63
f 1996/185/64 1625/186/64 1257/187/64
f 1048/188/65 1523/189/65 202/190/65
f 2287/191/66 2561/192/66 2191/193/66
f 1736/194/67 1614/195/67 566/196/67
f 370/197/68 289/198/68 1010/199/68
f 1039/200/69 523/201/69 2476/202/69
f 1780/203/70 517/204/70 401/205/70
f 85/206/71 369/207/71 2380/208/71
f 790/209/72 2405/210/72 510/48/72
f 2366/211/73 1394/212/73 1179/213/73
f 1393/214/74 740/215/74 2339/216/74
f 2268/217/75 167/218/75 2459/219/75
f 1363/220/76 1727/221/76 1163/222/76
f 558/223/77 338/224/77 1017/225/77
f 2273/226/78 238/227/78 2526/228/78
f 2169/229/79 1730/230/79 2056/231/79
f 270/232/80 2375/233/80 538/234/80
f 585/235/81 261/236/81 2129/237/81
f 178/238/82 2531/239/82 2148/240/82
f 1818/241/83 956/242/83 1390/243/83
f 393/244/84 2395/245/84 1203/246/84
f 842/247/85 1659/248/85 78/249/85
f 166/250/86 1031/251/86 1608/252/86
f 278/253/87 277/254/87 2015/25/87
f 2512/255/88 2457/130/88 459/256/88
f 1603/257/89 313/258/89 2363/259/89
f 1972/260/90 803/261/90 407/262/90
f 66/263/91 2267/264/91 242/265/91
f 771/266/92 2418/267/92 329/268/92
f 1110/269/93 1636/270/93 1521/271/93
f 1823/272/94 1294/273/94 415/274/94
f 851/275/95 1810/276/95 691/277/95
f 190/278/96 195/279/96 1301/280/96
f 801/281/97 2402/282/97 2050/283/97
f 246/284/98 1224/285/98 623/286/98
f 2212/287/99 2141/21/99 691/277/99
f 1828/288/100 767/289/100 687/290/100
f 104/291/101 2317/292/101 82/293/101
f 1940/294/102 2121/295/102 321/296/102
f 1263/297/103 2247/298/103 1084/299/103
f 319/300/104 2100/301/104 280/302/104
f 2116/303/105 2513/304/105 688/80/105
f 1852/305/106 928/306/106 1523/189/106
f 1132/307/107 1879/308/107 1704/309/107
f 1174/310/108 1010/199/108 1020/311/108
f 1581/312/109 1166/313/109 1005/314/109
f 767/289/110 498/315/110 687/290/110
f 1786/316/111 1265/317/111 2494/318/111
f 240/319/112 2270/320/112 2032/321/112
f 967/322/113 1770/323/113 1107/324/113
f 765/325/114 598/326/114 462/327/114
f 144/328/115 2446/329/115 577/330/115
f 1320/331/116 150/332/116 300/333/116
f 656/16/117 2153/334/117 952/17/117
f 337/335/118 1469/336/118 412/337/118
f 487/69/119 382/71/119 2262/338/119
f 1984/339/120 2278/23/120 2314/22/120
f 1368/340/121 2173/341/121 1717/342/121
f 2050/283/122 297/343/122 361/344/122
f 83/345/123 1983/346/123 733/347/123
f 162/348/124 2504/349/124 874/113/124
f 1907/350/125 120/351/125 90/352/125
f 2273/226/126 351/353/126 1902/354/126
f 1299/355/127 62/356/127 2308/143/127
f 1565/357/128 2252/358/128 720/359/128
f 1691/360/129 1144/361/129 1723/362/129
f 2137/363/130 2309/364/130 493/365/130
f 1012/366/131 1407/367/131 2520/368/131
f 732/369/132 11/370/132 1927/371/132
f 1034/372/133 1114/373/133 264/374/133
f 896/375/134 676/376/134 1162/377/134
f 2014/378/135 705/379/135 401/205/135
f 2414/380/136 2300/381/136 1781/382/136
f 254/383/137 1846/384/137 2326/385/137
f 216/59/138 1386/58/138 1892/386/138
f 1522/387/139 1668/388/139 2488/389/139
f 1969/390/140 440/391/140 2392/392/140
f 2111/393/141 284/394/141 1606/395/141
f 1862/396/142 1213/112/142 729/397/142
f 528/176/143 1836/398/143 397/399/143
f 1770/323/144 558/223/144 1017/225/144
f 138/400/145 1592/401/145 1866/402/145
f 2108/403/146 104/291/146 1470/404/146
f 2364/405/147 2027/406/147 102/407/147
f 281/140/148 975/408/148 2201/141/148
f 945/409/149 206/34/149 937/410/149
f 1735/411/150 1510/412/150 806/413/150
f 2471/414/151 593/415/151 235/416/151
f 684/417/152 737/418/152 853/419/152
f 1550/420/153 2243/116/153 335/421/153
f 2144/422/154 1074/423/154 1405/424/154
f 418/425/155 544/426/155 873/427/155
f 1078/428/156 1009/429/156 719/430/156
f 1637/431/157 1812/432/157 280/302/157
f 1668/388/158 989/433/158 2169/229/158
f 557/434/159 2336/435/159 1039/200/159
f 1054/436/160 799/437/160 515/438/160
f 799/437/161 243/439/161 1832/440/161
f 801/281/162 1657/441/162 336/442/162
f 899/443/163 2528/444/163 1572/445/163
f 1671/446/164 969/447/164 187/448/164
f 679/449/165 1630/450/165 2206/451/165
f 2477/452/166 151/84/166 2391/86/166
f 1337/453/167 2511/454/167 1466/455/167
f 1081/177/168 1549/178/168 567/456/168
f 862/457/169 408/458/169 463/459/169
f 56/460/170 1879/308/170 1087/461/170
f 589/462/171 1495/463/171 345/464/171
f 2263/465/172 704/466/172 2152/467/172
f 1202/468/173 2088/469/173 2547/470/173
f 45/471/174 2177/472/174 548/473/174
f 1477/474/175 620/475/175 2313/476/175
f 650/477/176 1151/478/176 334/479/176
f 323/480/177 1078/428/177 1103/481/177
f 682/482/178 1601/483/178 1108/484/178
f 909/1/179 2308/143/179 690/2/179
f 2439/485/180 1165/486/180 1698/487/180
f 317/488/181 1568/489/181 1519/490/181
f 802/491/182 1972/260/182 407/262/182
f 197/492/183 135/493/183 752/494/183
f 2296/495/184 710/496/184 722/497/184
f 1493/97/185 1777/498/185 2422/98/185
f 1098/499/186 5/500/186 1344/501/186
f 624/502/187 2328/181/187 374/503/187
f 2086/504/188 1370/505/188 2399/506/188
f 1568/489/189 1650/507/189 1775/508/189
f 317/488/190 1650/507/190 1568/489/190
f 1652/509/191 1054/436/191 515/438/191
f 402/510/192 411/511/192 1497/512/192
f 1533/513/193 513/514/193 1796/515/193
f 26/516/194 2397/517/194 1876/93/194
f 761/518/195 854/519/195 661/520/195
f 2216/521/196 2190/522/196 2398/523/196
f 2047/524/197 558/223/197 967/322/197
f 43/525/198 197/492/198 1930/526/198
f 2292/527/199 1852/305/199 1523/189/199
f 2207/528/200 919/529/200 2258/530/200
f 1243/531/201 733/347/201 1983/346/201
f 1735/411/202 265/532/202 1510/412/202
f 1552/533/203 1275/534/203 995/535/203
f 1897/536/204 2036/537/204 734/538/204
f 1860/539/205 309/540/205 1638/541/205
f 667/542/206 115/543/206 1047/544/206
f 2572/64/207 1977/545/207 1514/546/207
f 256/547/208 1882/548/208 2096/549/208
f 1633/550/209 1109/551/209 579/552/209
f 2210/553/210 394/554/210 2440/555/210
f 1960/556/211 2444/557/211 1394/212/211
f 356/558/212 1558/559/212 425/560/212
f 1763/561/213 116/562/213 2005/563/213
f 1763/561/214 1611/564/214 116/562/214
f 1089/565/215 2490/566/215 1131/567/215
f 1/568/216 2569/569/216 2299/570/216
f 275/571/217 850/572/217 1613/573/217
f 190/278/218 2477/452/218 676/376/218
f 907/574/219 999/575/219 90/352/219
f 1423/576/220 1561/577/220 1022/578/220
f 366/579/221 1160/580/221 1220/581/221
f 545/582/222 2026/583/222 274/584/222
f 2034/585/223 1558/559/223 356/558/223
f 726/586/224 2047/524/224 1219/587/224
f 722/497/225 710/496/225 269/588/225
f 6/589/226 2381/590/226 1347/591/226
f 2234/592/227 697/593/227 669/594/227
f 1451/595/228 1055/596/228 69/597/228
f 878/598/229 306/599/229 771/266/229
f 29/170/230 150/332/230 161/600/230
f 2183/601/231 410/602/231 156/603/231
f 790/209/232 1502/604/232 1559/605/232
f 102/407/233 1421/606/233 784/607/233
f 994/608/234 2312/145/234 759/609/234
f 2403/158/235 783/610/235 983/611/235
f 539/160/236 783/610/236 2403/158/236
f 1378/612/237 170/613/237 630/12/237
f 1093/614/238 799/437/238 257/615/238
f 1975/616/239 1270/617/239 693/75/239
f 1086/618/240 2196/619/240 1069/85/240
f 1384/620/241 734/538/241 2036/537/241
f 2186/621/242 2147/622/242 2294/623/242
f 987/624/243 2225/625/243 1048/188/243
f 905/626/244 1098/499/244 811/627/244
f 1098/499/245 1113/628/245 811/627/245
f 1587/629/246 551/630/246 330/631/246
f 724/632/247 527/633/247 1083/634/247
f 586/635/248 342/636/248 160/637/248
f 575/638/249 1844/639/249 2310/640/249
f 2420/641/250 780/642/250 388/643/250
f 2080/644/251 1407/367/251 1012/366/251
f 1080/645/252 1439/646/252 708/647/252
f 1693/648/253 1461/649/253 1422/650/253
f 835/651/254 330/631/254 1245/652/254
f 62/356/255 1712/653/255 1725/144/255
f 772/654/256 292/655/256 4/656/256
f 1687/657/257 884/658/257 957/659/257
f 2506/660/258 1740/661/258 2079/662/258
f 434/663/259 884/658/259 1687/657/259
f 373/664/260 684/417/260 993/665/260
f 184/666/261 1692/667/261 46/668/261
f 631/669/262 175/670/262 1499/671/262
f 2245/672/263 1362/673/263 2407/674/263
f 967/322/264 558/223/264 1770/323/264
f 310/675/265 219/676/265 1837/677/265
f 177/678/266 246/284/266 623/286/266
f 1138/679/267 26/516/267 1529/95/267
f 2160/680/268 935/681/268 564/682/268
f 233/683/269 458/684/269 1187/685/269
f 2260/686/270 1651/687/270 1310/688/270
f 1831/689/271 1217/690/271 1994/691/271
f 2494/318/272 1813/692/272 747/103/272
f 1088/693/273 238/227/273 960/694/273
f 1037/695/274 472/696/274 1609/697/274
f 2220/698/275 2377/699/275 1688/168/275
f 668/700/276 1577/701/276 426/702/276
f 2524/703/277 564/682/277 175/670/277
f 1943/704/278 545/582/278 2352/705/278
f 1219/587/279 2047/524/279 967/322/279
f 966/706/280 890/707/280 118/708/280
f 1440/709/281 1146/710/281 343/711/281
f 1080/645/282 2179/26/282 277/254/282
f 518/712/283 897/713/283 616/714/283
f 243/439/284 2181/715/284 1832/440/284
f 346/716/285 2010/717/285 721/718/285
f 250/719/286 496/720/286 2390/721/286
f 1911/722/287 1327/723/287 1427/724/287
f 89/725/288 1410/726/288 723/727/288
f 2580/728/289 1125/729/289 1121/730/289
f 1249/731/290 1006/732/290 21/733/290
f 982/734/291 188/735/291 2072/736/291
f 1696/737/292 736/738/292 2115/739/292
f 982/734/293 1719/740/293 188/735/293
f 1105/741/294 1875/742/294 1856/743/294
f 1029/744/295 936/745/295 1938/746/295
f 1051/747/296 343/711/296 350/748/296
f 1452/161/297 1059/749/297 230/162/297
f 1531/750/298 665/751/298 582/752/298
f 283/753/299 1764/754/299 642/755/299
f 1288/756/300 13/757/300 2176/758/300
f 2533/759/301 2131/760/301 1256/761/301
f 1344/501/302 1207/762/302 1335/763/302
f 824/764/303 1696/737/303 2115/739/303
f 1058/765/304 252/766/304 2058/767/304
f 1974/768/305 762/769/305 646/770/305
f 395/771/306 2498/772/306 1025/773/306
f 646/770/307 1030/774/307 894/775/307
f 1995/184/308 971/776/308 2404/777/308
f 933/778/309 971/776/309 1995/184/309
f 2477/452/310 1489/779/310 709/780/310
f 84/781/311 2384/782/311 572/783/311
f 770/784/312 1360/785/312 251/786/312
f 2174/787/313 1250/788/313 39/789/313
f 1391/790/314 2166/791/314 943/792/314
f 1416/117/315 2378/793/315 293/118/315
f 291/794/316 2188/795/316 1294/273/316
f 86/796/317 376/797/317 2382/798/317
f 766/799/318 954/800/318 1183/801/318
f 1903/802/319 1632/803/319 1593/804/319
f 1575/805/320 2396/806/320 942/807/320
f 1218/808/321 2030/809/321 2252/358/321
f 394/554/322 2270/320/322 240/319/322
f 760/810/323 1179/213/323 596/811/323
f 1313/812/324 2513/304/324 1774/813/324
f 644/814/325 680/815/325 1279/816/325
f 1134/817/326 490/818/326 782/819/326
f 1967/100/327 232/820/327 825/821/327
f 871/822/328 1485/823/328 1450/824/328
f 1959/825/329 1/568/329 2299/570/329
f 1646/826/330 2213/827/330 746/828/330
f 2090/829/331 1192/830/331 65/831/331
f 563/832/332 738/833/332 73/834/332
f 1608/252/333 402/510/333 1497/512/333
f 1401/835/334 847/836/334 1514/546/334
f 485/837/335 1724/838/335 2196/619/335
f 103/839/336 2201/141/336 649/840/336
f 793/841/337 2401/842/337 2390/721/337
f 2099/843/338 1252/844/338 1267/845/338
f 57/846/339 1087/461/339 1380/847/339
f 2168/848/340 125/42/340 627/849/340
f 97/850/341 633/851/341 723/727/341
f 755/30/342 2200/852/342 1633/550/342
f 1188/853/343 1566/854/343 2410/855/343
f 2330/856/344 821/857/344 929/858/344
f 297/343/345 2050/283/345 1532/859/345
f 334/479/346 1151/478/346 1768/860/346
f 223/861/347 1211/104/347 1256/761/347
f 788/146/348 2012/862/348 1598/863/348
f 821/857/349 2377/699/349 929/858/349
f 2170/92/350 2003/864/350 571/865/350
f 185/866/351 2195/867/351 1220/581/351
f 1462/868/352 1568/489/352 1775/508/352
f 1351/869/353 817/115/353 1340/870/353
f 672/871/354 565/872/354 1106/873/354
f 2075/874/355 981/54/355 1492/875/355
f 1108/484/356 941/876/356 248/877/356
f 591/123/357 1130/878/357 17/124/357
f 755/30/358 1633/550/358 1793/879/358
f 1571/880/359 1640/881/359 286/99/359
f 307/882/360 1327/723/360 2393/883/360
f 233/683/361 1187/685/361 2246/884/361
f 1979/885/362 486/886/362 1001/887/362
f 234/888/363 1208/889/363 1094/890/363
f 814/3/364 690/2/364 600/891/364
f 1260/892/365 1315/893/365 2119/894/365
f 2518/895/366 2432/896/366 1375/897/366
f 2401/842/367 533/898/367 1110/269/367
f 2265/899/368 2419/900/368 1210/901/368
f 517/204/369 2299/570/369 401/205/369
f 1355/902/370 547/51/370 1084/299/370
f 384/903/371 1673/904/371 1240/905/371
f 411/511/372 336/442/372 1657/441/372
f 1467/906/373 750/907/373 938/908/373
f 1319/909/374 1197/11/374 1145/10/374
f 1547/910/375 2309/364/375 1695/911/375
f 292/655/376 1545/912/376 2162/913/376
f 2249/914/377 1759/915/377 88/916/377
f 1724/838/378 1551/70/378 487/69/378
f 705/379/379 2014/378/379 1987/917/379
f 1388/918/380 2522/919/380 1823/272/380
f 2057/920/381 1139/921/381 2578/922/381
f 80/923/382 996/924/382 38/925/382
f 2382/798/383 376/797/383 1175/926/383
f 2545/927/384 860/928/384 498/315/384
f 2054/929/385 297/343/385 247/930/385
f 1371/931/386 1459/932/386 2001/933/386
f 210/934/387 2389/935/387 1172/936/387
f 1575/805/388 942/807/388 1246/937/388
f 1344/501/389 1335/763/389 1098/499/389
f 1699/938/390 526/939/390 986/940/390
f 1355/902/391 840/941/391 1451/595/391
f 2426/942/392 2055/943/392 728/944/392
f 160/637/393 973/945/393 553/946/393
f 1208/889/394 326/947/394 198/948/394
f 231/109/395 1724/838/395 487/69/395
f 687/290/396 498/315/396 922/949/396
f 231/109/397 487/69/397 643/950/397
f 1282/951/398 16/952/398 688/80/398
f 902/953/399 878/598/399 1305/954/399
f 1488/173/400 2277/955/400 809/956/400
f 2340/164/401 1153/957/401 1946/165/401
f 1282/951/402 1936/958/402 1648/959/402
f 375/960/403 580/961/403 841/962/403
f 1744/963/404 780/642/404 2420/641/404
f 178/238/405 613/964/405 1081/177/405
f 818/965/406 1614/195/406 1736/194/406
f 2266/966/407 2576/967/407 723/727/407
f 1347/591/408 1997/968/408 2474/969/408
f 2527/970/409 1788/971/409 2094/972/409
f 1119/973/410 40/974/410 2305/975/410
f 1475/976/411 686/977/411 2536/978/411
f 2039/979/412 224/980/412 1268/981/412
f 1820/982/413 2487/983/413 462/327/413
f 625/63/414 953/65/414 1167/984/414
f 6/589/415 684/417/415 2381/590/415
f 2305/975/416 461/985/416 1778/986/416
f 2192/987/417 526/939/417 1343/988/417
f 2457/130/418 2512/255/418 1170/989/418
f 686/977/419 222/990/419 2536/978/419
f 1071/991/420 1909/992/420 607/993/420
f 883/994/421 761/518/421 661/520/421
f 1836/398/422 2113/995/422 1746/996/422
f 2529/997/423 173/998/423 922/949/423
f 2415/999/424 1520/1000/424 1155/1001/424
f 535/1002/425 11/370/425 732/369/425
f 2135/1003/426 279/1004/426 852/1005/426
f 1602/1006/427 1188/853/427 2338/1007/427
f 2232/1008/428 1962/1009/428 1629/74/428
f 84/781/429 1344/501/429 5/500/429
f 1715/1010/430 1871/1011/430 1716/1012/430
f 1716/1012/431 993/665/431 1715/1010/431
f 967/322/432 1107/324/432 1219/587/432
f 885/1013/433 1973/1014/433 281/140/433
f 281/140/434 50/1015/434 1162/377/434
f 234/888/435 1094/890/435 588/1016/435
f 396/1017/436 2250/1018/436 2253/1019/436
f 2478/1020/437 1588/1021/437 1129/1022/437
f 82/293/438 2347/1023/438 1470/404/438
f 329/268/439 696/1024/439 771/266/439
f 308/1025/440 603/1026/440 170/613/440
f 2154/1027/441 342/636/441 412/337/441
f 2247/298/442 1355/902/442 1084/299/442
f 2095/1028/443 316/1029/443 2491/14/443
f 617/1030/444 2333/1031/444 2017/1032/444
f 1000/1033/445 1238/1034/445 838/1035/445
f 1238/1034/446 812/1036/446 991/1037/446
f 1070/1038/447 1160/580/447 139/1039/447
f 2219/1040/448 713/1041/448 680/815/448
f 571/865/449 1231/1042/449 290/1043/449
f 697/593/450 2234/592/450 127/152/450
f 1556/1044/451 2426/942/451 695/1045/451
f 1026/1046/452 1355/902/452 1451/595/452
f 652/1047/453 1227/1048/453 115/543/453
f 68/1049/454 838/1035/454 61/1050/454
f 2099/843/455 992/1051/455 1252/844/455
f 1619/1052/456 114/1053/456 65/831/456
f 1556/1044/457 695/1045/457 1124/175/457
f 1191/1054/458 2428/1055/458 215/1056/458
f 792/1057/459 595/1058/459 60/1059/459
f 980/1060/460 982/734/460 2072/736/460
f 190/278/461 151/84/461 2477/452/461
f 1637/431/462 385/1061/462 954/800/462
f 815/1062/463 338/224/463 1036/1063/463
f 2155/1064/464 609/1065/464 1709/1066/464
f 508/1067/465 918/1068/465 1654/1069/465
f 1051/747/466 1234/1070/466 343/711/466
f 2449/1071/467 273/1072/467 1702/1073/467
f 1248/1074/468 202/190/468 928/306/468
f 795/1075/469 1399/1076/469 889/1077/469
f 569/1078/470 2147/622/470 1744/963/470
f 890/707/471 961/1079/471 118/708/471
f 1623/1080/472 837/1081/472 236/1082/472
f 1474/1083/473 1072/1084/473 1015/1085/473
f 1037/695/474 897/713/474 183/1086/474
f 1491/1087/475 1924/1088/475 1328/1089/475
f 1920/1090/476 1803/1091/476 1014/1092/476
f 298/1093/477 898/157/477 931/156/477
f 2036/537/478 1897/536/478 157/1094/478
f 58/1095/479 1939/1096/479 320/1097/479
f 1417/1098/480 267/1099/480 1595/1100/480
f 2401/842/481 143/1101/481 1552/533/481
f 317/488/482 1519/490/482 2204/1102/482
f 1373/1103/483 1990/148/483 1432/147/483
f 1537/1104/484 728/944/484 485/837/484
f 52/1105/485 751/1106/485 203/1107/485
f 1632/803/486 834/1108/486 1593/804/486
f 2440/555/487 112/1109/487 1717/342/487
f 530/1110/488 678/1111/488 321/296/488
f 321/296/489 1806/1112/489 530/1110/489
f 834/1108/490 1660/1113/490 1599/1114/490
f 1306/1115/491 834/1108/491 1632/803/491
f 1462/868/492 861/1116/492 1519/490/492
f 1900/1117/493 2445/1118/493 1687/657/493
f 734/538/494 1384/620/494 815/1062/494
f 1859/1119/495 1574/1120/495 434/663/495
f 2203/1121/496 669/594/496 697/593/496
f 1850/1122/497 1621/1123/497 352/133/497
f 2062/1124/498 943/792/498 1697/1125/498
f 428/1126/499 1644/1127/499 1454/1128/499
f 2454/1129/500 714/1130/500 389/1131/500
f 1392/1132/501 414/1133/501 1838/1134/501
f 606/1135/502 739/1136/502 355/1137/502
f 32/1138/503 729/397/503 2140/1139/503
f 804/129/504 2191/193/504 459/256/504
f 1466/455/505 1838/1134/505 132/1140/505
f 217/1141/506 30/1142/506 1163/222/506
f 948/1143/507 200/1144/507 2155/1064/507
f 753/1145/508 2417/1146/508 332/1147/508
f 2489/1148/509 2090/829/509 204/1149/509
f 1081/177/510 1096/1150/510 2464/1151/510
f 135/493/511 1389/1152/511 861/1116/511
f 900/1153/512 487/69/512 2262/338/512
f 257/615/513 1365/1154/513 1093/614/513
f 2239/1155/514 2233/1156/514 313/258/514
f 1447/1157/515 2077/1158/515 959/1159/515
f 2248/1160/516 447/1161/516 1292/1162/516
f 1090/1163/517 1262/1164/517 1181/1165/517
f 416/1166/518 2584/1167/518 1463/1168/518
f 786/1169/519 1725/144/519 1712/653/519
f 1103/481/520 1078/428/520 719/430/520
f 338/224/521 815/1062/521 2499/1170/521
f 1770/323/522 1017/225/522 1874/1171/522
f 2295/1172/523 1214/1173/523 2103/1174/523
f 1705/1175/524 1672/1176/524 79/1177/524
f 2080/644/525 794/1178/525 1407/367/525
f 794/1178/526 2080/644/526 1814/1179/526
f 1827/1180/527 766/799/527 1679/1181/527
f 1636/270/528 465/1182/528 341/1183/528
f 96/1184/529 158/1185/529 14/1186/529
f 2259/128/530 1734/1187/530 567/456/530
f 2188/795/531 1094/890/531 1208/889/531
f 1417/1098/532 1595/1100/532 1144/361/532
f 1116/1188/533 2565/1189/533 2174/787/533
f 2340/164/534 663/1190/534 1153/957/534
f 2085/1191/535 2388/1192/535 1581/312/535
f 2504/349/536 162/348/536 1209/1193/536
f 1052/1194/537 64/1195/537 243/439/537
f 307/882/538 1310/688/538 1327/723/538
f 2532/101/539 932/1196/539 492/1197/539
f 13/757/540 789/1198/540 2176/758/540
f 672/871/541 310/675/541 1320/331/541
f 6/589/542 1347/591/542 413/1199/542
f 975/408/543 1374/1200/543 657/1201/543
f 1339/1202/544 1699/938/544 270/232/544
f 177/678/545 623/286/545 1905/1203/545
f 1479/1204/546 1478/1205/546 1222/1206/546
f 1657/441/547 777/1207/547 424/1208/547
f 2145/1209/548 396/1017/548 1524/1210/548
f 457/1211/549 555/1212/549 624/502/549
f 2391/86/550 611/108/550 1152/1213/550
f 1401/835/551 553/946/551 973/945/551
f 130/1214/552 385/1061/552 2069/1215/552
f 1434/1216/553 1875/742/553 1918/1217/553
f 1790/1218/554 1828/288/554 1965/1219/554
f 85/206/555 1401/835/555 973/945/555
f 1404/1220/556 1031/251/556 842/247/556
f 547/51/557 2104/1221/557 1150/52/557
f 633/851/558 617/1030/558 531/1222/558
f 465/1182/559 1636/270/559 1110/269/559
f 2238/1223/560 67/1224/560 930/1225/560
f 1974/768/561 646/770/561 985/1226/561
f 151/84/562 190/278/562 1301/280/562
f 1028/1227/563 699/76/563 1270/617/563
f 2023/1228/564 559/1229/564 1756/1230/564
f 1902/354/565 2135/1003/565 2273/226/565
f 2165/1231/566 1383/1232/566 1631/1233/566
f 1248/1074/567 966/706/567 2073/1234/567
f 1090/1163/568 1181/1165/568 2518/895/568
f 2317/292/569 104/291/569 2199/1235/569
f 1/568/570 639/1236/570 2569/569/570
f 1860/539/571 1434/1216/571 361/344/571
f 2339/216/572 1826/1237/572 1393/214/572
f 1872/1238/573 1533/513/573 1796/515/573
f 1317/1239/574 1476/1240/574 1748/1241/574
f 1476/1240/575 683/1242/575 2350/1243/575
f 214/1244/576 811/627/576 358/1245/576
f 1371/931/577 924/1246/577 1459/932/577
f 2505/1247/578 2031/1248/578 1317/1239/578
f 338/224/579 302/1249/579 1017/225/579
f 2504/349/580 1209/1193/580 1361/1250/580
f 1689/1251/581 436/1252/581 1972/260/581
f 146/1253/582 188/735/582 1854/1254/582
f 479/39/583 2257/1255/583 2501/1256/583
f 970/1257/584 2263/465/584 2152/467/584
f 2032/321/585 704/466/585 1018/1258/585
f 2294/623/586 433/1259/586 1543/131/586
f 635/1260/587 2332/1261/587 669/594/587
f 891/1262/588 1277/1263/588 2389/935/588
f 1107/324/589 1770/323/589 1531/750/589
f 597/135/590 392/134/590 2356/1264/590
f 871/822/591 1450/824/591 823/1265/591
f 1170/989/592 2256/1266/592 2259/128/592
f 643/950/593 487/69/593 900/1153/593
f 131/1267/594 1270/617/594 1975/616/594
f 137/1268/595 154/1269/595 1309/1270/595
f 953/65/596 1560/1271/596 1732/1272/596
f 1555/121/597 1569/1273/597 1528/119/597
f 778/1274/598 1605/1275/598 2189/1276/598
f 1975/616/599 357/1277/599 131/1267/599
f 2436/1278/600 1257/187/600 2267/264/600
f 1523/189/601 1508/1279/601 1484/1280/601
f 1285/1281/602 264/374/602 1749/1282/602
f 1632/803/603 1903/802/603 1341/1283/603
f 534/1284/604 1383/1232/604 963/1285/604
f 27/1286/605 2123/1287/605 2127/1288/605
f 245/1289/606 711/1290/606 481/1291/606
f 1392/1132/607 1454/1128/607 1644/1127/607
f 2403/158/608 983/611/608 1309/1270/608
f 2403/158/609 1559/605/609 743/159/609
f 1335/763/610 2080/644/610 1113/628/610
f 2230/1292/611 2363/259/611 879/1293/611
f 141/1294/612 2412/1295/612 694/1296/612
f 1035/1297/613 541/1298/613 1424/1299/613
f 1940/294/614 321/296/614 2538/1300/614
f 2228/1301/615 1690/1302/615 2039/979/615
f 1226/1303/616 1312/83/616 1241/1304/616
f 2242/1305/617 499/1306/617 2116/303/617
f 397/399/618 737/418/618 2013/1307/618
f 2098/1308/619 2038/1309/619 1164/1310/619
f 435/1311/620 1010/199/620 1174/310/620
f 157/1094/621 156/603/621 1589/1312/621
f 1418/1313/622 111/1314/622 868/1315/622
f 2282/1316/623 1582/1317/623 1356/1318/623
f 204/1149/624 2090/829/624 65/831/624
f 1443/1319/625 1192/830/625 2458/1320/625
f 1667/1321/626 1049/1322/626 456/1323/626
f 1341/1283/627 443/1324/627 1632/803/627
f 1670/1325/628 1225/1326/628 1821/1327/628
f 2356/1264/629 128/1328/629 1714/1329/629
f 816/1330/630 2263/465/630 113/1331/630
f 123/1332/631 1800/1333/631 1726/1334/631
f 986/940/632 2375/233/632 270/232/632
f 2065/1335/633 1857/1336/633 105/1337/633
f 862/457/634 760/810/634 596/811/634
f 835/651/635 1938/746/635 1189/1338/635
f 1342/1339/636 1544/82/636 2470/1340/636
f 360/38/637 723/727/637 7/1341/637
f 2521/1342/638 2140/1139/638 2452/1343/638
f 76/1344/639 62/356/639 1299/355/639
f 914/1345/640 462/327/640 598/326/640
f 579/552/641 2207/528/641 1793/879/641
f 64/1195/642 1947/1346/642 584/1347/642
f 461/985/643 1271/1348/643 1778/986/643
f 1588/1021/644 2478/1020/644 1722/1349/644
f 839/1350/645 2187/90/645 2170/92/645
f 68/1049/646 354/1351/646 2157/1352/646
f 473/1353/647 1080/645/647 37/1354/647
f 757/1355/648 2307/1356/648 758/1357/648
f 2552/1358/649 2318/1359/649 1677/1360/649
f 321/296/650 2121/295/650 1375/897/650
f 902/953/651 1305/954/651 1937/1361/651
f 1060/1362/652 2227/1363/652 495/1364/652
f 2170/92/653 571/865/653 1779/1365/653
f 1629/74/654 2002/73/654 2335/1366/654
f 1947/1346/655 1371/931/655 475/1367/655
f 642/755/656 2346/1368/656 481/1291/656
f 2315/1369/657 1251/1370/657 1185/1371/657
f 2286/1372/658 2059/1373/658 468/1374/658
f 1655/1375/659 1005/314/659 1901/110/659
f 432/1376/660 1191/1054/660 1619/1052/660
f 2372/1377/661 49/1378/661 77/1379/661
f 1753/1380/662 1966/1381/662 1921/1382/662
f 1888/1383/663 1075/1384/663 209/1385/663
f 1143/1386/664 1659/248/664 2168/848/664
f 7/1341/665 1410/726/665 2438/1387/665
f 2000/1388/666 128/1328/666 20/1389/666
f 2484/1390/667 2437/1391/667 299/1392/667
f 2252/358/668 2030/809/668 2473/1393/668
f 851/275/669 1230/1394/669 1810/276/669
f 917/1395/670 1902/354/670 351/353/670
f 1404/1220/671 1608/252/671 1031/251/671
f 2383/1396/672 1015/1085/672 1834/1397/672
f 134/1398/673 495/1364/673 1139/921/673
f 1410/726/674 494/1399/674 2438/1387/674
f 2345/1400/675 53/1401/675 1741/1402/675
f 2413/1403/676 380/1404/676 142/1405/676
f 1551/70/677 1021/1406/677 382/71/677
f 333/1407/678 1039/200/678 1710/1408/678
f 885/1013/679 1222/1206/679 513/514/679
f 2023/1228/680 1645/1409/680 559/1229/680
f 2540/1410/681 2414/380/681 933/778/681
f 531/1222/682 617/1030/682 55/1411/682
f 1930/526/683 1126/1412/683 540/122/683
f 187/448/684 995/535/684 1275/534/684
f 2227/1363/685 2244/1413/685 495/1364/685
f 1834/1397/686 2390/721/686 496/720/686
f 505/1414/687 158/1185/687 1202/468/687
f 1518/1415/688 672/871/688 1106/873/688
f 2026/583/689 577/330/689 274/584/689
f 2369/1416/690 2219/1040/690 644/814/690
f 2076/1417/691 673/1418/691 71/1419/691
f 730/1420/692 2544/1421/692 1104/1422/692
f 269/588/693 226/1423/693 722/497/693
f 1898/1424/694 1111/1425/694 477/1426/694
f 340/180/695 887/179/695 2132/1427/695
f 1801/1428/696 204/1149/696 2078/1429/696
f 2465/1430/697 1245/1431/697 289/198/697
f 2392/392/698 2376/28/698 2519/1432/698
f 1966/1381/699 1891/1433/699 11/370/699
f 1978/172/700 1895/1434/700 1488/173/700
f 1892/386/701 283/753/701 642/755/701
f 2124/1435/702 1382/1436/702 1063/1437/702
f 2231/1438/703 1469/336/703 227/1439/703
f 117/1440/704 1302/1441/704 1439/646/704
f 1276/1442/705 381/1443/705 1065/49/705
f 1099/1444/706 515/438/706 1093/614/706
f 545/582/707 768/1445/707 1395/1446/707
f 358/1245/708 1650/507/708 137/1268/708
f 1208/889/709 234/888/709 1681/1447/709
f 1035/1297/710 1300/1448/710 541/1298/710
f 864/1449/711 105/1337/711 1981/1450/711
f 1560/1271/712 2380/208/712 369/207/712
f 1484/1280/713 2515/1451/713 2463/1452/713
f 1379/1453/714 1296/1454/714 47/1455/714
f 148/1456/715 362/1457/715 2004/1458/715
f 286/99/716 1640/881/716 1967/100/716
f 1985/1459/717 1824/1460/717 1125/729/717
f 1962/1009/718 2357/72/718 1629/74/718
f 1203/246/719 1035/1297/719 2240/1461/719
f 1607/1462/720 2233/1156/720 2239/1155/720
f 1189/1338/721 1842/1463/721 835/651/721
f 541/1298/722 2022/1464/722 1211/104/722
f 2008/1465/723 512/60/723 1338/1466/723
f 1290/1467/724 2085/1191/724 1581/312/724
f 1428/1468/725 1679/1181/725 1047/544/725
f 1068/1469/726 295/1470/726 2378/793/726
f 2134/87/727 2451/1471/727 2016/1472/727
f 554/1473/728 1760/1474/728 614/1475/728
f 306/599/729 2559/1476/729 2542/1477/729
f 37/1354/730 1398/1478/730 779/1479/730
f 1497/512/731 1826/1237/731 2066/1480/731
f 1860/539/732 297/343/732 309/540/732
f 886/1481/733 639/1236/733 1/568/733
f 1109/551/734 2200/852/734 445/47/734
f 132/1140/735 1763/561/735 1503/1482/735
f 573/1483/736 2055/943/736 374/503/736
f 873/427/737 1018/1258/737 816/1330/737
f 521/1484/738 1389/1152/738 1134/817/738
f 805/1485/739 1084/299/739 547/51/739
f 699/76/740 267/1099/740 1417/1098/740
f 43/525/741 1930/526/741 17/124/741
f 415/274/742 594/1486/742 1823/272/742
f 2277/955/743 1753/1380/743 1059/749/743
f 215/1056/744 1601/483/744 682/482/744
f 1688/168/745 2377/699/745 2037/169/745
f 613/964/746 2052/1487/746 1269/1488/746
f 1751/1489/747 253/1490/747 1631/1233/747
f 2301/1491/748 2147/622/748 569/1078/748
f 1797/4/749 1848/6/749 1363/220/749
f 2472/1492/750 2/1493/750 2480/1494/750
f 863/1495/751 2239/1155/751 1603/257/751
f 2065/1335/752 105/1337/752 55/1411/752
f 2412/1295/753 2352/705/753 694/1296/753
f 918/1068/754 2015/25/754 1935/27/754
f 450/1496/755 627/849/755 229/1497/755
f 1308/1498/756 102/407/756 1215/1499/756
f 1096/1150/757 1022/578/757 2464/1151/757
f 1561/577/758 2464/1151/758 1022/578/758
f 1802/1500/759 578/1501/759 1833/1502/759
f 1734/1187/760 1358/1503/760 567/456/760
f 199/1504/761 18/1505/761 1674/1506/761
f 83/345/762 1002/1507/762 1934/1508/762
f 2571/1509/763 2072/736/763 1449/1510/763
f 906/1511/764 508/1067/764 1654/1069/764
f 633/851/765 531/1222/765 89/725/765
f 243/439/766 64/1195/766 584/1347/766
f 323/480/767 29/170/767 1946/165/767
f 817/115/768 1585/1512/768 874/113/768
f 399/183/769 872/1513/769 365/1514/769
f 1302/1441/770 1477/474/770 222/990/770
f 409/1515/771 1255/1516/771 1456/1517/771
f 939/1518/772 2279/1519/772 311/1520/772
f 906/1511/773 1885/1521/773 1610/1522/773
f 2109/1523/774 591/123/774 2549/1524/774
f 2379/1525/775 2544/1421/775 730/1420/775
f 2122/120/776 1682/1526/776 1555/121/776
f 302/1249/777 2499/1170/777 2281/1527/777
f 1857/1336/778 2175/1528/778 1981/1450/778
f 407/262/779 2249/914/779 734/538/779
f 1331/1529/780 148/1456/780 261/236/780
f 1377/1530/781 430/1531/781 2064/1532/781
f 2301/1491/782 433/1259/782 2294/623/782
f 1771/150/783 2416/1533/783 2565/1189/783
f 89/725/784 723/727/784 633/851/784
f 908/1534/785 664/1535/785 96/1184/785
f 259/1536/786 2197/1537/786 488/1538/786
f 975/408/787 709/780/787 1489/779/787
f 1253/1539/788 216/59/788 1892/386/788
f 1650/507/789 154/1269/789 137/1268/789
f 1912/1540/790 1676/1541/790 1350/1542/790
f 467/1543/791 1676/1541/791 1912/1540/791
f 2236/1544/792 2194/1545/792 1062/1546/792
f 745/126/793 1106/873/793 1413/127/793
f 291/794/794 233/683/794 1643/1547/794
f 332/1147/795 378/1548/795 753/1145/795
f 1148/1549/796 677/1550/796 2226/106/796
f 1481/1551/797 1400/1552/797 1879/308/797
f 1725/144/798 1886/1553/798 759/609/798
f 1948/1554/799 2214/1555/799 1200/1556/799
f 1909/992/800 2548/1557/800 607/993/800
f 340/180/801 441/1558/801 573/1483/801
f 495/1364/802 134/1398/802 437/1559/802
f 209/1385/803 783/610/803 244/1560/803
f 628/1561/804 72/1562/804 1607/1462/804
f 623/286/805 1224/285/805 478/1563/805
f 760/810/806 1886/1553/806 2366/211/806
f 2168/848/807 1628/1564/807 125/42/807
f 2258/530/808 1230/1394/808 1917/41/808
f 1229/1565/809 1571/880/809 286/99/809
f 989/433/810 1548/1566/810 1830/1567/810
f 1825/1568/811 1778/986/811 1271/1348/811
f 1485/823/812 504/1569/812 1450/824/812
f 1316/1570/813 2275/1571/813 390/1572/813
f 936/745/814 1527/1573/814 1189/1338/814
f 1470/404/815 1527/1573/815 2108/403/815
f 1973/1014/816 2474/969/816 50/1015/816
f 337/335/817 1177/1574/817 1469/336/817
f 2311/1575/818 631/669/818 811/627/818
f 1556/1044/819 2246/884/819 2426/942/819
f 2496/1576/820 457/1211/820 458/684/820
f 74/1577/821 552/1578/821 1350/1542/821
f 869/1579/822 2156/1580/822 2058/767/822
f 1001/887/823 486/886/823 503/1581/823
f 1545/912/824 2054/929/824 2162/913/824
f 228/1582/825 752/494/825 2509/1583/825
f 2020/1584/826 1830/1567/826 1660/1113/826
f 2150/1585/827 638/1586/827 2447/1587/827
f 513/514/828 1222/1206/828 1478/1205/828
f 1635/1588/829 2122/120/829 1427/724/829
f 2500/24/830 2525/1589/830 562/1590/830
f 603/1026/831 1465/1591/831 1149/1592/831
f 733/347/832 867/1593/832 269/588/832
f 262/94/833 1487/1594/833 58/1095/833
f 405/1595/834 2361/1596/834 1427/724/834
f 1482/1597/835 859/1598/835 908/1534/835
f 2288/1599/836 2093/1600/836 2290/1601/836
f 2155/1064/837 1709/1066/837 1357/1602/837
f 2517/1603/838 849/1604/838 2353/105/838
f 1817/1605/839 213/1606/839 2083/1607/839
f 950/1608/840 444/1609/840 1430/1610/840
f 1011/1611/841 545/582/841 1943/704/841
f 1230/1394/842 2119/894/842 272/1612/842
f 1080/645/843 33/1613/843 576/1614/843
f 2529/997/844 2357/72/844 703/1615/844
f 1903/802/845 741/1616/845 2563/1617/845
f 957/659/846 1170/989/846 2512/255/846
f 1149/1592/847 167/218/847 2268/217/847
f 1523/189/848 2225/625/848 1508/1279/848
f 1967/100/849 2126/1618/849 932/1196/849
f 1299/355/850 2087/1619/850 1807/1620/850
f 1034/372/851 641/1621/851 1114/373/851
f 2398/523/852 2190/522/852 1062/1546/852
f 314/1622/853 2241/1623/853 653/1624/853
f 903/1625/854 1397/1626/854 1950/1627/854
f 1433/1628/855 947/1629/855 2209/1630/855
f 1916/1631/856 2444/557/856 1960/556/856
f 1121/730/857 2001/933/857 1459/932/857
f 2034/585/858 1506/1632/858 1855/1633/858
f 1283/1634/859 1719/740/859 836/1635/859
f 2157/1352/860 1999/1636/860 2101/1637/860
f 2320/1638/861 1280/1639/861 2029/1640/861
f 2015/25/862 4/656/862 2162/913/862
f 2216/521/863 419/1641/863 2190/522/863
f 2536/978/864 222/990/864 1980/1642/864
f 513/514/865 1973/1014/865 885/1013/865
f 332/1147/866 1014/1092/866 2502/1643/866
f 2347/1023/867 1842/1463/867 1527/1573/867
f 1842/1463/868 2347/1023/868 1829/1644/868
f 1789/1645/869 934/1646/869 1391/790/869
f 585/235/870 362/1457/870 1331/1529/870
f 2225/625/871 987/624/871 939/1518/871
f 1392/1132/872 1644/1127/872 1871/1011/872
f 974/1647/873 814/3/873 671/1648/873
f 2014/378/874 203/1107/874 751/1106/874
f 911/1649/875 1050/1650/875 1628/1564/875
f 1790/1218/876 935/681/876 1329/1651/876
f 1319/909/877 1308/1498/877 2516/1652/877
f 1745/1653/878 2367/1654/878 1989/1655/878
f 2034/585/879 142/1405/879 1558/559/879
f 695/1045/880 2426/942/880 100/1656/880
f 296/1657/881 141/1294/881 694/1296/881
f 692/1658/882 1792/1659/882 849/1604/882
f 983/611/883 159/1660/883 1309/1270/883
f 1530/1661/884 902/953/884 109/1662/884
f 827/1663/885 631/669/885 1499/671/885
f 220/1664/886 536/1665/886 1045/1666/886
f 1544/82/887 164/78/887 16/952/887
f 540/122/888 17/124/888 1930/526/888
f 1023/1667/889 1784/1668/889 912/1669/889
f 698/1670/890 1509/1671/890 2224/1672/890
f 227/1439/891 589/462/891 422/1673/891
f 2011/1674/892 914/1345/892 598/326/892
f 1836/398/893 1124/175/893 2113/995/893
f 2385/1675/894 1037/695/894 1609/697/894
f 1432/147/895 788/146/895 1786/316/895
f 411/511/896 424/1208/896 1497/512/896
f 1025/773/897 2498/772/897 2482/1676/897
f 642/755/898 149/1677/898 2371/1678/898
f 2522/919/899 27/1286/899 1311/1679/899
f 1234/1680/900 2387/1681/900 1128/1682/900
f 225/1683/901 1126/1412/901 1930/526/901
f 1545/912/902 193/1684/902 1402/1685/902
f 664/1535/903 1263/297/903 805/1485/903
f 1061/1686/904 1071/991/904 2044/1687/904
f 2109/1523/905 252/766/905 1735/411/905
f 1029/1688/906 2465/1430/906 370/197/906
f 648/1689/907 71/1419/907 778/1274/907
f 2567/151/908 1771/150/908 2039/979/908
f 552/1578/909 508/1067/909 906/1511/909
f 1141/1690/910 1634/1691/910 2575/1692/910
f 1805/1693/911 520/1694/911 454/1695/911
f 1412/1696/912 599/1697/912 1924/1088/912
f 2185/1698/913 433/1259/913 2301/1491/913
f 1227/1048/914 652/1047/914 1440/1699/914
f 794/1178/915 1420/1700/915 1407/367/915
f 421/1701/916 1986/1702/916 2160/680/916
f 2468/1703/917 2252/358/917 940/1704/917
f 532/1705/918 990/1706/918 1063/1437/918
f 888/1707/919 1379/1453/919 2460/1708/919
f 1435/1709/920 2098/1308/920 1164/1310/920
f 2494/318/921 1265/317/921 73/834/921
f 1037/695/922 1783/1710/922 1881/1711/922
f 2220/698/923 438/1712/923 133/1713/923
f 449/1714/924 1136/1715/924 2336/435/924
f 2156/1580/925 451/1716/925 1297/1717/925
f 954/800/926 1722/1349/926 2478/1020/926
f 363/1718/927 1112/1719/927 516/1720/927
f 2180/1721/928 1464/1722/928 1070/1038/928
f 1832/440/929 44/1723/929 257/615/929
f 1704/309/930 1879/308/930 1140/1724/930
f 1158/1725/931 2166/791/931 2241/1623/931
f 546/1726/932 795/1075/932 124/1727/932
f 520/1694/933 348/1728/933 1665/1729/933
f 746/828/934 1580/1730/934 1516/1731/934
f 1583/1732/935 930/1225/935 2052/1487/935
f 1917/41/936 1230/1394/936 404/20/936
f 1605/1275/937 673/1418/937 842/247/937
f 2472/1492/938 1033/1733/938 2/1493/938
f 1024/1734/939 1452/161/939 24/163/939
f 551/630/940 1587/629/940 345/1735/940
f 1533/513/941 1973/1014/941 513/514/941
f 1776/1736/942 291/794/942 588/1016/942
f 959/1159/943 718/1737/943 2493/1738/943
f 626/1739/944 1694/1740/944 365/1514/944
f 1852/305/945 2459/219/945 928/306/945
f 2006/1741/946 24/163/946 2396/806/946
f 1157/1742/947 2570/1743/947 1705/1175/947
f 549/1744/948 376/797/948 86/796/948
f 754/1745/949 2279/1519/949 964/1746/949
f 2348/1747/950 542/1748/950 680/815/950
f 18/1505/951 483/1749/951 2309/364/951
f 2048/1750/952 139/1039/952 1985/1459/952
f 1978/172/953 2042/1751/953 1895/1434/953
f 883/994/954 969/447/954 707/1752/954
f 1152/1213/955 1669/1753/955 1374/1200/955
f 471/171/956 2358/1754/956 1120/1755/956
f 251/786/957 445/47/957 500/46/957
f 759/609/958 760/810/958 1333/1756/958
f 660/1757/959 2246/884/959 1556/1044/959
f 1190/1758/960 1025/773/960 461/985/960
f 1681/1447/961 234/888/961 35/1759/961
f 707/1752/962 969/447/962 1671/446/962
f 1733/1760/963 1535/1761/963 1761/1762/963
f 1839/1763/964 1697/1764/964 2441/1765/964
f 555/1212/965 457/1211/965 2229/1766/965
f 1665/1729/966 120/351/966 1907/350/966
f 2013/1307/967 737/418/967 684/417/967
f 1389/1152/968 135/493/968 1381/1767/968
f 70/1768/969 497/1769/969 1076/1770/969
f 1889/1771/970 1578/1772/970 2491/14/970
f 1143/1386/971 627/849/971 450/1496/971
f 2296/495/972 650/477/972 710/496/972
f 1186/1773/973 1719/740/973 982/734/973
f 2283/1774/974 1585/1512/974 2060/1775/974
f 352/133/975 266/1776/975 1543/131/975
f 402/510/976 406/1777/976 1564/1778/976
f 2445/1118/977 1900/1117/977 372/1779/977
f 2219/1040/978 1663/1780/978 1755/1781/978
f 774/66/979 32/1138/979 2521/1342/979
f 1370/505/980 2086/504/980 549/1744/980
f 757/1355/981 1929/1782/981 2307/1356/981
f 778/1274/982 576/1614/982 648/1689/982
f 800/1783/983 2333/1031/983 617/1030/983
f 946/9/984 1559/605/984 560/7/984
f 441/1558/985 340/180/985 1295/1784/985
f 906/1511/986 779/1479/986 1885/1521/986
f 1926/1785/987 47/1455/987 1696/737/987
f 522/1786/988 824/764/988 174/1787/988
f 291/794/989 1776/1736/989 2188/795/989
f 965/1788/990 2367/1654/990 1745/1653/990
f 1530/1661/991 354/1351/991 68/1049/991
f 2456/1789/992 2209/1630/992 288/1790/992
f 810/1791/993 244/1560/993 783/610/993
f 480/1792/994 632/1793/994 645/1794/994
f 1326/1795/995 2359/1796/995 1982/1797/995
f 2186/621/996 955/1798/996 2091/1799/996
f 786/1169/997 1960/556/997 1886/1553/997
f 950/1608/998 1430/1610/998 268/1800/998
f 1428/1468/999 850/572/999 275/571/999
f 2166/791/1000 1158/1801/1000 431/1802/1000
f 665/751/1001 1959/825/1001 1457/1803/1001
f 812/1036/1002 1238/1034/1002 1000/1033/1002
f 2385/1675/1003 1609/697/1003 187/448/1003
f 1841/1804/1004 461/985/1004 2305/975/1004
f 2432/896/1005 1806/1112/1005 1375/897/1005
f 1764/754/1006 2306/1805/1006 1460/1806/1006
f 1801/1428/1007 248/877/1007 98/1807/1007
f 588/1016/1008 291/794/1008 1643/1547/1008
f 989/433/1009 1830/1567/1009 2169/229/1009
f 2397/517/1010 449/1714/1010 1487/1594/1010
f 1301/280/1011 1086/618/1011 151/84/1011
f 793/841/1012 2400/1808/1012 533/898/1012
f 531/1222/1013 55/1411/1013 470/1809/1013
f 45/471/1014 1889/1771/1014 619/1810/1014
f 1638/541/1015 1773/1811/1015 1856/743/1015
f 186/1812/1016 2061/1813/1016 19/1814/1016
f 427/1815/1017 973/945/1017 904/1816/1017
f 2454/1129/1018 389/1131/1018 1252/844/1018
f 1091/1817/1019 1122/1818/1019 1050/1650/1019
f 735/1819/1020 618/1820/1020 1511/1821/1020
f 550/1822/1021 1286/1823/1021 1370/505/1021
f 1397/1626/1022 123/1332/1022 467/1543/1022
f 2387/1681/1023 217/1141/1023 1128/1682/1023
f 2365/1824/1024 303/1825/1024 2063/1826/1024
f 842/247/1025 1739/1827/1025 1659/248/1025
f 1826/1237/1026 777/1207/1026 182/1828/1026
f 608/1829/1027 175/670/1027 420/1830/1027
f 949/1831/1028 15/1832/1028 1853/1833/1028
f 2014/378/1029 401/205/1029 203/1107/1029
f 1578/1772/1030 333/1407/1030 1710/1408/1030
f 1816/1834/1031 1615/1835/1031 165/1836/1031
f 544/426/1032 526/939/1032 873/427/1032
f 642/755/1033 1764/754/1033 149/1677/1033
f 2463/1452/1034 1319/909/1034 1145/10/1034
f 2521/1342/1035 1082/1837/1035 774/66/1035
f 1368/340/1036 339/1838/1036 1323/1839/1036
f 395/771/1037 84/781/1037 244/1560/1037
f 735/1819/1038 315/1840/1038 2341/1841/1038
f 2395/245/1039 1905/1203/1039 1203/246/1039
f 2559/1476/1040 306/599/1040 1222/1206/1040
f 2275/1571/1041 1236/1842/1041 2325/1843/1041
f 1185/1371/1042 607/993/1042 2548/1557/1042
f 2448/1844/1043 1455/1845/1043 9/1846/1043
f 846/1847/1044 1998/1848/1044 970/1257/1044
f 1343/988/1045 526/939/1045 1699/938/1045
f 1233/1849/1046 1751/1489/1046 2418/267/1046
f 1312/83/1047 1282/951/1047 1648/959/1047
f 1294/273/1048 1823/272/1048 2522/919/1048
f 261/236/1049 326/947/1049 2030/809/1049
f 159/1660/1050 1075/1384/1050 358/1245/1050
f 2089/1850/1051 2523/1851/1051 1648/959/1051
f 2018/1852/1052 2421/1853/1052 1718/1854/1052
f 587/50/1053 1065/49/1053 381/1443/1053
f 2077/1158/1054 718/1737/1054 959/1159/1054
f 2434/1855/1055 1391/790/1055 1678/1856/1055
f 962/1857/1056 153/1858/1056 1982/1797/1056
f 1315/893/1057 2407/674/1057 272/1612/1057
f 985/1226/1058 894/775/1058 1332/1859/1058
f 1563/1860/1059 1970/1861/1059 1498/1862/1059
f 1443/1319/1060 2531/239/1060 519/1863/1060
f 978/1864/1061 1952/1865/1061 2216/521/1061
f 1565/357/1062 1377/1530/1062 2129/237/1062
f 541/1298/1063 1211/104/1063 223/861/1063
f 828/1866/1064 1729/1867/1064 1672/1176/1064
f 2098/1308/1065 2149/1868/1065 423/1869/1065
f 2247/298/1066 938/908/1066 1355/902/1066
f 1258/1870/1067 1388/918/1067 1823/272/1067
f 2032/321/1068 829/1871/1068 704/466/1068
f 2398/523/1069 640/1872/1069 1342/1339/1069
f 653/1624/1070 1391/790/1070 934/1646/1070
f 2100/301/1071 46/668/1071 280/302/1071
f 413/1199/1072 2474/969/1072 1533/513/1072
f 1000/1033/1073 1928/1873/1073 220/1664/1073
f 350/748/1074 343/711/1074 57/846/1074
f 1814/1179/1075 2080/644/1075 1335/763/1075
f 2516/1652/1076 1308/1498/1076 1215/1499/1076
f 1593/804/1077 834/1108/1077 1416/117/1077
f 1580/1730/1078 2199/1235/1078 104/291/1078
f 1626/1874/1079 2376/28/1079 1793/879/1079
f 754/1745/1080 828/1866/1080 1693/648/1080
f 2329/1875/1081 1672/1176/1081 2570/1743/1081
f 1169/1876/1082 1817/1605/1082 1621/1123/1082
f 15/1832/1083 328/1877/1083 1853/1833/1083
f 2168/848/1084 911/1649/1084 1628/1564/1084
f 291/794/1085 875/1878/1085 31/1879/1085
f 1439/646/1086 1080/645/1086 2189/1276/1086
f 1827/1180/1087 1613/573/1087 1722/1349/1087
f 852/1005/1088 1795/1880/1088 1602/1006/1088
f 419/1641/1089 1573/1881/1089 1345/1882/1089
f 1657/441/1090 424/1208/1090 411/511/1090
f 1182/1883/1091 1201/1884/1091 1809/1885/1091
f 1302/1441/1092 1133/1886/1092 629/1887/1092
f 110/1888/1093 552/1578/1093 1153/957/1093
f 2143/1889/1094 961/1079/1094 890/707/1094
f 2188/795/1095 198/948/1095 415/274/1095
f 1309/1270/1096 159/1660/1096 137/1268/1096
f 2081/1890/1097 2059/1373/1097 2286/1372/1097
f 691/277/1098 1810/276/1098 1303/1891/1098
f 1367/1892/1099 1473/57/1099 2537/1893/1099
f 1339/1202/1100 883/994/1100 661/520/1100
f 753/1145/1101 2053/1894/1101 2417/1146/1101
f 328/1877/1102 1932/1895/1102 256/547/1102
f 1967/100/1103 825/821/1103 2126/1618/1103
f 699/76/1104 913/1896/1104 267/1099/1104
f 2528/444/1105 534/1284/1105 63/1897/1105
f 1567/1898/1106 912/1669/1106 1534/91/1106
f 2486/1899/1107 1090/1163/1107 2518/895/1107
f 807/1900/1108 2218/1901/1108 2343/1902/1108
f 436/1252/1109 1333/1756/1109 862/457/1109
f 865/1903/1110 38/925/1110 2171/1904/1110
f 189/1905/1111 1156/1906/1111 2229/1766/1111
f 1673/904/1112 168/1907/1112 2454/1129/1112
f 1614/195/1113 559/1229/1113 566/196/1113
f 341/1183/1114 1444/1908/1114 1636/270/1114
f 2044/1687/1115 1071/991/1115 1597/1909/1115
f 315/1840/1116 735/1819/1116 1233/1849/1116
f 1418/1313/1117 868/1315/1117 2502/1643/1117
f 1964/8/1118 1387/1910/1118 717/1911/1118
f 40/974/1119 2217/1912/1119 2560/1913/1119
f 655/1914/1120 1232/1915/1120 1571/880/1120
f 729/397/1121 1213/112/1121 1617/1916/1121
f 165/1836/1122 1615/1835/1122 470/1809/1122
f 1311/1679/1123 875/1878/1123 1294/273/1123
f 2334/1917/1124 2184/1918/1124 2379/1525/1124
f 988/1919/1125 2434/1855/1125 1594/1920/1125
f 1796/515/1126 1478/1205/1126 1479/1204/1126
f 195/279/1127 100/1656/1127 1301/280/1127
f 877/40/1128 2392/392/1128 1318/1921/1128
f 905/626/1129 214/1244/1129 1075/1384/1129
f 1030/774/1130 1804/1922/1130 1105/741/1130
f 1057/1923/1131 2368/1924/1131 2355/1925/1131
f 1791/1926/1132 2362/1927/1132 2561/192/1132
f 2557/1928/1133 1747/1929/1133 2322/1930/1133
f 2362/1927/1134 1641/1931/1134 1867/1932/1134
f 2498/772/1135 244/1560/1135 810/1791/1135
f 88/916/1136 1759/915/1136 1155/1001/1136
f 2230/1292/1137 2413/1403/1137 1949/1933/1137
f 202/190/1138 1248/1074/1138 2073/1234/1138
f 1104/1422/1139 2544/1421/1139 2303/1934/1139
f 280/302/1140 1812/432/1140 319/300/1140
f 2213/827/1141 625/63/1141 746/828/1141
f 732/369/1142 1927/371/1142 1956/1935/1142
f 943/1936/1143 1798/1937/1143 2441/1765/1143
f 534/1284/1144 1538/1938/1144 63/1897/1144
f 483/1749/1145 2107/1939/1145 2309/364/1145
f 264/374/1146 1114/373/1146 2075/874/1146
f 317/488/1147 2204/1102/1147 1276/1442/1147
f 1440/1940/1148 652/1047/1148 115/543/1148
f 351/353/1149 2273/226/1149 2526/228/1149
f 155/1941/1150 2486/1899/1150 1858/1942/1150
f 830/1943/1151 290/1043/1151 1844/639/1151
f 369/207/1152 134/1398/1152 1560/1271/1152
f 2089/1850/1153 1313/812/1153 1955/1944/1153
f 1650/507/1154 631/669/1154 1775/508/1154
f 428/1126/1155 430/1531/1155 702/1945/1155
f 54/1946/1156 2376/28/1156 2392/392/1156
f 189/1905/1157 314/1947/1157 1156/1906/1157
f 1773/1811/1158 1105/741/1158 1856/743/1158
f 1643/1547/1159 233/683/1159 2246/884/1159
f 177/678/1160 2302/1948/1160 246/284/1160
f 2581/1949/1161 186/1812/1161 19/1814/1161
f 1732/1272/1162 2028/1950/1162 953/65/1162
f 874/113/1163 2283/1774/1163 162/348/1163
f 4/656/1164 2015/25/1164 918/1068/1164
f 2477/452/1165 2391/86/1165 1489/779/1165
f 2043/1951/1166 2035/1952/1166 8/1953/1166
f 2482/1676/1167 1703/1954/1167 1482/1597/1167
f 1616/1955/1168 2285/1956/1168 362/1457/1168
f 38/925/1169 1330/1957/1169 2171/1904/1169
f 2142/1958/1170 372/1779/1170 1900/1117/1170
f 285/1959/1171 347/1960/1171 2074/1961/1171
f 2508/1962/1172 1359/1963/1172 1548/1566/1172
f 1845/1964/1173 1435/1709/1173 2368/1924/1173
f 361/344/1174 1434/1216/1174 2120/1965/1174
f 844/1966/1175 843/1967/1175 1855/1633/1175
f 1136/1968/1176 387/1969/1176 570/1970/1176
f 1748/1241/1177 2145/1209/1177 1524/1210/1177
f 839/1350/1178 2170/92/1178 1779/1365/1178
f 1959/825/1179 886/1481/1179 1/568/1179
f 1766/1971/1180 2128/1972/1180 1945/1973/1180
f 2272/1974/1181 2353/105/1181 1792/1659/1181
f 1897/536/1182 2183/601/1182 157/1094/1182
f 1059/749/1183 1921/1382/1183 230/162/1183
f 725/1975/1184 654/1976/1184 1133/1886/1184
f 1922/1977/1185 1272/1978/1185 1415/1979/1185
f 1489/779/1186 1374/1200/1186 975/408/1186
f 788/146/1187 1598/863/1187 1786/316/1187
f 742/1980/1188 2231/1438/1188 1325/1981/1188
f 564/682/1189 221/1982/1189 420/1830/1189
f 1122/1818/1190 1739/1827/1190 34/1983/1190
f 1059/749/1191 1753/1380/1191 1921/1382/1191
f 2441/1765/1192 1697/1764/1192 943/1984/1192
f 39/789/1193 305/1985/1193 263/1986/1193
f 577/330/1194 2446/329/1194 2480/1494/1194
f 2390/721/1195 1834/1397/1195 793/841/1195
f 522/1786/1196 1696/737/1196 824/764/1196
f 2565/1189/1197 1116/1188/1197 516/1720/1197
f 1559/605/1198 946/9/1198 743/159/1198
f 1805/1693/1199 454/1695/1199 715/1987/1199
f 1056/1988/1200 2071/1989/1200 965/1788/1200
f 1315/893/1201 2305/975/1201 2407/674/1201
f 2564/1990/1202 1831/689/1202 2530/1991/1202
f 293/118/1203 927/1992/1203 2243/116/1203
f 572/783/1204 1344/501/1204 84/781/1204
f 816/1330/1205 2284/1993/1205 1769/1994/1205
f 1906/1995/1206 1677/1360/1206 2159/1996/1206
f 1456/1517/1207 2467/1997/1207 1918/1217/1207
f 144/328/1208 577/330/1208 2026/583/1208
f 2528/444/1209 899/443/1209 696/1024/1209
f 2269/88/1210 2134/87/1210 2016/1472/1210
f 1618/1998/1211 1456/1517/1211 1875/742/1211
f 65/831/1212 1504/1999/1212 204/1149/1212
f 929/858/1213 2377/699/1213 2220/698/1213
f 965/1788/1214 1758/2000/1214 2367/1654/1214
f 951/2001/1215 1567/1898/1215 2187/90/1215
f 2523/1851/1216 2089/1850/1216 384/903/1216
f 1083/634/1217 1176/2002/1217 724/632/1217
f 882/2003/1218 1398/1478/1218 1009/429/1218
f 2423/2004/1219 1138/679/1219 2161/2005/1219
f 2161/2005/1220 1138/679/1220 2221/2006/1220
f 1363/220/1221 1848/6/1221 1624/2007/1221
f 1479/1204/1222 306/599/1222 878/598/1222
f 2143/1889/1223 974/1647/1223 961/1079/1223
f 1729/1867/1224 79/1177/1224 1672/1176/1224
f 633/851/1225 1336/2008/1225 398/2009/1225
f 360/38/1226 2436/1278/1226 2267/264/1226
f 2393/883/1227 1528/119/1227 2235/2010/1227
f 852/1005/1228 1244/2011/1228 1795/1880/1228
f 728/944/1229 573/1483/1229 485/837/1229
f 171/2012/1230 403/2013/1230 1975/616/1230
f 835/651/1231 1448/2014/1231 1587/629/1231
f 1839/1763/1232 2441/1765/1232 1013/2015/1232
f 1114/373/1233 981/54/1233 2075/874/1233
f 1393/214/1234 1281/2016/1234 740/215/1234
f 1097/2017/1235 1808/2018/1235 2428/1055/1235
f 737/418/1236 1746/996/1236 853/419/1236
f 2029/1640/1237 1280/1639/1237 2510/2019/1237
f 2545/927/1238 498/315/1238 767/289/1238
f 2251/2020/1239 893/2021/1239 192/2022/1239
f 2371/1678/1240 149/1677/1240 2539/2023/1240
f 25/2024/1241 668/700/1241 426/702/1241
f 1915/139/1242 2304/68/1242 621/67/1242
f 158/1185/1243 805/1485/1243 547/51/1243
f 1353/2025/1244 2302/1948/1244 177/678/1244
f 1014/1092/1245 1803/1091/1245 2502/1643/1245
f 1708/2026/1246 1066/2027/1246 1990/148/1246
f 408/458/1247 1348/2028/1247 1468/2029/1247
f 2451/1471/1248 619/1810/1248 2291/13/1248
f 503/1581/1249 1950/1627/1249 1001/887/1249
f 699/76/1250 2271/2030/1250 913/1896/1250
f 768/1445/1251 770/784/1251 500/46/1251
f 1822/77/1252 1417/1098/1252 1691/360/1252
f 608/1829/1253 2033/2031/1253 228/1582/1253
f 1695/911/1254 2091/1799/1254 955/1798/1254
f 463/459/1255 408/458/1255 803/261/1255
f 463/459/1256 803/261/1256 1972/260/1256
f 986/940/1257 270/232/1257 1699/938/1257
f 1796/515/1258 513/514/1258 1478/1205/1258
f 810/1791/1259 605/2032/1259 1703/1954/1259
f 1228/2033/1260 1627/2034/1260 1797/4/1260
f 1865/2035/1261 527/633/1261 1698/2036/1261
f 400/2037/1262 520/1694/1262 2221/2006/1262
f 1029/1688/1263 106/2038/1263 944/2039/1263
f 1345/1882/1264 658/2040/1264 133/1713/1264
f 547/51/1265 1026/1046/1265 2104/1221/1265
f 931/156/1266 628/1561/1266 1607/1462/1266
f 1332/1859/1267 309/540/1267 602/2041/1267
f 1479/1204/1268 878/598/1268 902/953/1268
f 2208/2042/1269 1423/576/1269 1022/578/1269
f 2084/2043/1270 340/180/1270 2132/1427/1270
f 575/638/1271 383/2044/1271 1173/2045/1271
f 315/1840/1272 122/2046/1272 2341/1841/1272
f 1676/1541/1273 467/1543/1273 292/655/1273
f 1965/1219/1274 564/682/1274 935/681/1274
f 445/47/1275 325/2047/1275 1109/551/1275
f 1095/2048/1276 1740/661/1276 1854/1254/1276
f 1067/2049/1277 844/1966/1277 1142/2050/1277
f 2006/1741/1278 1575/805/1278 1430/1610/1278
f 1498/1862/1279 1970/1861/1279 992/1051/1279
f 2402/282/1280 1564/1778/1280 648/1689/1280
f 2479/2051/1281 553/946/1281 1174/310/1281
f 2229/1766/1282 1156/1906/1282 555/1212/1282
f 916/2052/1283 129/2053/1283 489/2054/1283
f 2120/1965/1284 1570/2055/1284 201/2056/1284
f 74/1577/1285 918/1068/1285 508/1067/1285
f 1919/153/1286 1754/2057/1286 2545/927/1286
f 1213/112/1287 716/111/1287 1617/1916/1287
f 1512/2058/1288 2411/2059/1288 87/2060/1288
f 1934/1508/1289 1002/1507/1289 1154/2061/1289
f 140/2062/1290 1538/1938/1290 963/1285/1290
f 1799/2063/1291 1351/869/1291 1340/870/1291
f 1271/1348/1292 908/1534/1292 1123/2064/1292
f 1692/667/1293 1912/1540/1293 1742/2065/1293
f 2219/1040/1294 1755/1781/1294 713/1041/1294
f 817/115/1295 1351/869/1295 2508/1962/1295
f 2549/1524/1296 826/2066/1296 1728/2067/1296
f 2072/736/1297 146/1253/1297 1221/2068/1297
f 2312/145/1298 994/608/1298 1266/2069/1298
f 21/733/1299 1272/1978/1299 1249/731/1299
f 2126/1618/1300 1858/1942/1300 2121/295/1300
f 1140/1724/1301 524/2070/1301 2409/2071/1301
f 342/636/1302 1721/36/1302 706/2072/1302
f 1962/1009/1303 703/1615/1303 2357/72/1303
f 409/1515/1304 1804/1922/1304 1030/774/1304
f 528/176/1305 1124/175/1305 1836/398/1305
f 1089/565/1306 1008/2073/1306 2490/566/1306
f 1057/1923/1307 1845/1964/1307 2368/1924/1307
f 2261/2074/1308 1803/1091/1308 1700/2075/1308
f 586/635/1309 160/637/1309 553/946/1309
f 1125/729/1310 2580/728/1310 2048/1750/1310
f 1033/1733/1311 138/400/1311 421/1701/1311
f 867/1593/1312 1243/531/1312 1229/1565/1312
f 963/1285/1313 1383/1232/1313 2165/1231/1313
f 1828/288/1314 173/998/1314 1126/1412/1314
f 1977/545/1315 1010/199/1315 435/1311/1315
f 1933/2076/1316 1849/2077/1316 2427/2078/1316
f 2103/1174/1317 1277/1263/1317 288/1790/1317
f 1486/2079/1318 1839/1763/1318 1013/2015/1318
f 470/1809/1319 2265/899/1319 1385/2080/1319
f 1209/1193/1320 9/1846/1320 1455/1845/1320
f 556/2081/1321 2087/1619/1321 2437/1391/1321
f 180/2082/1322 2187/90/1322 839/1350/1322
f 2173/341/1323 1368/340/1323 1707/2083/1323
f 2117/2084/1324 1904/2085/1324 1127/2086/1324
f 752/494/1325 386/2087/1325 197/492/1325
f 1096/1150/1326 1081/177/1326 567/456/1326
f 239/2088/1327 1307/2089/1327 1436/2090/1327
f 2298/2091/1328 1931/2092/1328 91/2093/1328
f 20/1389/1329 2138/2094/1329 2345/1400/1329
f 180/2082/1330 2394/2095/1330 559/1229/1330
f 923/2096/1331 1353/2025/1331 1100/2097/1331
f 1334/2098/1332 2505/1247/1332 1833/1502/1332
f 945/409/1333 1142/2050/1333 206/34/1333
f 1164/1310/1334 1171/2099/1334 1652/509/1334
f 1845/1964/1335 2098/1308/1335 1435/1709/1335
f 822/2100/1336 896/375/1336 260/2101/1336
f 375/960/1337 841/962/1337 585/235/1337
f 249/2102/1338 1943/704/1338 507/2103/1338
f 880/2104/1339 502/2105/1339 2564/1990/1339
f 256/547/1340 700/2106/1340 1853/1833/1340
f 700/2106/1341 256/547/1341 2096/549/1341
f 1815/2107/1342 87/2060/1342 1038/2108/1342
f 568/2109/1343 178/238/1343 1081/177/1343
f 1849/2077/1344 831/2110/1344 593/415/1344
f 2199/1235/1345 1599/1114/1345 1298/2111/1345
f 2436/1278/1346 7/1341/1346 2438/1387/1346
f 662/61/1347 512/60/1347 2178/2112/1347
f 689/32/1348 1097/2017/1348 237/2113/1348
f 465/1182/1349 1110/269/1349 533/898/1349
f 1487/1594/1350 449/1714/1350 1939/1096/1350
f 2212/287/1351 691/277/1351 916/2052/1351
f 230/162/1352 1921/1382/1352 535/1002/1352
f 1631/1233/1353 329/268/1353 1751/1489/1353
f 702/1945/1354 993/665/1354 1716/1012/1354
f 2555/2114/1355 1364/2115/1355 499/1306/1355
f 1231/1042/1356 1159/2116/1356 1777/498/1356
f 2360/2117/1357 1316/1570/1357 2515/1451/1357
f 192/2022/1358 1215/1499/1358 2251/2020/1358
f 674/2118/1359 509/2119/1359 163/2120/1359
f 1153/957/1360 552/1578/1360 323/480/1360
f 196/2121/1361 1882/548/1361 1406/2122/1361
f 2254/2123/1362 307/882/1362 504/1569/1362
f 2259/128/1363 1549/178/1363 804/129/1363
f 907/574/1364 120/351/1364 348/1728/1364
f 1378/612/1365 630/12/1365 1819/2124/1365
f 1362/673/1366 2019/2125/1366 791/2126/1366
f 1941/2127/1367 949/1831/1367 1812/432/1367
f 986/940/1368 1769/1994/1368 2375/233/1368
f 441/1558/1369 1295/1784/1369 1551/70/1369
f 1949/1933/1370 2399/506/1370 2230/1292/1370
f 341/1183/1371 282/2128/1371 1444/1908/1371
f 2514/2129/1372 1979/885/1372 1001/887/1372
f 406/1777/1373 402/510/1373 2076/1417/1373
f 1493/97/1374 152/96/1374 2365/1824/1374
f 1635/1588/1375 2040/2130/1375 2122/120/1375
f 1050/1650/1376 1122/1818/1376 1573/1881/1376
f 932/1196/1377 1864/2131/1377 52/1105/1377
f 1187/685/1378 458/684/1378 464/2132/1378
f 55/1411/1379 617/1030/1379 2065/1335/1379
f 2394/2095/1380 839/1350/1380 668/700/1380
f 162/348/1381 1647/2133/1381 1851/2134/1381
f 152/96/1382 2422/98/1382 2083/1607/1382
f 1359/1963/1383 2317/292/1383 1298/2111/1383
f 2517/1603/1384 2353/105/1384 2475/2135/1384
f 685/2136/1385 18/1505/1385 379/2137/1385
f 249/2102/1386 1011/1611/1386 1943/704/1386
f 1814/1179/1387 1335/763/1387 1207/762/1387
f 876/2138/1388 1822/77/1388 36/2139/1388
f 1380/847/1389 1132/307/1389 1538/1938/1389
f 358/1245/1390 811/627/1390 1650/507/1390
f 2411/2059/1391 429/29/1391 2376/28/1391
f 787/2140/1392 1207/762/1392 572/783/1392
f 222/990/1393 1161/2141/1393 1302/1441/1393
f 127/152/1394 2234/592/1394 592/2142/1394
f 845/2143/1395 238/227/1395 2273/226/1395
f 887/179/1396 555/1212/1396 1156/1906/1396
f 2322/1930/1397 1226/1303/1397 1241/1304/1397
f 1274/2144/1398 1904/2085/1398 2560/1913/1398
f 247/930/1399 1532/859/1399 278/253/1399
f 348/1728/1400 58/1095/1400 320/1097/1400
f 1289/2145/1401 976/2146/1401 1290/1467/1401
f 1511/1821/1402 618/1820/1402 1737/2147/1402
f 1970/1861/1403 2454/1129/1403 1252/844/1403
f 181/2148/1404 2323/2149/1404 1914/2150/1404
f 1753/1380/1405 1873/2151/1405 1966/1381/1405
f 259/1536/1406 488/1538/1406 2410/855/1406
f 650/477/1407 2296/495/1407 1589/1312/1407
f 29/170/1408 323/480/1408 880/2104/1408
f 815/1062/1409 1384/620/1409 2499/1170/1409
f 1197/11/1410 1319/909/1410 2516/1652/1410
f 861/1116/1411 1462/868/1411 2509/1583/1411
f 1549/178/1412 1953/89/1412 1204/2152/1412
f 103/839/1413 649/840/1413 122/2046/1413
f 2058/767/1414 2156/1580/1414 1297/1717/1414
f 884/658/1415 434/663/1415 1349/2153/1415
f 1158/2154/1416 94/2155/1416 367/2156/1416
f 1862/396/1417 1655/1375/1417 1213/112/1417
f 842/247/1418 1031/251/1418 1739/1827/1418
f 1942/2157/1419 1264/2158/1419 1339/1202/1419
f 489/2054/1420 285/1959/1420 2261/2074/1420
f 1535/1761/1421 1733/1760/1421 1765/2159/1421
f 1456/1517/1422 1918/1217/1422 1875/742/1422
f 2152/467/1423 704/466/1423 2320/1638/1423
f 1387/1910/1424 1964/8/1424 2043/1951/1424
f 1581/312/1425 2388/1192/1425 1166/313/1425
f 2554/2160/1426 2093/1600/1426 2288/1599/1426
f 616/714/1427 538/234/1427 518/712/1427
f 1017/225/1428 302/1249/1428 1874/1171/1428
f 938/908/1429 1387/1910/1429 840/941/1429
f 1098/499/1430 905/626/1430 1888/1383/1430
f 984/2161/1431 958/2162/1431 1706/2163/1431
f 517/204/1432 1780/203/1432 1609/697/1432
f 2280/2164/1433 950/1608/1433 268/1800/1433
f 2400/1808/1434 1988/2165/1434 533/898/1434
f 669/594/1435 2332/1261/1435 2234/592/1435
f 1678/1856/1436 1976/2166/1436 2461/2167/1436
f 690/2/1437 2312/145/1437 600/891/1437
f 878/598/1438 771/266/1438 1305/954/1438
f 2431/2168/1439 2448/1844/1439 1606/395/1439
f 544/426/1440 986/940/1440 526/939/1440
f 2237/2169/1441 1612/2170/1441 2125/2171/1441
f 1527/1573/1442 1842/1463/1442 1189/1338/1442
f 1355/902/1443 1026/1046/1443 547/51/1443
f 1888/1383/1444 905/626/1444 1075/1384/1444
f 2481/2172/1445 1597/1909/1445 2114/2173/1445
f 1197/11/1446 1819/2124/1446 630/12/1446
f 1266/2069/1447 1333/1756/1447 436/1252/1447
f 478/1563/1448 1224/285/1448 2045/2174/1448
f 3/2175/1449 1011/1611/1449 144/328/1449
f 1476/1240/1450 1317/1239/1450 683/1242/1450
f 1401/835/1451 85/206/1451 847/836/1451
f 1330/1957/1452 1448/2014/1452 1989/1655/1452
f 2096/549/1453 2550/2176/1453 700/2106/1453
f 273/1072/1454 2449/1071/1454 1135/2177/1454
f 3/2175/1455 2026/583/1455 545/582/1455
f 1441/2178/1456 2543/2179/1456 41/2180/1456
f 41/2180/1457 1515/2181/1457 2503/2182/1457
f 1720/2183/1458 2142/1958/1458 1079/2184/1458
f 368/132/1459 1586/2185/1459 2435/2186/1459
f 284/394/1460 2111/393/1460 1326/1795/1460
f 716/111/1461 948/1143/1461 1286/1823/1461
f 1161/2141/1462 222/990/1462 686/977/1462
f 1482/1597/1463 908/1534/1463 1271/1348/1463
f 505/1414/1464 1202/468/1464 2547/470/1464
f 448/2187/1465 815/1062/1465 637/2188/1465
f 2175/1528/1466 60/1059/1466 1251/1370/1466
f 1158/1725/1467 2241/1623/1467 189/2189/1467
f 2125/2171/1468 1738/2190/1468 2485/2191/1468
f 1749/1282/1469 264/374/1469 1423/576/1469
f 1553/2192/1470 1111/1425/1470 1929/1782/1470
f 1005/314/1471 200/1144/1471 1901/110/1471
f 2313/476/1472 856/155/1472 287/2193/1472
f 836/1635/1473 2056/231/1473 1730/230/1473
f 144/328/1474 1993/2194/1474 2446/329/1474
f 278/253/1475 2162/913/1475 247/930/1475
f 2414/380/1476 1781/382/1476 933/778/1476
f 2226/106/1477 314/1622/1477 653/1624/1477
f 2472/1492/1478 1501/154/1478 857/2195/1478
f 1820/982/1479 575/638/1479 2487/983/1479
f 2459/219/1480 2292/527/1480 2463/1452/1480
f 2024/2196/1481 2239/1155/1481 863/1495/1481
f 1766/1971/1482 2038/1309/1482 2159/1996/1482
f 2071/1989/1483 1056/1988/1483 41/2180/1483
f 629/1887/1484 1899/2197/1484 72/1562/1484
f 704/466/1485 829/1871/1485 1280/1639/1485
f 169/2198/1486 580/961/1486 1616/1955/1486
f 192/2022/1487 2516/1652/1487 1215/1499/1487
f 1772/2199/1488 1859/1119/1488 2445/1118/1488
f 1728/2067/1489 826/2066/1489 2574/2200/1489
f 2438/1387/1490 494/1399/1490 1494/2201/1490
f 2466/2202/1491 738/833/1491 739/1136/1491
f 703/1615/1492 2549/1524/1492 1212/2203/1492
f 323/480/1493 1610/1522/1493 1078/428/1493
f 1799/2063/1494 2324/2204/1494 1958/2205/1494
f 1217/690/1495 1980/1642/1495 1994/691/1495
f 776/2206/1496 2425/2207/1496 1338/1466/1496
f 226/1423/1497 867/1593/1497 1229/1565/1497
f 948/1143/1498 2155/1064/1498 1357/1602/1498
f 858/2208/1499 947/1629/1499 1433/1628/1499
f 605/2032/1500 539/160/1500 750/907/1500
f 2000/1388/1501 20/1389/1501 1741/1402/1501
f 1428/1468/1502 275/571/1502 1679/1181/1502
f 2430/2209/1503 2568/2210/1503 1369/18/1503
f 1369/18/1504 2568/2210/1504 2523/1851/1504
f 1494/2201/1505 2419/900/1505 249/2102/1505
f 521/1484/1506 1328/1089/1506 126/2211/1506
f 1120/1755/1507 1237/2212/1507 83/345/1507
f 1395/1446/1508 768/1445/1508 500/46/1508
f 1118/2213/1509 1662/2214/1509 2425/2207/1509
f 655/1914/1510 1571/880/1510 1229/1565/1510
f 2137/363/1511 1702/1073/1511 2091/1799/1511
f 78/249/1512 1143/1386/1512 391/2215/1512
f 1661/2216/1513 1690/1302/1513 2228/1301/1513
f 1804/1922/1514 1618/1998/1514 1105/741/1514
f 1980/1642/1515 1557/2217/1515 976/2146/1515
f 1761/1762/1516 747/103/1516 1733/1760/1516
f 464/2132/1517 624/502/1517 2055/943/1517
f 16/952/1518 164/78/1518 688/80/1518
f 872/1513/1519 1074/423/1519 951/2001/1519
f 899/443/1520 1572/445/1520 674/2118/1520
f 2540/1410/1521 635/1260/1521 1372/2218/1521
f 2198/2219/1522 2326/385/1522 1927/371/1522
f 1432/147/1523 1786/316/1523 101/102/1523
f 577/330/1524 2009/2220/1524 274/584/1524
f 2110/2221/1525 27/1286/1525 2522/919/1525
f 831/2110/1526 1471/2222/1526 2264/2223/1526
f 591/123/1527 615/2224/1527 1212/2203/1527
f 2197/1537/1528 259/1536/1528 2506/660/1528
f 851/275/1529 691/277/1529 2141/21/1529
f 1077/2225/1530 1961/2226/1530 423/1869/1530
f 2010/717/1531 236/1082/1531 837/1081/1531
f 610/2227/1532 2110/2221/1532 2522/919/1532
f 2549/1524/1533 1728/2067/1533 2109/1523/1533
f 2553/2228/1534 207/114/1534 2504/349/1534
f 1470/404/1535 2347/1023/1535 1527/1573/1535
f 1636/270/1536 1444/1908/1536 1890/2229/1536
f 2182/2230/1537 2539/2023/1537 149/1677/1537
f 834/1108/1538 1599/1114/1538 1416/117/1538
f 133/1713/1539 2190/522/1539 419/1641/1539
f 2438/1387/1540 1494/2201/1540 1996/185/1540
f 958/2162/1541 984/2161/1541 808/2231/1541
f 2316/2232/1542 1933/2076/1542 2427/2078/1542
f 2038/1309/1543 1171/2099/1543 1164/1310/1543
f 2557/1928/1544 456/1323/1544 1747/1929/1544
f 1557/2217/1545 2085/1191/1545 976/2146/1545
f 707/1752/1546 761/518/1546 883/994/1546
f 2576/967/1547 979/37/1547 1244/2011/1547
f 2540/1410/1548 2332/1261/1548 635/1260/1548
f 289/198/1549 1177/1574/1549 1020/311/1549
f 1939/1096/1550 449/1714/1550 557/434/1550
f 529/2233/1551 1242/2234/1551 2300/381/1551
f 1392/1132/1552 1871/1011/1552 414/1133/1552
f 632/1793/1553 1323/1839/1553 341/1183/1553
f 907/574/1554 348/1728/1554 320/1097/1554
f 2252/358/1555 2473/1393/1555 940/1704/1555
f 1783/1710/1556 883/994/1556 1881/1711/1556
f 72/1562/1557 391/2215/1557 2233/1156/1557
f 1267/845/1558 2235/2010/1558 921/2235/1558
f 300/333/1559 2564/1990/1559 565/872/1559
f 2293/2236/1560 2342/2237/1560 612/2238/1560
f 1460/1806/1561 1944/2239/1561 1403/2240/1561
f 2327/2241/1562 604/2242/1562 1612/2170/1562
f 816/1330/1563 1769/1994/1563 418/425/1563
f 1582/1317/1564 469/2243/1564 821/857/1564
f 1440/1940/1565 115/543/1565 667/542/1565
f 891/1262/1566 1415/1979/1566 1277/1263/1566
f 326/947/1567 1208/889/1567 1681/1447/1567
f 2335/1366/1568 2002/73/1568 506/2244/1568
f 142/1405/1569 380/1404/1569 1558/559/1569
f 9/1846/1570 1209/1193/1570 1851/2134/1570
f 1885/1521/1571 779/1479/1571 882/2003/1571
f 919/529/1572 1260/892/1572 2258/530/1572
f 420/1830/1573 2033/2031/1573 608/1829/1573
f 550/1822/1574 1370/505/1574 549/1744/1574
f 1146/710/1575 56/460/1575 1087/461/1575
f 1174/310/1576 553/946/1576 435/1311/1576
f 1277/1263/1577 1415/1979/1577 288/1790/1577
f 486/886/1578 1692/667/1578 184/666/1578
f 2380/208/1579 1560/1271/1579 953/65/1579
f 1069/85/1580 231/109/1580 2391/86/1580
f 1593/804/1581 1416/117/1581 1550/420/1581
f 1311/1679/1582 27/1286/1582 1115/2245/1582
f 2085/1191/1583 2289/2246/1583 287/2193/1583
f 485/837/1584 573/1483/1584 441/1558/1584
f 1373/1103/1585 1708/2026/1585 1990/148/1585
f 1847/2247/1586 2566/2248/1586 23/2249/1586
f 2332/1261/1587 1019/2250/1587 2234/592/1587
f 1634/1691/1588 1926/1785/1588 2575/1692/1588
f 2333/1031/1589 792/1057/1589 2017/1032/1589
f 176/2251/1590 1623/1080/1590 236/1082/1590
f 981/54/1591 1182/1883/1591 1492/875/1591
f 1312/83/1592 16/952/1592 1282/951/1592
f 2540/1410/1593 626/1739/1593 636/2252/1593
f 562/1590/1594 2525/1589/1594 453/2253/1594
f 227/1439/1595 422/1673/1595 1325/1981/1595
f 1321/2254/1596 2467/1997/1596 1456/1517/1596
f 1890/2229/1597 707/1752/1597 1636/270/1597
f 107/2255/1598 481/1291/1598 1216/2256/1598
f 454/1695/1599 548/473/1599 2177/472/1599
f 1100/2097/1600 177/678/1600 1905/1203/1600
f 2279/1519/1601 1693/648/1601 311/1520/1601
f 929/858/1602 2220/698/1602 658/2040/1602
f 2413/1403/1603 879/1293/1603 380/1404/1603
f 1593/804/1604 1550/420/1604 1903/802/1604
f 385/1061/1605 1183/801/1605 954/800/1605
f 1128/1682/1606 1227/1048/1606 1234/1680/1606
f 258/2257/1607 1507/2258/1607 327/2259/1607
f 77/1379/1608 49/1378/1608 871/822/1608
f 977/2260/1609 666/2261/1609 1772/2199/1609
f 566/196/1610 668/700/1610 1736/194/1610
f 51/2262/1611 250/719/1611 1987/917/1611
f 732/369/1612 942/807/1612 535/1002/1612
f 1797/4/1613 876/2138/1613 1591/5/1613
f 530/1110/1614 797/2263/1614 678/1111/1614
f 2302/1948/1615 1553/2192/1615 246/284/1615
f 2470/1340/1616 1544/82/1616 1863/81/1616
f 1264/2158/1617 1942/2157/1617 525/2264/1617
f 1394/212/1618 2163/2265/1618 1348/2028/1618
f 560/7/1619 2043/1951/1619 1964/8/1619
f 1700/2075/1620 1803/1091/1620 1920/1090/1620
f 120/351/1621 907/574/1621 90/352/1621
f 809/956/1622 2277/955/1622 1059/749/1622
f 910/166/1623 161/600/1623 1837/677/1623
f 2183/601/1624 1155/1001/1624 410/602/1624
f 1113/628/1625 1012/366/1625 1546/2266/1625
f 947/1629/1626 997/2267/1626 2295/1172/1626
f 1947/1346/1627 2211/2268/1627 924/1246/1627
f 106/2038/1628 2213/827/1628 1646/826/1628
f 184/666/1629 2483/2269/1629 503/1581/1629
f 1130/878/1630 2109/1523/1630 1735/411/1630
f 2507/2270/1631 1683/2271/1631 474/2272/1631
f 719/430/1632 1980/1642/1632 1217/690/1632
f 963/1285/1633 350/748/1633 140/2062/1633
f 264/374/1634 2075/874/1634 1423/576/1634
f 2522/919/1635 1388/918/1635 998/149/1635
f 284/394/1636 2442/2273/1636 1606/395/1636
f 1463/1168/1637 1894/2274/1637 1307/2089/1637
f 1306/1115/1638 1660/1113/1638 834/1108/1638
f 871/822/1639 1137/2275/1639 77/1379/1639
f 2528/444/1640 1631/1233/1640 1383/1232/1640
f 1785/62/1641 662/61/1641 1893/2276/1641
f 1893/2276/1642 662/61/1642 2325/1843/1642
f 506/2244/1643 2102/2277/1643 2511/454/1643
f 1932/1895/1644 1406/2122/1644 1882/548/1644
f 2401/842/1645 1110/269/1645 143/1101/1645
f 2261/2074/1646 285/1959/1646 2074/1961/1646
f 2010/717/1647 286/99/1647 2532/101/1647
f 2334/1917/1648 390/1572/1648 2237/2169/1648
f 543/2278/1649 1396/2279/1649 1518/1415/1649
f 2529/997/1650 353/2280/1650 2357/72/1650
f 1934/1508/1651 444/1609/1651 2139/2281/1651
f 2274/2282/1652 1099/1444/1652 1880/2283/1652
f 2428/1055/1653 1601/483/1653 215/1056/1653
f 1225/1326/1654 945/409/1654 937/410/1654
f 1573/1881/1655 892/2284/1655 1345/1882/1655
f 2096/549/1656 2483/2269/1656 2550/2176/1656
f 938/908/1657 840/941/1657 1355/902/1657
f 2149/1868/1658 1845/1964/1658 1656/2285/1658
f 1958/2205/1659 1254/2286/1659 82/293/1659
f 803/261/1660 208/2287/1660 2249/914/1660
f 2022/1464/1661 1432/147/1661 101/102/1661
f 619/1810/1662 1889/1771/1662 2291/13/1662
f 576/1614/1663 33/1613/1663 648/1689/1663
f 2508/1962/1664 1490/2288/1664 1359/1963/1664
f 1570/2055/1665 1657/441/1665 201/2056/1665
f 409/1515/1666 1456/1517/1666 1618/1998/1666
f 2290/1601/1667 819/2289/1667 2359/1796/1667
f 1661/2216/1668 2123/1287/1668 1690/1302/1668
f 1562/2290/1669 341/1183/1669 465/1182/1669
f 1755/1781/1670 1663/1780/1670 2501/1256/1670
f 307/882/1671 2393/883/1671 2172/2291/1671
f 871/822/1672 1027/2292/1672 1485/823/1672
f 604/2242/1673 2581/1949/1673 2097/2293/1673
f 6/589/1674 413/1199/1674 1639/2294/1674
f 2078/1429/1675 1504/1999/1675 682/482/1675
f 538/234/1676 1199/2295/1676 518/712/1676
f 880/2104/1677 1103/481/1677 502/2105/1677
f 1343/988/1678 525/2264/1678 339/1838/1678
f 969/447/1679 2385/1675/1679 187/448/1679
f 351/353/1680 2210/553/1680 917/1395/1680
f 1721/36/1681 349/2296/1681 706/2072/1681
f 277/254/1682 1193/2297/1682 33/1613/1682
f 346/716/1683 639/1236/1683 886/1481/1683
f 2282/1316/1684 469/2243/1684 1582/1317/1684
f 651/2298/1685 662/61/1685 2178/2112/1685
f 765/325/1686 2146/2299/1686 375/960/1686
f 1231/1042/1687 1547/910/1687 1159/2116/1687
f 2329/1875/1688 2570/1743/1688 145/2300/1688
f 1338/1466/1689 1662/2214/1689 2327/2241/1689
f 2008/1465/1690 1338/1466/1690 2327/2241/1690
f 1796/515/1691 1479/1204/1691 61/1050/1691
f 1796/515/1692 61/1050/1692 838/1035/1692
f 1427/724/1693 2122/120/1693 1528/119/1693
f 2284/1993/1694 1461/649/1694 145/2300/1694
f 1270/617/1695 699/76/1695 693/75/1695
f 2395/245/1696 1818/241/1696 1390/243/1696
f 796/2301/1697 641/1621/1697 1034/372/1697
f 134/1398/1698 1732/1272/1698 1560/1271/1698
f 127/152/1699 1756/1230/1699 1919/153/1699
f 1619/1052/1700 1471/2222/1700 432/1376/1700
f 136/2302/1701 1216/2256/1701 1168/2303/1701
f 1419/2304/1702 1178/2305/1702 476/2306/1702
f 935/681/1703 1790/1218/1703 1965/1219/1703
f 1518/1415/1704 310/675/1704 672/871/1704
f 1225/1326/1705 937/410/1705 2154/1027/1705
f 438/1712/1706 258/2257/1706 1713/2307/1706
f 50/1015/1707 896/375/1707 1162/377/1707
f 631/669/1708 2311/1575/1708 2524/703/1708
f 2484/1390/1709 556/2081/1709 2437/1391/1709
f 768/1445/1710 1360/785/1710 770/784/1710
f 636/2252/1711 1019/2250/1711 2332/1261/1711
f 2555/2114/1712 2372/1377/1712 1364/2115/1712
f 622/2308/1713 478/1563/1713 1708/2026/1713
f 597/135/1714 2356/1264/1714 1714/1329/1714
f 141/1294/1715 1625/186/1715 507/2103/1715
f 1385/2080/1716 2265/899/1716 1210/901/1716
f 1411/2309/1717 1972/260/1717 802/491/1717
f 113/1331/1718 311/1520/1718 1422/650/1718
f 1524/1210/1719 396/1017/1719 1356/1318/1719
f 2118/2310/1720 1969/390/1720 877/40/1720
f 2512/255/1721 1079/2184/1721 2142/1958/1721
f 2470/1340/1722 2176/758/1722 1342/1339/1722
f 2050/283/1723 2402/282/1723 1532/859/1723
f 1921/1382/1724 11/370/1724 535/1002/1724
f 1254/2286/1725 1206/2311/1725 82/293/1725
f 575/638/1726 2310/640/1726 2487/983/1726
f 523/137/1727 1869/2312/1727 870/138/1727
f 1027/2292/1728 1044/2313/1728 1485/823/1728
f 1948/1554/1729 683/1242/1729 1042/2314/1729
f 1367/1892/1730 959/1159/1730 2493/1738/1730
f 2160/680/1731 1329/1651/1731 935/681/1731
f 1714/1329/1732 2314/22/1732 1376/2315/1732
f 227/1439/1733 1469/336/1733 1177/1574/1733
f 48/2316/1734 2455/2317/1734 2507/2270/1734
f 56/460/1735 1146/710/1735 1481/1551/1735
f 2553/2228/1736 1441/2178/1736 41/2180/1736
f 1039/200/1737 2336/435/1737 523/201/1737
f 1751/1489/1738 735/1819/1738 1511/1821/1738
f 2059/1373/1739 1972/260/1739 1411/2309/1739
f 1572/445/1740 1284/2318/1740 81/2319/1740
f 241/2320/1741 1043/2321/1741 2083/1607/1741
f 2405/210/1742 1065/49/1742 510/48/1742
f 281/140/1743 304/142/1743 885/1013/1743
f 1633/550/1744 2200/852/1744 1109/551/1744
f 2318/1359/1745 2552/1358/1745 2433/2322/1745
f 2375/233/1746 145/2300/1746 1199/2295/1746
f 1863/81/1747 1431/2323/1747 2470/1340/1747
f 1736/194/1748 353/2280/1748 922/949/1748
f 854/519/1749 761/518/1749 1890/2229/1749
f 1983/346/1750 1934/1508/1750 2139/2281/1750
f 2564/1990/1751 1413/127/1751 565/872/1751
f 2578/922/1752 1914/2150/1752 1399/1076/1752
f 304/142/1753 2559/1476/1753 885/1013/1753
f 2230/1292/1754 879/1293/1754 2413/1403/1754
f 780/642/1755 273/1072/1755 1135/2177/1755
f 360/38/1756 979/37/1756 2266/966/1756
f 401/205/1757 705/379/1757 1780/203/1757
f 1367/1892/1758 2537/1893/1758 1200/1556/1758
f 2556/2324/1759 1453/2325/1759 1791/1926/1759
f 709/780/1760 975/408/1760 1162/377/1760
f 165/1836/1761 864/1449/1761 529/2233/1761
f 1956/1935/1762 1324/2326/1762 732/369/1762
f 28/2327/1763 1847/2247/1763 21/733/1763
f 2480/1494/1764 2/1493/1764 1127/2086/1764
f 1100/2097/1765 1353/2025/1765 177/678/1765
f 2174/787/1766 1076/1770/1766 497/1769/1766
f 81/2319/1767 1138/679/1767 2423/2004/1767
f 1195/56/1768 1201/1884/1768 1182/1883/1768
f 1387/1910/1769 8/1953/1769 1247/2328/1769
f 2127/1288/1770 1235/2329/1770 2229/1766/1770
f 384/903/1771 1498/1862/1771 2523/1851/1771
f 908/1534/1772 590/2330/1772 664/1535/1772
f 2527/970/1773 1821/1327/1773 1788/971/1773
f 425/560/1774 1558/559/1774 2244/1413/1774
f 873/427/1775 816/1330/1775 418/425/1775
f 2108/403/1776 936/745/1776 1516/1731/1776
f 74/1577/1777 508/1067/1777 552/1578/1777
f 1932/1895/1778 956/242/1778 1406/2122/1778
f 1156/2331/1779 677/1550/1779 887/2332/1779
f 68/1049/1780 61/1050/1780 1530/1661/1780
f 205/2333/1781 2197/1537/1781 2079/662/1781
f 1003/2334/1782 2315/1369/1782 1185/1371/1782
f 115/543/1783 1428/1468/1783 1047/544/1783
f 970/1257/1784 2152/467/1784 846/1847/1784
f 111/1314/1785 460/2335/1785 378/1548/1785
f 674/2118/1786 696/1024/1786 899/443/1786
f 1810/276/1787 1362/673/1787 1303/1891/1787
f 1763/561/1788 2005/563/1788 2156/1580/1788
f 1604/2336/1789 1352/2337/1789 1011/1611/1789
f 583/2338/1790 294/2339/1790 775/2340/1790
f 24/163/1791 2006/1741/1791 781/2341/1791
f 1720/2183/1792 1989/1655/1792 2142/1958/1792
f 2471/414/1793 235/416/1793 2164/2342/1793
f 1800/1333/1794 602/2041/1794 1726/1334/1794
f 1595/1100/1795 1414/2343/1795 923/2096/1795
f 1788/971/1796 1686/2344/1796 742/1980/1796
f 1628/1564/1797 1050/1650/1797 1952/1865/1797
f 915/2345/1798 910/166/1798 1837/677/1798
f 2033/2031/1799 420/1830/1799 386/2087/1799
f 2042/1751/1800 1978/172/1800 1172/936/1800
f 1841/1804/1801 1190/1758/1801 461/985/1801
f 1289/2145/1802 1290/1467/1802 1655/1375/1802
f 2160/680/1803 564/682/1803 2524/703/1803
f 1957/2346/1804 1656/2285/1804 2012/862/1804
f 243/439/1805 1054/436/1805 1052/1194/1805
f 589/2347/1806 1587/629/1806 422/2348/1806
f 599/1697/1807 1412/1696/1807 126/2211/1807
f 895/2349/1808 1354/2350/1808 433/1259/1808
f 1801/1428/1809 1554/2351/1809 204/1149/1809
f 44/1723/1810 1447/1157/1810 959/1159/1810
f 1721/36/1811 344/35/1811 349/2296/1811
f 1311/1679/1812 1115/2245/1812 31/1879/1812
f 957/659/1813 2512/255/1813 2142/1958/1813
f 1207/762/1814 574/2352/1814 1814/1179/1814
f 773/2353/1815 1260/892/1815 919/529/1815
f 1838/1134/1816 1611/564/1816 132/1140/1816
f 1673/904/1817 77/1379/1817 168/1907/1817
f 1168/2303/1818 1216/2256/1818 1044/2313/1818
f 2290/1601/1819 659/2354/1819 2348/1747/1819
f 773/2353/1820 1119/973/1820 1260/892/1820
f 2404/777/1821 2492/182/1821 1995/184/1821
f 631/669/1822 827/1663/1822 1775/508/1822
f 1939/1096/1823 557/434/1823 999/575/1823
f 1701/2355/1824 1594/1920/1824 2495/2356/1824
f 1746/996/1825 2113/995/1825 822/2100/1825
f 2101/1637/1826 1999/1636/1826 255/2357/1826
f 1334/2098/1827 1833/1502/1827 1570/2055/1827
f 2528/444/1828 1284/2318/1828 1572/445/1828
f 876/2138/1829 36/2139/1829 1591/5/1829
f 1739/1827/1830 1031/251/1830 34/1983/1830
f 1157/1742/1831 897/713/1831 518/712/1831
f 26/516/1832 1876/93/1832 1529/95/1832
f 1515/2181/1833 1409/2358/1833 1762/2359/1833
f 1468/2029/1834 2415/999/1834 1759/915/1834
f 1587/629/1835 2297/2360/1835 996/924/1835
f 810/1791/1836 783/610/1836 605/2032/1836
f 2139/2281/1837 950/1608/1837 2280/2164/1837
f 1015/1085/1838 2383/1396/1838 1474/1083/1838
f 325/2047/1839 1274/2144/1839 1868/2361/1839
f 37/1354/1840 708/647/1840 1398/1478/1840
f 1048/188/1841 2073/1234/1841 987/624/1841
f 827/1663/1842 1462/868/1842 1775/508/1842
f 2045/2174/1843 2349/2362/1843 1066/2027/1843
f 901/2363/1844 366/579/1844 2566/2248/1844
f 1706/2163/1845 958/2162/1845 1509/1671/1845
f 391/2215/1846 1143/1386/1846 450/1496/1846
f 298/1093/1847 1607/1462/1847 2024/2196/1847
f 2003/864/1848 1674/1506/1848 685/2136/1848
f 435/1311/1849 553/946/1849 1514/546/1849
f 2088/469/1850 1418/1313/1850 1803/1091/1850
f 1732/1272/1851 2057/920/1851 1992/2364/1851
f 995/535/1852 705/379/1852 1987/917/1852
f 544/426/1853 1769/1994/1853 986/940/1853
f 1207/762/1854 787/2140/1854 574/2352/1854
f 2238/1223/1855 2052/1487/1855 2489/1148/1855
f 112/1109/1856 240/319/1856 1542/2365/1856
f 101/102/1857 2494/318/1857 747/103/1857
f 2382/798/1858 1175/926/1858 1453/2366/1858
f 2080/644/1859 1012/366/1859 1113/628/1859
f 914/1345/1860 506/2244/1860 1820/982/1860
f 2572/64/1861 2380/208/1861 953/65/1861
f 342/636/1862 706/2072/1862 160/637/1862
f 2334/1917/1863 2237/2169/1863 2184/1918/1863
f 1227/2367/1864 1440/709/1864 343/711/1864
f 1506/1632/1865 2034/585/1865 356/558/1865
f 2027/406/1866 1040/2368/1866 1421/606/1866
f 964/1746/1867 974/1647/1867 671/1648/1867
f 2579/2369/1868 1976/2166/1868 1101/2370/1868
f 45/471/1869 1907/350/1869 1194/2371/1869
f 1451/595/1870 69/597/1870 1026/1046/1870
f 807/1900/1871 845/2143/1871 2338/1007/1871
f 2338/1007/1872 1188/853/1872 807/1900/1872
f 1572/445/1873 81/2319/1873 2202/2372/1873
f 296/1657/1874 1512/2058/1874 87/2060/1874
f 1493/97/1875 290/1043/1875 1777/498/1875
f 2343/1902/1876 2224/1672/1876 749/2373/1876
f 218/2374/1877 287/2193/1877 2289/2246/1877
f 45/471/1878 548/473/1878 1907/350/1878
f 605/2032/1879 2373/2375/1879 1703/1954/1879
f 503/1581/1880 2483/2269/1880 476/2306/1880
f 2311/1575/1881 2520/368/1881 2524/703/1881
f 1858/1942/1882 2486/1899/1882 2121/295/1882
f 96/1184/1883 664/1535/1883 805/1485/1883
f 2452/1343/1884 2140/1139/1884 86/796/1884
f 1768/860/1885 1415/1979/1885 891/1262/1885
f 701/2376/1886 237/2113/1886 1496/2377/1886
f 1498/1862/1887 992/1051/1887 1369/18/1887
f 2441/1765/1888 1798/1937/1888 1661/2216/1888
f 670/2378/1889 886/1481/1889 1959/825/1889
f 2540/1410/1890 933/778/1890 2469/2379/1890
f 1040/2368/1891 2334/1917/1891 1421/606/1891
f 1296/1454/1892 1731/2380/1892 121/2381/1892
f 2247/298/1893 1467/906/1893 938/908/1893
f 1394/212/1894 1843/2382/1894 2163/2265/1894
f 140/2062/1895 57/846/1895 1380/847/1895
f 2561/192/1896 866/2383/1896 2191/193/1896
f 1249/731/1897 1272/1978/1897 1922/1977/1897
f 1629/74/1898 2335/1366/1898 1337/453/1898
f 2052/1487/1899 613/964/1899 2148/240/1899
f 785/45/1900 1395/1446/1900 500/46/1900
f 1309/1270/1901 154/1269/1901 2405/210/1901
f 1768/860/1902 891/1262/1902 334/479/1902
f 1339/1202/1903 1314/2384/1903 883/994/1903
f 620/475/1904 1302/1441/1904 629/1887/1904
f 863/1495/1905 2230/1292/1905 2399/506/1905
f 756/2385/1906 1099/1444/1906 1093/614/1906
f 1303/1891/1907 1362/673/1907 791/2126/1907
f 2492/182/1908 1061/1686/1908 1526/2386/1908
f 1289/2145/1909 1994/691/1909 976/2146/1909
f 87/2060/1910 1625/186/1910 296/1657/1910
f 1840/2387/1911 532/1705/1911 1382/1436/1911
f 1465/1591/1912 556/2081/1912 2484/1390/1912
f 1292/1162/1913 712/2388/1913 93/2389/1913
f 1296/1454/1914 1898/1424/1914 1731/2380/1914
f 1779/1365/1915 571/865/1915 1173/2045/1915
f 659/2354/1916 2359/1796/1916 542/1748/1916
f 1333/1756/1917 760/810/1917 862/457/1917
f 1126/1412/1918 173/998/1918 540/122/1918
f 787/2140/1919 1841/1804/1919 40/974/1919
f 198/948/1920 326/947/1920 261/236/1920
f 1257/187/1921 1625/186/1921 87/2060/1921
f 122/2046/1922 2439/485/1922 2341/1841/1922
f 2527/970/1923 549/1744/1923 2086/504/1923
f 1342/1339/1924 640/1872/1924 164/78/1924
f 492/1197/1925 203/1107/1925 2569/569/1925
f 821/857/1926 322/2390/1926 1582/1317/1926
f 1558/559/1927 380/1404/1927 2323/2149/1927
f 2397/517/1928 1140/1724/1928 449/1714/1928
f 1545/912/1929 1402/1685/1929 2054/929/1929
f 356/558/1930 425/560/1930 2227/1363/1930
f 2577/2391/1931 468/1374/1931 726/586/1931
f 2182/2230/1932 1403/2240/1932 2539/2023/1932
f 2562/2392/1933 2416/1533/1933 1771/150/1933
f 2387/2393/1934 350/748/1934 2165/1231/1934
f 1893/2276/1935 2325/1843/1935 1236/1842/1935
f 2137/363/1936 493/365/1936 1702/1073/1936
f 472/696/1937 1457/1803/1937 517/204/1937
f 2186/621/1938 2091/1799/1938 2147/622/1938
f 1767/2394/1939 511/2395/1939 1449/1510/1939
f 1235/2329/1940 189/1905/1940 2229/1766/1940
f 132/1140/1941 1611/564/1941 1763/561/1941
f 2559/1476/1942 1222/1206/1942 885/1013/1942
f 2545/927/1943 818/965/1943 860/928/1943
f 1968/2396/1944 2125/2171/1944 1612/2170/1944
f 1949/1933/1945 2413/1403/1945 1067/2049/1945
f 1215/1499/1946 784/607/1946 2251/2020/1946
f 843/1967/1947 142/1405/1947 2034/585/1947
f 336/442/1948 1564/1778/1948 801/281/1948
f 37/1354/1949 1080/645/1949 708/647/1949
f 2456/1789/1950 288/1790/1950 1415/1979/1950
f 1684/2397/1951 2261/2074/1951 1700/2075/1951
f 1347/591/1952 2474/969/1952 413/1199/1952
f 1795/1880/1953 2319/2398/1953 1566/854/1953
f 584/1347/1954 1947/1346/1954 475/1367/1954
f 928/306/1955 2459/219/1955 167/218/1955
f 671/1648/1956 2081/1890/1956 2286/1372/1956
f 673/1418/1957 1608/252/1957 1404/1220/1957
f 1947/1346/1958 924/1246/1958 1371/931/1958
f 2560/1913/1959 1425/2399/1959 574/2352/1959
f 870/138/1960 745/126/1960 1915/139/1960
f 98/1807/1961 520/1694/1961 1805/1693/1961
f 514/2400/1962 2163/2265/1962 1006/732/1962
f 348/1728/1963 400/2037/1963 262/94/1963
f 777/1207/1964 1826/1237/1964 424/1208/1964
f 685/2136/1965 1674/1506/1965 18/1505/1965
f 1519/490/1966 1568/489/1966 1462/868/1966
f 2307/1356/1967 763/2401/1967 758/1357/1967
f 2274/2282/1968 738/833/1968 563/832/1968
f 150/332/1969 880/2104/1969 2564/1990/1969
f 50/1015/1970 2474/969/1970 1997/968/1970
f 1548/1566/1971 1359/1963/1971 1660/1113/1971
f 316/1029/1972 2497/2402/1972 2556/2324/1972
f 2572/64/1973 847/836/1973 2380/208/1973
f 1963/2403/1974 51/2262/1974 2121/295/1974
f 2578/922/1975 1399/1076/1975 795/1075/1975
f 2583/2404/1976 2115/739/1976 12/2405/1976
f 2462/2406/1977 481/1291/1977 711/1290/1977
f 1959/825/1978 2299/570/1978 517/204/1978
f 1184/2407/1979 1287/2408/1979 1378/612/1979
f 602/2041/1980 1402/1685/1980 193/1684/1980
f 2110/2221/1981 2123/1287/1981 27/1286/1981
f 1351/869/1982 82/293/1982 1490/2288/1982
f 2408/2409/1983 478/1563/1983 622/2308/1983
f 1387/1910/1984 2043/1951/1984 8/1953/1984
f 1398/1478/1985 686/977/1985 1475/976/1985
f 1151/478/1986 1041/2410/1986 1768/860/1986
f 410/602/1987 1041/2410/1987 1151/478/1987
f 1705/1175/1988 472/696/1988 183/1086/1988
f 501/2411/1989 1176/2002/1989 1083/634/1989
f 1104/1422/1990 921/2235/1990 2235/2010/1990
f 2136/2412/1991 10/2413/1991 1358/1503/1991
f 1334/2098/1992 1570/2055/1992 2120/1965/1992
f 1584/2414/1993 2192/987/1993 1343/988/1993
f 1805/1693/1994 715/1987/1994 1554/2351/1994
f 356/558/1995 2227/1363/1995 1506/1632/1995
f 408/458/1996 1468/2029/1996 208/2287/1996
f 492/1197/1997 932/1196/1997 52/1105/1997
f 996/2415/1998 742/1980/1998 1325/1981/1998
f 242/265/1999 1815/2107/1999 54/1946/1999
f 423/1869/2000 1600/2416/2000 1077/2225/2000
f 582/752/2001 665/751/2001 1457/1803/2001
f 1977/545/2002 2213/827/2002 106/2038/2002
f 228/1582/2003 386/2087/2003 752/494/2003
f 2035/1952/2004 2354/2417/2004 8/1953/2004
f 2575/1692/2005 1878/2418/2005 2351/2419/2005
f 207/114/2006 1340/870/2006 817/115/2006
f 2202/2372/2007 2423/2004/2007 1505/2420/2007
f 1634/1691/2008 2460/1708/2008 1379/1453/2008
f 1764/754/2009 1460/1806/2009 2182/2230/2009
f 2259/128/2010 2457/130/2010 1170/989/2010
f 1605/1275/2011 71/1419/2011 673/1418/2011
f 458/684/2012 457/1211/2012 464/2132/2012
f 446/2421/2013 1115/2245/2013 2127/1288/2013
f 357/1277/2014 2262/2422/2014 382/2423/2014
f 624/502/2015 555/1212/2015 2328/181/2015
f 805/1485/2016 1263/297/2016 1084/299/2016
f 2384/782/2017 1190/1758/2017 1841/1804/2017
f 1494/2201/2018 249/2102/2018 2255/2424/2018
f 639/1236/2019 721/718/2019 2569/569/2019
f 1537/1104/2020 2196/619/2020 1086/618/2020
f 1032/2425/2021 765/325/2021 462/327/2021
f 207/114/2022 2546/2426/2022 1340/870/2022
f 2037/169/2023 711/1290/2023 245/1289/2023
f 1101/2370/2024 1976/2166/2024 1873/2151/2024
f 1272/1978/2025 21/733/2025 1437/2427/2025
f 339/1838/2026 1584/2414/2026 1343/988/2026
f 1701/2355/2027 1540/2428/2027 1731/2380/2027
f 655/1914/2028 2139/2281/2028 1232/1915/2028
f 2272/1974/2029 2226/106/2029 2353/105/2029
f 1561/577/2030 1809/1885/2030 2464/1151/2030
f 90/352/2031 1578/1772/2031 1907/350/2031
f 568/2109/2032 1081/177/2032 2464/1151/2032
f 1070/1038/2033 185/866/2033 1160/580/2033
f 2574/2200/2034 271/2429/2034 1728/2067/2034
f 2364/405/2035 1040/2368/2035 2027/406/2035
f 756/2385/2036 1365/1154/2036 1042/2314/2036
f 2411/2059/2037 2376/28/2037 1038/2108/2037
f 1026/1046/2038 69/597/2038 2104/1221/2038
f 2458/1320/2039 2489/1148/2039 2148/240/2039
f 1714/1329/2040 2331/2430/2040 597/135/2040
f 532/1705/2041 1840/2387/2041 1906/1995/2041
f 1492/875/2042 1182/1883/2042 1561/577/2042
f 427/1815/2043 904/1816/2043 349/2296/2043
f 647/2431/2044 1685/2432/2044 1505/2420/2044
f 2485/2191/2045 1738/2190/2045 952/17/2045
f 1224/285/2046 757/1355/2046 758/1357/2046
f 15/1832/2047 91/2093/2047 328/1877/2047
f 211/2433/2048 865/1903/2048 2171/1904/2048
f 692/1658/2049 849/1604/2049 1414/2343/2049
f 70/1768/2050 1076/1770/2050 925/2434/2050
f 391/2215/2051 450/1496/2051 2233/1156/2051
f 681/2435/2052 2337/2436/2052 554/1473/2052
f 2326/385/2053 1846/384/2053 2443/2437/2053
f 2337/2436/2054 2566/2248/2054 554/1473/2054
f 1041/2410/2055 833/2438/2055 1768/860/2055
f 1895/1434/2056 1101/2370/2056 1488/173/2056
f 522/1786/2057 2575/1692/2057 1926/1785/2057
f 1640/881/2058 1232/1915/2058 926/2439/2058
f 526/939/2059 1542/2365/2059 873/427/2059
f 341/1183/2060 1323/1839/2060 282/2128/2060
f 1763/561/2061 2156/1580/2061 869/1579/2061
f 504/1569/2062 731/2440/2062 855/2441/2062
f 504/1569/2063 855/2441/2063 1450/824/2063
f 1986/1702/2064 421/1701/2064 138/400/2064
f 2258/530/2065 1260/892/2065 2119/894/2065
f 1398/1478/2066 708/647/2066 686/977/2066
f 1177/1574/2067 289/198/2067 1495/463/2067
f 1604/2336/2068 1011/1611/2068 249/2102/2068
f 38/925/2069 2297/2360/2069 1330/1957/2069
f 287/2193/2070 856/155/2070 2388/1192/2070
f 1932/1895/2071 1882/548/2071 256/547/2071
f 2370/2442/2072 2354/2417/2072 276/2443/2072
f 961/1079/2073 2279/1519/2073 118/708/2073
f 720/359/2074 2468/1703/2074 373/664/2074
f 1618/1998/2075 1804/1922/2075 409/1515/2075
f 420/1830/2076 225/1683/2076 386/2087/2076
f 1891/1433/2077 2198/2219/2077 11/370/2077
f 421/1701/2078 2160/680/2078 2520/368/2078
f 1898/1424/2079 1929/1782/2079 1111/1425/2079
f 1396/2279/2080 543/2278/2080 1620/2444/2080
f 1171/2099/2081 1945/1973/2081 1652/509/2081
f 2304/68/2082 1915/139/2082 745/126/2082
f 1802/1500/2083 1524/1210/2083 1356/1318/2083
f 2179/26/2084 2015/25/2084 277/254/2084
f 1157/1742/2085 145/2300/2085 2570/1743/2085
f 240/319/2086 112/1109/2086 2440/555/2086
f 1866/402/2087 2545/927/2087 767/289/2087
f 1411/2309/2088 439/2445/2088 2047/524/2088
f 1955/1944/2089 384/903/2089 2089/1850/2089
f 1184/2407/2090 893/2021/2090 453/2253/2090
f 2128/1972/2091 2318/1359/2091 2211/2268/2091
f 970/1257/2092 1998/1848/2092 939/1518/2092
f 35/1759/2093 528/176/2093 397/399/2093
f 1512/2058/2094 694/1296/2094 429/29/2094
f 2178/2112/2095 512/60/2095 2008/1465/2095
f 448/2187/2096 407/262/2096 734/538/2096
f 448/2187/2097 734/538/2097 815/1062/2097
f 1067/2049/2098 945/409/2098 1670/1325/2098
f 67/1224/2099 715/1987/2099 454/1695/2099
f 113/1331/2100 970/1257/2100 311/1520/2100
f 774/66/2101 1082/1837/2101 316/2446/2101
f 133/1713/2102 1713/2307/2102 2190/522/2102
f 82/293/2103 1799/2063/2103 1958/2205/2103
f 1791/1926/2104 377/2447/2104 2362/1927/2104
f 542/1748/2105 48/2316/2105 1223/2448/2105
f 271/2429/2106 1466/455/2106 132/1140/2106
f 1984/339/2107 128/1328/2107 2000/1388/2107
f 2392/392/2108 242/265/2108 54/1946/2108
f 2129/237/2109 212/2449/2109 585/235/2109
f 714/1130/2110 1908/2450/2110 389/1131/2110
f 93/2389/2111 712/2388/2111 1951/2451/2111
f 288/1790/2112 2209/1630/2112 2103/1174/2112
f 1350/1542/2113 1676/1541/2113 74/1577/2113
f 1357/1602/2114 2399/506/2114 1370/505/2114
f 979/37/2115 2501/1256/2115 1244/2011/2115
f 793/841/2116 1015/1085/2116 2400/1808/2116
f 990/1706/2117 532/1705/2117 1600/2416/2117
f 2472/1492/2118 857/2195/2118 1592/401/2118
f 2293/2236/2119 612/2238/2119 1027/2292/2119
f 1149/1592/2120 2484/1390/2120 1248/1074/2120
f 430/1531/2121 720/359/2121 702/1945/2121
f 2040/2130/2122 893/2021/2122 1682/1526/2122
f 53/1401/2123 2248/1160/2123 1292/1162/2123
f 1202/468/2124 460/2335/2124 111/1314/2124
f 1843/2382/2125 614/1475/2125 28/2327/2125
f 473/1353/2126 779/1479/2126 1654/1069/2126
f 1910/31/2127 991/1037/2127 1045/1666/2127
f 2198/2219/2128 254/383/2128 2326/385/2128
f 1271/1348/2129 1123/2064/2129 1825/1568/2129
f 2105/2452/2130 1008/2073/2130 1089/565/2130
f 1503/1482/2131 869/1579/2131 2058/767/2131
f 350/748/2132 57/846/2132 140/2062/2132
f 2160/680/2133 2524/703/2133 2520/368/2133
f 801/281/2134 201/2056/2134 1657/441/2134
f 385/1061/2135 1637/431/2135 2069/1215/2135
f 1382/1436/2136 2124/1435/2136 1141/1690/2136
f 1290/1467/2137 1581/312/2137 1005/314/2137
f 1174/310/2138 337/335/2138 2479/2051/2138
f 1323/1839/2139 339/1838/2139 525/2264/2139
f 134/1398/2140 1139/921/2140 2057/920/2140
f 407/262/2141 637/2188/2141 802/491/2141
f 2005/563/2142 991/1037/2142 2156/1580/2142
f 105/1337/2143 1857/1336/2143 1981/1450/2143
f 1469/336/2144 2231/1438/2144 412/337/2144
f 75/2453/2145 83/345/2145 733/347/2145
f 1841/1804/2146 787/2140/2146 572/783/2146
f 565/872/2147 1413/127/2147 1106/873/2147
f 1443/1319/2148 235/416/2148 593/415/2148
f 731/2440/2149 504/1569/2149 307/882/2149
f 1564/1778/2150 2402/282/2150 801/281/2150
f 1031/251/2151 166/250/2151 34/1983/2151
f 2244/1413/2152 1139/921/2152 495/1364/2152
f 676/376/2153 2477/452/2153 709/780/2153
f 955/1798/2154 2186/621/2154 266/1776/2154
f 349/2296/2155 344/35/2155 1506/1632/2155
f 1783/1710/2156 2385/1675/2156 969/447/2156
f 1481/1551/2157 1879/308/2157 56/460/2157
f 706/2072/2158 349/2296/2158 904/1816/2158
f 2383/1396/2159 2114/2173/2159 607/993/2159
f 445/47/2160 251/786/2160 325/2047/2160
f 384/903/2161 1955/1944/2161 1364/2115/2161
f 2426/942/2162 728/944/2162 1537/1104/2162
f 1960/556/2163 2366/211/2163 1886/1553/2163
f 2358/1754/2164 1452/161/2164 1237/2212/2164
f 320/1097/2165 1939/1096/2165 999/575/2165
f 34/1983/2166 892/2284/2166 1122/1818/2166
f 1167/984/2167 746/828/2167 625/63/2167
f 1808/2018/2168 2157/1352/2168 2101/1637/2168
f 791/2126/2169 14/1186/2169 505/1414/2169
f 2016/1472/2170 2105/2452/2170 1131/567/2170
f 2511/454/2171 452/2454/2171 1466/455/2171
f 667/542/2172 2453/2455/2172 92/2456/2172
f 30/2457/2173 1737/2147/2173 1680/2458/2173
f 1958/2205/2174 1073/2459/2174 1254/2286/2174
f 529/2233/2175 1981/1450/2175 1242/2234/2175
f 1327/723/2176 1911/722/2176 2393/883/2176
f 2252/358/2177 1565/357/2177 1218/808/2177
f 2387/1681/2178 30/1142/2178 217/1141/2178
f 2045/2174/2179 466/2460/2179 2349/2362/2179
f 1166/313/2180 2388/1192/2180 312/2461/2180
f 922/949/2181 353/2280/2181 2529/997/2181
f 427/1815/2182 1506/1632/2182 1060/1362/2182
f 28/2327/2183 1760/1474/2183 1847/2247/2183
f 2366/211/2184 1179/213/2184 760/810/2184
f 1731/2380/2185 736/738/2185 121/2381/2185
f 1886/1553/2186 760/810/2186 759/609/2186
f 2063/1826/2187 2487/983/2187 2310/640/2187
f 293/118/2188 2378/793/2188 546/1726/2188
f 1137/2275/2189 823/1265/2189 2454/1129/2189
f 601/2462/2190 1862/396/2190 729/397/2190
f 57/846/2191 343/711/2191 1146/710/2191
f 1219/587/2192 1107/324/2192 79/1177/2192
f 2533/759/2193 1642/2463/2193 1419/2304/2193
f 2173/341/2194 2210/553/2194 1717/342/2194
f 1176/2002/2195 1822/77/2195 876/2138/2195
f 2124/1435/2196 763/2401/2196 888/1707/2196
f 2433/2322/2197 2211/2268/2197 2318/1359/2197
f 2275/1571/2198 2360/2117/2198 2424/2464/2198
f 36/2139/2199 1822/77/2199 1691/360/2199
f 1988/2165/2200 1562/2290/2200 465/1182/2200
f 405/1595/2201 1327/723/2201 634/2465/2201
f 1669/1753/2202 611/108/2202 643/950/2202
f 1912/1540/2203 663/1190/2203 1742/2065/2203
f 955/1798/2204 266/1776/2204 352/133/2204
f 502/2105/2205 719/430/2205 1217/690/2205
f 464/2132/2206 2055/943/2206 1187/685/2206
f 1767/2394/2207 1449/1510/2207 1590/2466/2207
f 39/789/2208 152/96/2208 305/1985/2208
f 455/2467/2209 1472/2468/2209 1480/2469/2209
f 2408/2409/2210 1203/246/2210 1905/1203/2210
f 1781/382/2211 1242/2234/2211 1909/992/2211
f 212/2449/2212 765/325/2212 375/960/2212
f 395/771/2213 244/1560/2213 2498/772/2213
f 1538/1938/2214 140/2062/2214 1380/847/2214
f 2307/1356/2215 1750/2470/2215 763/2401/2215
f 904/1816/2216 160/637/2216 706/2072/2216
f 1451/595/2217 1247/2328/2217 1055/596/2217
f 1404/1220/2218 842/247/2218 673/1418/2218
f 134/1398/2219 2057/920/2219 1732/1272/2219
f 1445/2471/2220 416/1166/2220 1956/1935/2220
f 2024/2196/2221 1607/1462/2221 2239/1155/2221
f 1541/2472/2222 126/2211/2222 381/1443/2222
f 1193/2297/2223 648/1689/2223 33/1613/2223
f 2076/1417/2224 71/1419/2224 406/1777/2224
f 955/1798/2225 1446/2473/2225 1695/911/2225
f 1579/2474/2226 2344/2475/2226 1184/2407/2226
f 367/2156/2227 431/2476/2227 1158/2154/2227
f 1981/1450/2228 2175/1528/2228 2315/1369/2228
f 1624/2007/2229 1848/6/2229 1588/1021/2229
f 526/939/2230 2192/987/2230 1542/2365/2230
f 877/40/2231 1318/1921/2231 1917/41/2231
f 1556/1044/2232 1124/175/2232 748/174/2232
f 1032/2425/2233 303/1825/2233 2205/2477/2233
f 2414/380/2234 1372/2218/2234 675/2478/2234
f 1170/989/2235 884/658/2235 2256/1266/2235
f 291/794/2236 31/1879/2236 233/683/2236
f 189/2189/2237 2241/1623/2237 314/1622/2237
f 1501/154/2238 1919/153/2238 857/2195/2238
f 217/1141/2239 1727/221/2239 1613/573/2239
f 2135/1003/2240 1336/2008/2240 279/1004/2240
f 664/1535/2241 590/2330/2241 1263/297/2241
f 2530/1991/2242 1862/396/2242 1429/125/2242
f 1429/125/2243 1862/396/2243 601/2462/2243
f 2314/22/2244 108/2479/2244 1376/2315/2244
f 1980/1642/2245 222/990/2245 218/2374/2245
f 405/1595/2246 1427/724/2246 1327/723/2246
f 781/2341/2247 2006/1741/2247 1154/2061/2247
f 433/1259/2248 2432/896/2248 2518/895/2248
f 1250/788/2249 2205/2477/2249 39/789/2249
f 364/2480/2250 1083/634/2250 527/633/2250
f 2125/2171/2251 1968/2396/2251 1738/2190/2251
f 997/2267/2252 2583/2404/2252 2295/1172/2252
f 980/1060/2253 1186/1773/2253 982/734/2253
f 1439/646/2254 2189/1276/2254 117/1440/2254
f 1623/1080/2255 722/497/2255 226/1423/2255
f 1368/340/2256 1438/2481/2256 339/1838/2256
f 901/2363/2257 1160/580/2257 366/579/2257
f 896/375/2258 822/2100/2258 676/376/2258
f 2581/1949/2259 95/2482/2259 186/1812/2259
f 381/1443/2260 2534/2483/2260 1541/2472/2260
f 859/1598/2261 1482/1597/2261 1703/1954/2261
f 224/980/2262 2039/979/2262 1112/1719/2262
f 125/42/2263 798/44/2263 229/1497/2263
f 10/2413/2264 2136/2412/2264 1349/2153/2264
f 677/1550/2265 1954/2484/2265 2226/106/2265
f 2132/2485/2266 887/2332/2266 1148/1549/2266
f 1256/761/2267 1642/2463/2267 2533/759/2267
f 2421/1853/2268 509/2119/2268 1685/2432/2268
f 35/1759/2269 234/888/2269 748/174/2269
f 2539/2023/2270 1651/687/2270 2260/686/2270
f 1109/551/2271 325/2047/2271 773/2353/2271
f 1756/1230/2272 592/2142/2272 2023/1228/2272
f 1652/509/2273 515/438/2273 1099/1444/2273
f 312/2461/2274 2155/1064/2274 200/1144/2274
f 1509/1671/2275 958/2162/2275 808/2231/2275
f 1298/2111/2276 2317/292/2276 2199/1235/2276
f 1664/2486/2277 1460/1806/2277 2306/1805/2277
f 1242/2234/2278 2315/1369/2278 1003/2334/2278
f 1035/1297/2279 1373/1103/2279 1300/1448/2279
f 168/1907/2280 77/1379/2280 1137/2275/2280
f 1733/1760/2281 1813/692/2281 1765/2159/2281
f 2165/1231/2282 350/748/2282 963/1285/2282
f 347/1960/2283 129/2053/2283 2547/470/2283
f 1038/2108/2284 54/1946/2284 1815/2107/2284
f 2000/1388/2285 2429/2487/2285 2278/23/2285
f 335/421/2286 2243/116/2286 1667/1321/2286
f 1358/1503/2287 10/2413/2287 2208/2042/2287
f 800/1783/2288 595/1058/2288 2333/1031/2288
f 1118/2213/2289 2450/2488/2289 1662/2214/2289
f 1598/863/2290 1787/2489/2290 1786/316/2290
f 768/1445/2291 545/582/2291 274/584/2291
f 1049/1322/2292 1991/2490/2292 456/1323/2292
f 78/249/2293 1659/248/2293 1143/1386/2293
f 1808/2018/2294 536/1665/2294 1928/1873/2294
f 1902/354/2295 398/2009/2295 1336/2008/2295
f 1661/2216/2296 1798/1937/2296 2123/1287/2296
f 335/421/2297 1667/1321/2297 42/2491/2297
f 1461/649/2298 2284/1993/2298 1422/650/2298
f 205/2333/2299 1095/2048/2299 1794/2492/2299
f 1910/31/2300 1923/2493/2300 689/32/2300
f 1709/1066/2301 2399/506/2301 1357/1602/2301
f 2569/569/2302 2532/101/2302 492/1197/2302
f 1784/1668/2303 483/1749/2303 199/1504/2303
f 2178/2112/2304 2237/2169/2304 651/2298/2304
f 2398/523/2305 1062/1546/2305 2194/1545/2305
f 2272/1974/2306 1792/1659/2306 913/1896/2306
f 989/433/2307 2082/2494/2307 1548/1566/2307
f 1471/2222/2308 831/2110/2308 1004/2495/2308
f 2211/2268/2309 1947/1346/2309 64/1195/2309
f 1057/1923/2310 2355/1925/2310 1787/2489/2310
f 1677/1360/2311 2318/1359/2311 2159/1996/2311
f 2379/1525/2312 1421/606/2312 2334/1917/2312
f 2391/86/2313 1152/1213/2313 1489/779/2313
f 1550/420/2314 741/1616/2314 1903/802/2314
f 1203/246/2315 2408/2409/2315 622/2308/2315
f 777/1207/2316 578/1501/2316 1802/1500/2316
f 925/2434/2317 1850/1122/2317 368/132/2317
f 1966/1381/2318 11/370/2318 1921/1382/2318
f 921/2235/2319 2099/843/2319 1267/845/2319
f 1276/1442/2320 2204/1102/2320 2534/2483/2320
f 2024/2196/2321 863/1495/2321 2399/506/2321
f 1689/1251/2322 1266/2069/2322 436/1252/2322
f 1405/424/2323 2107/1939/2323 2144/422/2323
f 1056/1988/2324 331/2496/2324 41/2180/2324
f 299/1392/2325 890/707/2325 966/706/2325
f 2006/1741/2326 2396/806/2326 1575/805/2326
f 753/1145/2327 172/2497/2327 977/2260/2327
f 2405/210/2328 1276/1442/2328 1065/49/2328
f 725/1975/2329 1302/1441/2329 117/1440/2329
f 1637/431/2330 848/2498/2330 1812/432/2330
f 1816/1834/2331 1352/2337/2331 1604/2336/2331
f 1971/2499/2332 1352/2337/2332 1816/1834/2332
f 1087/461/2333 1132/307/2333 1380/847/2333
f 911/1649/2334 1091/1817/2334 1050/1650/2334
f 1586/2185/2335 368/132/2335 1354/2350/2335
f 1156/2331/2336 1954/2484/2336 677/1550/2336
f 871/822/2337 823/1265/2337 1137/2275/2337
f 1609/697/2338 472/696/2338 517/204/2338
f 833/2438/2339 1922/1977/2339 1415/1979/2339
f 1195/56/2340 2067/55/2340 2316/2232/2340
f 2/1493/2341 1033/1733/2341 318/2500/2341
f 649/840/2342 657/1201/2342 122/2046/2342
f 2107/1939/2343 744/2501/2343 2309/364/2343
f 2150/1585/2344 1463/1168/2344 239/2088/2344
f 206/34/2345 1855/1633/2345 344/35/2345
f 753/1145/2346 977/2260/2346 2053/1894/2346
f 2324/2204/2347 1073/2459/2347 1958/2205/2347
f 1138/679/2348 1529/95/2348 2221/2006/2348
f 835/651/2349 1587/629/2349 330/631/2349
f 1742/2065/2350 663/1190/2350 294/2339/2350
f 1524/1210/2351 1833/1502/2351 1748/1241/2351
f 1445/2471/2352 2443/2437/2352 968/2502/2352
f 364/2503/2353 1865/2504/2353 2158/2505/2353
f 515/438/2354 799/437/2354 1093/614/2354
f 1787/2489/2355 2355/1925/2355 1265/317/2355
f 1403/2240/2356 1944/2239/2356 634/2465/2356
f 2368/1924/2357 1435/1709/2357 1164/1310/2357
f 195/279/2358 190/278/2358 1124/175/2358
f 1792/1659/2359 692/1658/2359 913/1896/2359
f 267/1099/2360 913/1896/2360 692/1658/2360
f 1658/2506/2361 310/675/2361 1518/1415/2361
f 1055/596/2362 796/2301/2362 1811/2507/2362
f 2282/1316/2363 2253/1019/2363 469/2243/2363
f 2416/1533/2364 1616/1955/2364 1250/788/2364
f 1097/2017/2365 2428/1055/2365 237/2113/2365
f 45/471/2366 930/1225/2366 2177/472/2366
f 2522/919/2367 1311/1679/2367 1294/273/2367
f 971/776/2368 933/778/2368 1781/382/2368
f 1162/377/2369 676/376/2369 709/780/2369
f 2302/1948/2370 1414/2343/2370 2517/1603/2370
f 1520/1000/2371 1041/2410/2371 1155/1001/2371
f 1695/911/2372 2309/364/2372 2137/363/2372
f 2265/899/2373 470/1809/2373 1615/1835/2373
f 1788/971/2374 1821/1327/2374 1686/2344/2374
f 1652/509/2375 1052/1194/2375 1054/436/2375
f 739/1136/2376 738/833/2376 1880/2283/2376
f 2041/2508/2377 1223/2448/2377 474/2272/2377
f 12/2405/2378 1525/2509/2378 2042/1751/2378
f 1933/2076/2379 2316/2232/2379 2133/2510/2379
f 370/197/2380 1010/199/2380 1977/545/2380
f 2084/2511/2381 131/1267/2381 1021/2512/2381
f 2370/2442/2382 276/2443/2382 920/2513/2382
f 193/1684/2383 1545/912/2383 292/655/2383
f 2354/2417/2384 2133/2510/2384 276/2443/2384
f 439/2445/2385 637/2188/2385 558/223/2385
f 1422/650/2386 311/1520/2386 1693/648/2386
f 1131/567/2387 1204/2152/2387 2269/88/2387
f 1442/43/2388 978/1864/2388 2398/523/2388
f 1660/1113/2389 1359/1963/2389 1298/2111/2389
f 2084/2511/2390 1028/1227/2390 131/1267/2390
f 1633/550/2391 579/552/2391 1793/879/2391
f 1555/121/2392 1682/1526/2392 2251/2020/2392
f 1291/2514/2393 722/497/2393 1623/1080/2393
f 654/1976/2394 1899/2197/2394 1133/1886/2394
f 1857/1336/2395 60/1059/2395 2175/1528/2395
f 1325/1981/2396 2231/1438/2396 227/1439/2396
f 151/84/2397 1086/618/2397 1069/85/2397
f 910/166/2398 29/170/2398 161/600/2398
f 124/1727/2399 795/1075/2399 1991/2490/2399
f 94/2155/2400 1158/2154/2400 1235/2329/2400
f 2465/2515/2401 1029/2516/2401 1938/746/2401
f 24/163/2402 535/1002/2402 2396/806/2402
f 1205/2517/2403 1791/1926/2403 1196/2518/2403
f 1039/200/2404 2476/202/2404 1710/1408/2404
f 2093/1600/2405 66/263/2405 242/265/2405
f 2319/2398/2406 1596/2519/2406 1566/854/2406
f 77/1379/2407 1364/2115/2407 2372/1377/2407
f 1515/2181/2408 1762/2359/2408 2503/2182/2408
f 1149/1592/2409 1465/1591/2409 2484/1390/2409
f 1458/2520/2410 1691/360/2410 1757/2521/2410
f 293/118/2411 546/1726/2411 124/1727/2411
f 25/2024/2412 426/702/2412 2002/73/2412
f 1220/581/2413 2195/867/2413 1304/2522/2413
f 381/1443/2414 1412/1696/2414 587/50/2414
f 2208/2042/2415 1749/1282/2415 1423/576/2415
f 786/1169/2416 1886/1553/2416 1725/144/2416
f 1365/1154/2417 257/615/2417 1948/1554/2417
f 180/2082/2418 839/1350/2418 2394/2095/2418
f 255/2357/2419 647/2431/2419 1601/483/2419
f 1567/1898/2420 1534/91/2420 2187/90/2420
f 1948/1554/2421 257/615/2421 2214/1555/2421
f 45/471/2422 1194/2371/2422 1889/1771/2422
f 716/111/2423 1286/1823/2423 550/1822/2423
f 2011/1674/2424 765/325/2424 212/2449/2424
f 2292/527/2425 2459/219/2425 1852/305/2425
f 1216/2256/2426 2371/1678/2426 1044/2313/2426
f 1832/440/2427 2181/715/2427 44/1723/2427
f 2028/1950/2428 1167/984/2428 953/65/2428
f 467/1543/2429 123/1332/2429 193/1684/2429
f 1953/89/2430 1081/177/2430 1269/1488/2430
f 2513/304/2431 2116/303/2431 1774/813/2431
f 2266/966/2432 723/727/2432 360/38/2432
f 476/2306/2433 1178/2305/2433 903/1625/2433
f 2584/1167/2434 1586/2185/2434 1894/2274/2434
f 775/2340/2435 663/1190/2435 2340/164/2435
f 1897/536/2436 88/916/2436 2183/601/2436
f 1515/2181/2437 1743/2523/2437 1409/2358/2437
f 660/1757/2438 1556/1044/2438 748/174/2438
f 1641/1931/2439 211/2433/2439 1867/1932/2439
f 7/1341/2440 723/727/2440 1410/726/2440
f 891/1262/2441 210/934/2441 75/2453/2441
f 1749/1282/2442 2208/2042/2442 1574/1120/2442
f 1574/1120/2443 2208/2042/2443 10/2413/2443
f 1698/2036/2444 527/633/2444 1293/2524/2444
f 1816/1834/2445 675/2478/2445 1971/2499/2445
f 1483/2525/2446 1851/2134/2446 2321/2526/2446
f 2250/1018/2447 1948/1554/2447 1200/1556/2447
f 1655/1375/2448 1901/110/2448 1213/112/2448
f 267/1099/2449 1414/2343/2449 1595/1100/2449
f 498/315/2450 860/928/2450 922/949/2450
f 2561/192/2451 2362/1927/2451 1867/1932/2451
f 1918/1217/2452 442/2527/2452 1434/1216/2452
f 368/132/2453 1543/131/2453 1354/2350/2453
f 1078/428/2454 1885/1521/2454 1009/429/2454
f 1511/1821/2455 1737/2147/2455 2165/1231/2455
f 1977/545/2456 435/1311/2456 1514/546/2456
f 2102/2277/2457 914/1345/2457 2011/1674/2457
f 2417/1146/2458 2053/1894/2458 1743/2523/2458
f 1870/2528/2459 2083/1607/2459 213/1606/2459
f 208/2287/2460 1759/915/2460 2249/914/2460
f 1996/185/2461 1257/187/2461 2436/1278/2461
f 1745/1653/2462 1448/2014/2462 1829/1644/2462
f 2164/2342/2463 235/416/2463 519/1863/2463
f 1215/1499/2464 102/407/2464 784/607/2464
f 820/2529/2465 744/2501/2465 2107/1939/2465
f 2325/1843/2466 651/2298/2466 390/1572/2466
f 1685/2432/2467 1572/445/2467 2202/2372/2467
f 1453/2325/2468 2362/1927/2468 377/2447/2468
f 2542/1477/2469 2418/267/2469 306/599/2469
f 1604/2336/2470 2419/900/2470 1615/1835/2470
f 2454/1129/2471 1240/905/2471 1673/904/2471
f 2303/1934/2472 2379/1525/2472 2153/334/2472
f 2409/2530/2473 1426/2531/2473 1396/2279/2473
f 100/1656/2474 1537/1104/2474 1086/618/2474
f 1951/2451/2475 556/2081/2475 1465/1591/2475
f 1519/490/2476 861/1116/2476 2534/2483/2476
f 1301/280/2477 100/1656/2477 1086/618/2477
f 585/235/2478 212/2449/2478 375/960/2478
f 2344/2475/2479 1287/2408/2479 1184/2407/2479
f 480/1792/2480 1707/2083/2480 1368/340/2480
f 480/1792/2481 1368/340/2481 2167/2532/2481
f 968/2502/2482 363/1718/2482 2584/1167/2482
f 2193/2533/2483 1711/2534/2483 2306/1805/2483
f 1121/730/2484 22/2535/2484 2049/136/2484
f 682/482/2485 1108/484/2485 2068/2536/2485
f 1264/2158/2486 1699/938/2486 1339/1202/2486
f 72/1562/2487 2233/1156/2487 1607/1462/2487
f 2225/625/2488 939/1518/2488 1998/1848/2488
f 2348/1747/2489 2288/1599/2489 2290/1601/2489
f 2504/349/2490 207/114/2490 874/113/2490
f 386/2087/2491 225/1683/2491 1930/526/2491
f 29/170/2492 880/2104/2492 150/332/2492
f 2449/1071/2493 2309/364/2493 744/2501/2493
f 122/2046/2494 1374/1200/2494 1669/1753/2494
f 682/482/2495 2068/2536/2495 2078/1429/2495
f 2572/64/2496 1514/546/2496 847/836/2496
f 1446/2473/2497 1547/910/2497 1695/911/2497
f 1159/2116/2498 1547/910/2498 1446/2473/2498
f 328/1877/2499 1931/2092/2499 1932/1895/2499
f 859/1598/2500 1703/1954/2500 2373/2375/2500
f 323/480/2501 906/1511/2501 1610/1522/2501
f 58/1095/2502 1487/1594/2502 1939/1096/2502
f 475/1367/2503 1371/931/2503 1447/1157/2503
f 1395/1446/2504 785/45/2504 2352/705/2504
f 2018/1852/2505 1937/1361/2505 163/2120/2505
f 568/2109/2506 1809/1885/2506 1517/2537/2506
f 73/834/2507 2466/2202/2507 2494/318/2507
f 667/542/2508 1481/2538/2508 1440/1940/2508
f 1868/2361/2509 773/2353/2509 325/2047/2509
f 1938/746/2510 936/745/2510 1189/1338/2510
f 981/54/2511 1195/56/2511 1182/1883/2511
f 274/584/2512 1127/2086/2512 1360/785/2512
f 354/1351/2513 1718/1854/2513 2157/1352/2513
f 1037/695/2514 2385/1675/2514 1783/1710/2514
f 2001/933/2515 1121/730/2515 881/2539/2515
f 889/1077/2516 1399/1076/2516 1863/81/2516
f 1114/373/2517 2067/55/2517 981/54/2517
f 2572/64/2518 2213/827/2518 1977/545/2518
f 1007/2540/2519 1639/2294/2519 1238/1034/2519
f 1227/1048/2520 850/572/2520 115/543/2520
f 702/1945/2521 720/359/2521 373/664/2521
f 1255/1516/2522 409/1515/2522 739/1136/2522
f 2272/1974/2523 1028/1227/2523 1148/1549/2523
f 1567/1898/2524 1023/1667/2524 912/1669/2524
f 1041/2410/2525 1520/1000/2525 833/2438/2525
f 38/925/2526 865/1903/2526 80/923/2526
f 2407/674/2527 1362/673/2527 1810/276/2527
f 84/781/2528 395/771/2528 2384/782/2528
f 185/866/2529 1464/1722/2529 2112/2541/2529
f 2408/2409/2530 623/286/2530 478/1563/2530
f 2041/2508/2531 2571/1509/2531 1449/1510/2531
f 1579/2474/2532 2525/1589/2532 93/2389/2532
f 1486/2079/2533 1013/2015/2533 813/2542/2533
f 1565/357/2534 720/359/2534 430/1531/2534
f 1420/1700/2535 1033/1733/2535 421/1701/2535
f 2342/2237/2536 327/2259/2536 612/2238/2536
f 258/2257/2537 327/2259/2537 2342/2237/2537
f 28/2327/2538 21/733/2538 1006/732/2538
f 1980/1642/2539 218/2374/2539 1557/2217/2539
f 1473/57/2540 216/59/2540 469/2243/2540
f 146/1253/2541 2072/736/2541 188/735/2541
f 443/1324/2542 2020/1584/2542 1306/1115/2542
f 417/2543/2543 1399/1076/2543 1914/2150/2543
f 1281/2016/2544 1393/214/2544 2330/856/2544
f 2273/226/2545 2338/1007/2545 845/2143/2545
f 282/2128/2546 854/519/2546 1444/1908/2546
f 1124/175/2547 190/278/2547 2113/995/2547
f 2386/107/2548 934/1646/2548 2475/2135/2548
f 812/1036/2549 220/1664/2549 1045/1666/2549
f 2159/1996/2550 2318/1359/2550 1766/1971/2550
f 1757/2521/2551 1931/2092/2551 2298/2091/2551
f 2301/1491/2552 569/1078/2552 2420/641/2552
f 2492/182/2553 1526/2386/2553 1405/424/2553
f 1044/2313/2554 1027/2292/2554 1168/2303/2554
f 1074/423/2555 2144/422/2555 1023/1667/2555
f 731/2440/2556 2172/2291/2556 714/1130/2556
f 2249/914/2557 1897/536/2557 734/538/2557
f 1455/1845/2558 489/2054/2558 2261/2074/2558
f 1252/844/2559 992/1051/2559 1970/1861/2559
f 1973/1014/2560 50/1015/2560 281/140/2560
f 1287/2408/2561 2344/2475/2561 308/1025/2561
f 245/1289/2562 99/2544/2562 764/167/2562
f 386/2087/2563 228/1582/2563 2033/2031/2563
f 1341/1283/2564 1730/230/2564 2169/229/2564
f 2323/2149/2565 181/2148/2565 2244/1413/2565
f 1647/2133/2566 2321/2526/2566 1851/2134/2566
f 1589/1312/2567 156/603/2567 650/477/2567
f 1102/2545/2568 80/923/2568 865/1903/2568
f 751/1106/2569 52/1105/2569 1864/2131/2569
f 274/584/2570 2009/2220/2570 1127/2086/2570
f 1361/1250/2571 1684/2397/2571 2543/2179/2571
f 1599/1114/2572 2199/1235/2572 1580/1730/2572
f 2206/451/2573 1160/580/2573 679/449/2573
f 1821/1327/2574 2086/504/2574 1092/2546/2574
f 2265/899/2575 1615/1835/2575 2419/900/2575
f 1423/576/2576 1492/875/2576 1561/577/2576
f 374/503/2577 2055/943/2577 624/502/2577
f 2142/1958/2578 1989/1655/2578 1758/2000/2578
f 618/1820/2579 1680/2458/2579 1737/2147/2579
f 884/658/2580 1349/2153/2580 2136/2412/2580
f 1049/1322/2581 927/1992/2581 1991/2490/2581
f 637/2188/2582 815/1062/2582 1036/1063/2582
f 775/2340/2583 2340/164/2583 915/2345/2583
f 901/2363/2584 2566/2248/2584 2337/2436/2584
f 1509/1671/2585 488/1538/2585 1706/2163/2585
f 2439/485/2586 1698/487/2586 1293/2547/2586
f 1620/2444/2587 543/2278/2587 1106/873/2587
f 1164/1310/2588 2274/2282/2588 563/832/2588
f 374/503/2589 340/180/2589 573/1483/2589
f 2051/2548/2590 1228/2033/2590 1363/220/2590
f 961/1079/2591 974/1647/2591 964/1746/2591
f 2467/1997/2592 2505/1247/2592 442/2527/2592
f 2223/2549/2593 650/477/2593 334/479/2593
f 1924/1088/2594 599/1697/2594 126/2211/2594
f 1784/1668/2595 2144/422/2595 2107/1939/2595
f 257/615/2596 44/1723/2596 2214/1555/2596
f 755/30/2597 1793/879/2597 2376/28/2597
f 581/2550/2598 2191/193/2598 866/2383/2598
f 1665/1729/2599 1907/350/2599 548/473/2599
f 626/1739/2600 365/1514/2600 636/2252/2600
f 1746/996/2601 260/2101/2601 853/419/2601
f 807/1900/2602 2410/855/2602 2218/1901/2602
f 377/2447/2603 1791/1926/2603 1453/2325/2603
f 2257/1255/2604 2267/264/2604 66/263/2604
f 414/1133/2605 1715/1010/2605 1611/564/2605
f 828/1866/2606 2577/2391/2606 1729/1867/2606
f 2172/2291/2607 1908/2450/2607 714/1130/2607
f 2481/2172/2608 2551/2551/2608 797/2263/2608
f 10/2413/2609 1349/2153/2609 1574/1120/2609
f 371/2552/2610 372/1779/2610 2142/1958/2610
f 2467/1997/2611 442/2527/2611 1918/1217/2611
f 546/1726/2612 2378/793/2612 2028/1950/2612
f 2217/1912/2613 40/974/2613 1119/973/2613
f 2543/2179/2614 1684/2397/2614 1920/1090/2614
f 2228/1301/2615 2039/979/2615 1268/981/2615
f 1859/1119/2616 1772/2199/2616 2007/2553/2616
f 275/571/2617 1613/573/2617 1827/1180/2617
f 46/668/2618 2100/301/2618 184/666/2618
f 1145/10/2619 630/12/2619 170/613/2619
f 1757/2521/2620 1691/360/2620 1390/243/2620
f 852/1005/2621 1602/1006/2621 2338/1007/2621
f 1539/2554/2622 2138/2094/2622 614/1475/2622
f 2444/557/2623 2138/2094/2623 1539/2554/2623
f 174/1787/2624 2583/2404/2624 997/2267/2624
f 1053/2555/2625 2518/895/2625 1181/1165/2625
f 436/1252/2626 463/459/2626 1972/260/2626
f 459/256/2627 581/2550/2627 1079/2184/2627
f 597/135/2628 2331/2430/2628 484/2556/2628
f 2118/2310/2629 153/1858/2629 1969/390/2629
f 1765/2159/2630 2466/2202/2630 606/1135/2630
f 870/138/2631 1106/873/2631 745/126/2631
f 2568/2210/2632 2430/2209/2632 2222/2557/2632
f 2021/2558/2633 298/1093/2633 2024/2196/2633
f 1505/2420/2634 2423/2004/2634 1108/484/2634
f 2553/2228/2635 41/2180/2635 331/2496/2635
f 1877/2559/2636 155/1941/2636 1430/1610/2636
f 1986/1702/2637 1329/1651/2637 2160/680/2637
f 1214/1173/2638 12/2405/2638 2042/1751/2638
f 810/1791/2639 1703/1954/2639 2498/772/2639
f 592/2142/2640 2234/592/2640 1019/2250/2640
f 801/281/2641 2120/1965/2641 201/2056/2641
f 1011/1611/2642 1352/2337/2642 144/328/2642
f 326/947/2643 1681/1447/2643 2473/1393/2643
f 2497/2560/2644 86/796/2644 1453/2366/2644
f 1085/2561/2645 1658/2506/2645 1366/2562/2645
f 459/256/2646 2457/130/2646 804/129/2646
f 1899/2197/2647 391/2215/2647 72/1562/2647
f 1458/2520/2648 2298/2091/2648 1848/6/2648
f 1911/722/2649 1528/119/2649 2393/883/2649
f 509/2119/2650 1572/445/2650 1685/2432/2650
f 2343/1902/2651 2218/1901/2651 2224/1672/2651
f 1231/1042/2652 685/2136/2652 1547/910/2652
f 2499/1170/2653 1291/2514/2653 176/2251/2653
f 2499/1170/2654 1384/620/2654 1291/2514/2654
f 1169/1876/2655 1621/1123/2655 1850/1122/2655
f 119/2563/2656 76/1344/2656 1807/1620/2656
f 1762/2359/2657 1409/2358/2657 2445/1118/2657
f 2183/601/2658 88/916/2658 1155/1001/2658
f 121/2381/2659 47/1455/2659 1296/1454/2659
f 915/2345/2660 219/676/2660 1085/2561/2660
f 1730/230/2661 1341/1283/2661 1118/2213/2661
f 657/1201/2662 649/840/2662 2201/141/2662
f 1627/2034/2663 527/633/2663 724/632/2663
f 1766/1971/2664 1945/1973/2664 1171/2099/2664
f 1121/730/2665 2049/136/2665 881/2539/2665
f 439/2445/2666 802/491/2666 637/2188/2666
f 1468/2029/2667 2163/2265/2667 514/2400/2667
f 1697/1125/2668 1839/2564/2668 1180/2565/2668
f 1627/2034/2669 1176/2002/2669 876/2138/2669
f 438/1712/2670 2220/698/2670 258/2257/2670
f 375/960/2671 2146/2299/2671 580/961/2671
f 1774/813/2672 1955/1944/2672 1313/812/2672
f 58/1095/2673 348/1728/2673 262/94/2673
f 832/2566/2674 2425/2207/2674 1064/2567/2674
f 2181/715/2675 475/1367/2675 1447/1157/2675
f 2040/2130/2676 453/2253/2676 893/2021/2676
f 1488/173/2677 1101/2370/2677 2277/955/2677
f 1163/222/2678 1727/221/2678 217/1141/2678
f 1769/1994/2679 2284/1993/2679 2375/233/2679
f 5/500/2680 1098/499/2680 1888/1383/2680
f 1552/533/2681 995/535/2681 1987/917/2681
f 1461/649/2682 1693/648/2682 2329/1875/2682
f 2081/1890/2683 600/891/2683 1689/1251/2683
f 2281/1527/2684 176/2251/2684 346/716/2684
f 2509/1583/2685 752/494/2685 135/493/2685
f 479/39/2686 2501/1256/2686 979/37/2686
f 364/2480/2687 403/2013/2687 171/2012/2687
f 360/38/2688 7/1341/2688 2436/1278/2688
f 158/1185/2689 547/51/2689 1408/53/2689
f 2341/1841/2690 2439/485/2690 618/1820/2690
f 2271/2030/2691 2272/1974/2691 913/1896/2691
f 1255/1516/2692 1321/2254/2692 1456/1517/2692
f 978/1864/2693 1628/1564/2693 1952/1865/2693
f 553/946/2694 2479/2051/2694 586/635/2694
f 271/2429/2695 132/1140/2695 2046/2568/2695
f 120/351/2696 1665/1729/2696 348/1728/2696
f 2147/622/2697 2091/1799/2697 1702/1073/2697
f 912/1669/2698 1674/1506/2698 2003/864/2698
f 2185/1698/2699 2301/1491/2699 2420/641/2699
f 33/1613/2700 1080/645/2700 277/254/2700
f 1147/2569/2701 1467/906/2701 2373/2375/2701
f 622/2308/2702 1373/1103/2702 1035/1297/2702
f 2124/1435/2703 1752/2570/2703 763/2401/2703
f 1713/2307/2704 2342/2237/2704 1198/2571/2704
f 1451/595/2705 840/941/2705 1387/1910/2705
f 495/1364/2706 437/1559/2706 1060/1362/2706
f 2304/68/2707 32/1138/2707 774/66/2707
f 1689/1251/2708 1972/260/2708 2059/1373/2708
f 2481/2172/2709 388/643/2709 1135/2177/2709
f 2063/1826/2710 2310/640/2710 1493/97/2710
f 1770/323/2711 1874/1171/2711 1531/750/2711
f 1013/2015/2712 2441/1765/2712 1268/981/2712
f 2251/2020/2713 1569/1273/2713 1555/121/2713
f 768/1445/2714 274/584/2714 1360/785/2714
f 1391/790/2715 2062/1124/2715 1678/1856/2715
f 2500/24/2716 1782/2572/2716 108/2479/2716
f 2433/2322/2717 2180/1721/2717 2048/1750/2717
f 1146/710/2718 1440/709/2718 1481/1551/2718
f 1576/2573/2719 1392/1132/2719 1466/455/2719
f 1714/1329/2720 128/1328/2720 1984/339/2720
f 1622/2574/2721 985/1226/2721 123/1332/2721
f 2566/2248/2722 1847/2247/2722 1760/1474/2722
f 1549/178/2723 1204/2152/2723 2490/566/2723
f 556/2081/2724 712/2388/2724 2087/1619/2724
f 1350/1542/2725 110/1888/2725 663/1190/2725
f 2010/717/2726 2532/101/2726 721/718/2726
f 1526/2386/2727 1061/1686/2727 744/2501/2727
f 1645/1409/2728 1666/2575/2728 180/2082/2728
f 1944/2239/2729 405/1595/2729 634/2465/2729
f 2369/1416/2730 644/814/2730 1925/2576/2730
f 2503/2182/2731 1758/2000/2731 2071/1989/2731
f 1559/605/2732 1502/604/2732 560/7/2732
f 32/1138/2733 601/2462/2733 729/397/2733
f 300/333/2734 150/332/2734 2564/1990/2734
f 1356/1318/2735 396/1017/2735 2282/1316/2735
f 185/866/2736 1220/581/2736 1160/580/2736
f 777/1207/2737 1802/1500/2737 322/2390/2737
f 477/1426/2738 2475/2135/2738 988/1919/2738
f 2429/2487/2739 2525/1589/2739 2500/24/2739
f 2453/2455/2740 667/542/2740 1047/544/2740
f 2398/523/2741 2194/1545/2741 640/1872/2741
f 1968/2396/2742 2097/2293/2742 1738/2190/2742
f 1928/1873/2743 68/1049/2743 2157/1352/2743
f 337/335/2744 1020/311/2744 1177/1574/2744
f 2292/527/2745 1484/1280/2745 2463/1452/2745
f 1499/671/2746 608/1829/2746 1046/2577/2746
f 2161/2005/2747 520/1694/2747 98/1807/2747
f 1073/2459/2748 2324/2204/2748 331/2496/2748
f 1116/1188/2749 70/1768/2749 2435/2186/2749
f 1099/1444/2750 1321/2254/2750 1880/2283/2750
f 1248/1074/2751 2484/1390/2751 299/1392/2751
f 2537/1893/2752 2253/1019/2752 2250/1018/2752
f 454/1695/2753 520/1694/2753 1665/1729/2753
f 2007/2553/2754 1285/1281/2754 1749/1282/2754
f 1288/756/2755 2470/1340/2755 417/2543/2755
f 818/965/2756 1754/2057/2756 1756/1230/2756
f 1641/1931/2757 865/1903/2757 211/2433/2757
f 1272/1978/2758 1437/2427/2758 2456/1789/2758
f 570/1970/2759 1620/2444/2759 870/138/2759
f 916/2052/2760 1455/1845/2760 2448/1844/2760
f 2421/1853/2761 2018/1852/2761 163/2120/2761
f 163/2120/2762 509/2119/2762 2421/1853/2762
f 143/1101/2763 1521/271/2763 1275/534/2763
f 2539/2023/2764 1403/2240/2764 1651/687/2764
f 2240/1461/2765 1424/1299/2765 1261/2578/2765
f 520/1694/2766 400/2037/2766 348/1728/2766
f 777/1207/2767 322/2390/2767 182/1828/2767
f 1933/2076/2768 2133/2510/2768 1849/2077/2768
f 2317/292/2769 1490/2288/2769 82/293/2769
f 595/1058/2770 2173/341/2770 1707/2083/2770
f 2189/1276/2771 1605/1275/2771 117/1440/2771
f 1038/2108/2772 2376/28/2772 54/1946/2772
f 1876/93/2773 1487/1594/2773 262/94/2773
f 380/1404/2774 879/1293/2774 59/2579/2774
f 121/2381/2775 736/738/2775 47/1455/2775
f 491/2580/2776 148/1456/2776 2004/1458/2776
f 2373/2375/2777 605/2032/2777 1147/2569/2777
f 1123/2064/2778 908/1534/2778 2019/2125/2778
f 531/1222/2779 1385/2080/2779 89/725/2779
f 580/961/2780 1250/788/2780 1616/1955/2780
f 2230/1292/2781 1603/257/2781 2363/259/2781
f 2577/2391/2782 726/586/2782 1729/1867/2782
f 388/643/2783 780/642/2783 1135/2177/2783
f 1598/863/2784 1057/1923/2784 1787/2489/2784
f 2507/2270/2785 474/2272/2785 48/2316/2785
f 1185/1371/2786 2130/2581/2786 1072/1084/2786
f 2054/929/2787 247/930/2787 2162/913/2787
f 2170/92/2788 1534/91/2788 2003/864/2788
f 1675/2582/2789 798/44/2789 59/2579/2789
f 1902/354/2790 917/1395/2790 398/2009/2790
f 1526/2386/2791 820/2529/2791 1405/424/2791
f 1674/1506/2792 912/1669/2792 199/1504/2792
f 1528/119/2793 1104/1422/2793 2235/2010/2793
f 1726/1334/2794 602/2041/2794 193/1684/2794
f 126/2211/2795 1541/2472/2795 521/1484/2795
f 1221/2068/2796 146/1253/2796 1740/661/2796
f 2306/1805/2797 1764/754/2797 283/753/2797
f 800/1783/2798 917/1395/2798 2210/553/2798
f 1107/324/2799 1531/750/2799 582/752/2799
f 2446/329/2800 2203/1121/2800 2480/1494/2800
f 1299/355/2801 2308/143/2801 909/1/2801
f 1225/1326/2802 1670/1325/2802 945/409/2802
f 1268/981/2803 224/980/2803 813/2542/2803
f 43/525/2804 1735/411/2804 806/413/2804
f 1130/878/2805 1735/411/2805 43/525/2805
f 1881/1711/2806 616/714/2806 1037/695/2806
f 2254/2123/2807 1310/688/2807 307/882/2807
f 2546/2426/2808 1799/2063/2808 1340/870/2808
f 269/588/2809 867/1593/2809 226/1423/2809
f 2454/1129/2810 1970/1861/2810 1240/905/2810
f 2493/1738/2811 718/1737/2811 1473/57/2811
f 183/1086/2812 1157/1742/2812 1705/1175/2812
f 897/713/2813 1157/1742/2813 183/1086/2813
f 694/1296/2814 755/30/2814 429/29/2814
f 2236/1544/2815 1062/1546/2815 2242/1305/2815
f 2364/405/2816 102/407/2816 1308/1498/2816
f 2432/896/2817 433/1259/2817 2185/1698/2817
f 1449/1510/2818 2072/736/2818 1221/2068/2818
f 218/2374/2819 1477/474/2819 287/2193/2819
f 2078/1429/2820 2068/2536/2820 1801/1428/2820
f 196/2121/2821 1259/2583/2821 2533/759/2821
f 427/1815/2822 1060/1362/2822 973/945/2822
f 1590/2466/2823 1221/2068/2823 1740/661/2823
f 2249/914/2824 88/916/2824 1897/536/2824
f 699/76/2825 1417/1098/2825 1822/77/2825
f 1262/1164/2826 1436/2090/2826 1181/1165/2826
f 972/2584/2827 2021/2558/2827 1709/1066/2827
f 1684/2397/2828 1455/1845/2828 2261/2074/2828
f 537/2585/2829 1777/498/2829 1159/2116/2829
f 2412/1295/2830 1943/704/2830 2352/705/2830
f 1508/1279/2831 1998/1848/2831 846/1847/2831
f 98/1807/2832 1554/2351/2832 1801/1428/2832
f 2365/1824/2833 39/789/2833 2205/2477/2833
f 1137/2275/2834 2454/1129/2834 168/1907/2834
f 640/1872/2835 2236/1544/2835 2106/79/2835
f 1547/910/2836 685/2136/2836 379/2137/2836
f 110/1888/2837 1350/1542/2837 552/1578/2837
f 2519/1432/2838 2376/28/2838 1626/1874/2838
f 1901/110/2839 200/1144/2839 948/1143/2839
f 1829/1644/2840 1448/2014/2840 1842/1463/2840
f 764/167/2841 1507/2258/2841 258/2257/2841
f 34/1983/2842 1345/1882/2842 892/2284/2842
f 171/2012/2843 1975/616/2843 693/75/2843
f 489/2054/2844 129/2053/2844 285/1959/2844
f 1369/18/2845 952/17/2845 2430/2209/2845
f 2206/451/2846 139/1039/2846 1160/580/2846
f 1067/2049/2847 1142/2050/2847 945/409/2847
f 329/268/2848 1631/1233/2848 696/1024/2848
f 1882/548/2849 196/2121/2849 2096/549/2849
f 1359/1963/2850 1490/2288/2850 2317/292/2850
f 1294/273/2851 875/1878/2851 291/794/2851
f 566/196/2852 559/1229/2852 2394/2095/2852
f 653/1624/2853 934/1646/2853 2226/106/2853
f 2140/1139/2854 716/111/2854 550/1822/2854
f 1114/373/2855 2370/2442/2855 920/2513/2855
f 368/132/2856 1850/1122/2856 352/133/2856
f 1994/691/2857 1289/2145/2857 1862/396/2857
f 1489/779/2858 1152/1213/2858 1374/1200/2858
f 807/1900/2859 2343/1902/2859 960/694/2859
f 2025/2586/2860 2149/1868/2860 1957/2346/2860
f 137/1268/2861 159/1660/2861 358/1245/2861
f 1916/1631/2862 1960/556/2862 179/2587/2862
f 2297/2360/2863 1448/2014/2863 1330/1957/2863
f 1068/1469/2864 2378/793/2864 1416/117/2864
f 2154/1027/2865 412/337/2865 2231/1438/2865
f 1074/423/2866 1567/1898/2866 951/2001/2866
f 2294/623/2867 2147/622/2867 2301/1491/2867
f 2284/1993/2868 113/1331/2868 1422/650/2868
f 1778/986/2869 1825/1568/2869 2407/674/2869
f 2448/1844/2870 2212/287/2870 916/2052/2870
f 164/78/2871 1544/82/2871 1342/1339/2871
f 2096/549/2872 196/2121/2872 2483/2269/2872
f 1293/2524/2873 30/1142/2873 1680/2588/2873
f 1328/1089/2874 1134/817/2874 782/819/2874
f 993/665/2875 684/417/2875 6/589/2875
f 1367/1892/2876 1200/1556/2876 2214/1555/2876
f 2123/1287/2877 610/2227/2877 1690/1302/2877
f 2351/2419/2878 2195/867/2878 1840/2387/2878
f 1658/2506/2879 1518/1415/2879 1396/2279/2879
f 2128/1972/2880 2211/2268/2880 64/1195/2880
f 426/702/2881 1577/701/2881 383/2044/2881
f 1692/667/2882 1979/885/2882 1912/1540/2882
f 2475/2135/2883 1789/1645/2883 988/1919/2883
f 1535/1761/2884 762/769/2884 903/1625/2884
f 2084/2511/2885 2132/2485/2885 1148/1549/2885
f 731/2440/2886 307/882/2886 2172/2291/2886
f 906/1511/2887 1654/1069/2887 779/1479/2887
f 796/2301/2888 1034/372/2888 1811/2507/2888
f 1988/2165/2889 645/1794/2889 1562/2290/2889
f 767/289/2890 1828/288/2890 1790/1218/2890
f 733/347/2891 2223/2549/2891 75/2453/2891
f 1430/1610/2892 1246/937/2892 1877/2559/2892
f 813/2542/2893 191/2589/2893 1846/384/2893
f 1303/1891/2894 791/2126/2894 129/2053/2894
f 588/1016/2895 2246/884/2895 660/1757/2895
f 2151/2590/2896 1666/2575/2896 1645/1409/2896
f 800/1783/2897 2210/553/2897 2173/341/2897
f 1417/1098/2898 1144/361/2898 1691/360/2898
f 1368/340/2899 1717/342/2899 1438/2481/2899
f 1879/308/2900 524/2070/2900 1140/1724/2900
f 2140/1139/2901 2521/1342/2901 32/1138/2901
f 1265/317/2902 1786/316/2902 1787/2489/2902
f 2038/1309/2903 2098/1308/2903 1961/2226/2903
f 737/418/2904 1836/398/2904 1746/996/2904
f 597/135/2905 881/2539/2905 2049/136/2905
f 2146/2299/2906 765/325/2906 1032/2425/2906
f 1464/1722/2907 185/866/2907 1070/1038/2907
f 2352/705/2908 785/45/2908 755/30/2908
f 1157/1742/2909 1199/2295/2909 145/2300/2909
f 2496/1576/2910 31/1879/2910 1115/2245/2910
f 1491/1087/2911 831/2110/2911 1924/1088/2911
f 1023/1667/2912 1567/1898/2912 1074/423/2912
f 59/2579/2913 2323/2149/2913 380/1404/2913
f 618/1820/2914 735/1819/2914 2341/1841/2914
f 2196/619/2915 1537/1104/2915 485/837/2915
f 2074/1961/2916 347/1960/2916 1803/1091/2916
f 1241/1304/2917 1312/83/2917 1648/959/2917
f 1600/2416/2918 532/1705/2918 1906/1995/2918
f 863/1495/2919 1603/257/2919 2230/1292/2919
f 1814/1179/2920 318/2500/2920 794/1178/2920
f 2040/2130/2921 1682/1526/2921 2122/120/2921
f 1130/878/2922 591/123/2922 2109/1523/2922
f 361/344/2923 2120/1965/2923 801/281/2923
f 2302/1948/2924 2517/1603/2924 1553/2192/2924
f 1979/885/2925 2514/2129/2925 1912/1540/2925
f 376/797/2926 2094/972/2926 1102/2591/2926
f 317/488/2927 2405/210/2927 154/1269/2927
f 564/682/2928 1965/1219/2928 221/1982/2928
f 775/2340/2929 1085/2561/2929 583/2338/2929
f 1714/1329/2930 1376/2315/2930 2331/2430/2930
f 782/819/2931 490/818/2931 1510/412/2931
f 2406/2592/2932 2041/2508/2932 1449/1510/2932
f 1313/812/2933 1648/959/2933 1936/958/2933
f 310/675/2934 1837/677/2934 1320/331/2934
f 808/2231/2935 727/2593/2935 1785/62/2935
f 34/1983/2936 2339/216/2936 740/215/2936
f 790/209/2937 1309/1270/2937 2405/210/2937
f 474/2272/2938 1683/2271/2938 2571/1509/2938
f 1946/165/2939 1153/957/2939 323/480/2939
f 683/1242/2940 2250/1018/2940 2350/1243/2940
f 1737/2147/2941 30/2457/2941 2387/2393/2941
f 116/562/2942 1007/2540/2942 2005/563/2942
f 725/1975/2943 1605/1275/2943 654/1976/2943
f 790/209/2944 510/48/2944 1502/604/2944
f 1974/768/2945 1622/2574/2945 903/1625/2945
f 104/291/2946 82/293/2946 1470/404/2946
f 1995/184/2947 2469/2379/2947 933/778/2947
f 697/593/2948 1501/154/2948 2203/1121/2948
f 196/2121/2949 1419/2304/2949 2483/2269/2949
f 2449/1071/2950 744/2501/2950 1135/2177/2950
f 2200/852/2951 785/45/2951 445/47/2951
f 1549/178/2952 2490/566/2952 1008/2073/2952
f 2037/169/2953 245/1289/2953 764/167/2953
f 1923/2493/2954 1910/31/2954 1045/1666/2954
f 273/1072/2955 1744/963/2955 1702/1073/2955
f 2459/219/2956 2463/1452/2956 1145/10/2956
f 1299/355/2957 1807/1620/2957 76/1344/2957
f 1530/1661/2958 61/1050/2958 902/953/2958
f 2336/435/2959 1869/2594/2959 523/201/2959
f 268/1800/2960 1858/1942/2960 825/821/2960
f 1352/2337/2961 1993/2194/2961 144/328/2961
f 1044/2313/2962 2260/686/2962 2254/2123/2962
f 632/1793/2963 480/1792/2963 2167/2532/2963
f 644/814/2964 1279/816/2964 511/2395/2964
f 1022/578/2965 1096/1150/2965 2208/2042/2965
f 957/659/2966 1900/1117/2966 1687/657/2966
f 2093/1600/2967 242/265/2967 2290/1601/2967
f 399/183/2968 2492/182/2968 1074/423/2968
f 1985/1459/2969 1125/729/2969 2048/1750/2969
f 694/1296/2970 2352/705/2970 755/30/2970
f 636/2252/2971 2332/1261/2971 2540/1410/2971
f 1345/1882/2972 34/1983/2972 740/215/2972
f 2077/1158/2973 881/2539/2973 484/2556/2973
f 1229/1565/2974 1243/531/2974 655/1914/2974
f 827/1663/2975 1499/671/2975 1046/2577/2975
f 862/457/2976 596/811/2976 408/458/2976
f 2580/728/2977 2433/2322/2977 2048/1750/2977
f 983/611/2978 209/1385/2978 1075/1384/2978
f 269/588/2979 1322/2595/2979 733/347/2979
f 948/1143/2980 1357/1602/2980 1286/1823/2980
f 2056/231/2981 1719/740/2981 1186/1773/2981
f 1183/801/2982 385/1061/2982 130/1214/2982
f 1073/2459/2983 1056/1988/2983 965/1788/2983
f 1442/43/2984 789/1198/2984 798/44/2984
f 1148/1549/2985 2226/106/2985 2272/1974/2985
f 1892/386/2986 2193/2533/2986 283/753/2986
f 2541/15/2987 2287/191/2987 2105/2452/2987
f 2105/2452/2988 2291/13/2988 2541/15/2988
f 1891/1433/2989 1966/1381/2989 1513/2596/2989
f 823/1265/2990 855/2441/2990 714/1130/2990
f 1540/2428/2991 1701/2355/2991 1525/2509/2991
f 1279/816/2992 2406/2592/2992 511/2395/2992
f 567/456/2993 1549/178/2993 2259/128/2993
f 1141/1690/2994 2124/1435/2994 2460/1708/2994
f 1238/1034/2995 413/1199/2995 1872/1238/2995
f 1673/904/2996 384/903/2996 1364/2115/2996
f 1644/1127/2997 702/1945/2997 1716/1012/2997
f 1968/2396/2998 1612/2170/2998 604/2242/2998
f 1666/2575/2999 872/1513/2999 951/2001/2999
f 2428/1055/3000 1191/1054/3000 237/2113/3000
f 964/1746/3001 671/1648/3001 2577/2391/3001
f 1896/2597/3002 675/2478/3002 1816/1834/3002
f 703/1615/3003 1962/1009/3003 2549/1524/3003
f 1831/689/3004 502/2105/3004 1217/690/3004
f 1948/1554/3005 1042/2314/3005 1365/1154/3005
f 1181/1165/3006 433/1259/3006 1053/2555/3006
f 283/753/3007 2193/2533/3007 2306/1805/3007
f 1174/310/3008 1020/311/3008 337/335/3008
f 99/2544/3009 107/2255/3009 136/2302/3009
f 2422/98/3010 241/2320/3010 2083/1607/3010
f 302/1249/3011 2281/1527/3011 1874/1171/3011
f 900/1153/3012 364/2503/3012 2158/2505/3012
f 153/1858/3013 2118/2310/3013 2558/19/3013
f 2346/1368/3014 642/755/3014 2371/1678/3014
f 365/1514/3015 1694/1740/3015 1995/184/3015
f 1037/695/3016 183/1086/3016 472/696/3016
f 632/1793/3017 341/1183/3017 1562/2290/3017
f 158/1185/3018 1408/53/3018 1202/468/3018
f 979/37/3019 2576/967/3019 2266/966/3019
f 959/1159/3020 2214/1555/3020 44/1723/3020
f 249/2102/3021 2419/900/3021 1604/2336/3021
f 213/1606/3022 1850/1122/3022 1076/1770/3022
f 2197/1537/3023 205/2333/3023 984/2161/3023
f 1800/1333/3024 1332/1859/3024 602/2041/3024
f 2285/1956/3025 594/1486/3025 2004/1458/3025
f 750/907/3026 1467/906/3026 1147/2569/3026
f 1513/2596/3027 1884/2598/3027 1891/1433/3027
f 1185/1371/3028 1072/1084/3028 1474/1083/3028
f 1037/695/3029 616/714/3029 897/713/3029
f 1620/2444/3030 387/1969/3030 1396/2279/3030
f 2255/2424/3031 1625/186/3031 1996/185/3031
f 1273/2599/3032 2276/2600/3032 832/2566/3032
f 1602/1006/3033 1795/1880/3033 1566/854/3033
f 719/430/3034 2536/978/3034 1980/1642/3034
f 1057/1923/3035 1656/2285/3035 1845/1964/3035
f 560/7/3036 1502/604/3036 510/48/3036
f 1109/551/3037 773/2353/3037 579/552/3037
f 2298/2091/3038 1458/2520/3038 1757/2521/3038
f 1149/1592/3039 170/613/3039 603/1026/3039
f 1360/785/3040 1904/2085/3040 1274/2144/3040
f 2044/1687/3041 1135/2177/3041 744/2501/3041
f 643/950/3042 900/1153/3042 2158/2505/3042
f 229/1497/3043 798/44/3043 1675/2582/3043
f 1694/1740/3044 626/1739/3044 2469/2379/3044
f 1260/892/3045 1119/973/3045 1315/893/3045
f 2320/1638/3046 704/466/3046 1280/1639/3046
f 1935/27/3047 2179/26/3047 473/1353/3047
f 502/2105/3048 1831/689/3048 2564/1990/3048
f 1833/1502/3049 1524/1210/3049 1802/1500/3049
f 1626/1874/3050 2207/528/3050 2258/530/3050
f 1473/57/3051 1367/1892/3051 2493/1738/3051
f 2558/19/3052 2141/21/3052 2431/2168/3052
f 1485/823/3053 1044/2313/3053 2254/2123/3053
f 2397/517/3054 1704/309/3054 1140/1724/3054
f 365/1514/3055 1666/2575/3055 636/2252/3055
f 1304/2522/3056 2351/2419/3056 1878/2418/3056
f 276/2443/3057 2133/2510/3057 2316/2232/3057
f 1256/761/3058 1211/104/3058 1761/1762/3058
f 1060/1362/3059 1506/1632/3059 2227/1363/3059
f 661/520/3060 854/519/3060 1339/1202/3060
f 93/2389/3061 53/1401/3061 1292/1162/3061
f 1070/1038/3062 139/1039/3062 2048/1750/3062
f 916/2052/3063 691/277/3063 1303/1891/3063
f 559/1229/3064 1645/1409/3064 180/2082/3064
f 1544/82/3065 16/952/3065 1312/83/3065
f 2342/2237/3066 1713/2307/3066 258/2257/3066
f 45/471/3067 619/1810/3067 930/1225/3067
f 1280/1639/3068 829/1871/3068 2510/2019/3068
f 964/1746/3069 2279/1519/3069 961/1079/3069
f 1261/2578/3070 1424/1299/3070 2131/760/3070
f 1460/1806/3071 1664/2486/3071 1944/2239/3071
f 732/369/3072 2150/1585/3072 942/807/3072
f 1324/2326/3073 1463/1168/3073 2150/1585/3073
f 1901/110/3074 948/1143/3074 716/111/3074
f 671/1648/3075 814/3/3075 2081/1890/3075
f 1172/936/3076 1120/1755/3076 210/934/3076
f 67/1224/3077 2177/472/3077 930/1225/3077
f 1976/2166/3078 1513/2596/3078 1873/2151/3078
f 2515/1451/3079 1319/909/3079 2463/1452/3079
f 1009/429/3080 1475/976/3080 2536/978/3080
f 988/1919/3081 1016/2601/3081 1898/1424/3081
f 1898/1424/3082 477/1426/3082 988/1919/3082
f 2430/2209/3083 19/1814/3083 2222/2557/3083
f 872/1513/3084 1666/2575/3084 365/1514/3084
f 916/2052/3085 489/2054/3085 1455/1845/3085
f 1589/1312/3086 2296/495/3086 1291/2514/3086
f 2441/1765/3087 1661/2216/3087 2228/1301/3087
f 829/1871/3088 960/694/3088 2343/1902/3088
f 1123/2064/3089 2245/672/3089 1825/1568/3089
f 2560/1913/3090 1904/2085/3090 1425/2399/3090
f 2081/1890/3091 1689/1251/3091 2059/1373/3091
f 2115/739/3092 736/738/3092 1525/2509/3092
f 46/668/3093 130/1214/3093 280/302/3093
f 994/608/3094 1333/1756/3094 1266/2069/3094
f 2357/72/3095 25/2024/3095 2002/73/3095
f 2233/1156/3096 450/1496/3096 229/1497/3096
f 432/1376/3097 1649/2602/3097 1496/2377/3097
f 1843/2382/3098 1539/2554/3098 614/1475/3098
f 594/1486/3099 415/274/3099 491/2580/3099
f 954/800/3100 1827/1180/3100 1722/1349/3100
f 359/2603/3101 1480/2469/3101 128/1328/3101
f 640/1872/3102 2194/1545/3102 2236/1544/3102
f 136/2302/3103 1168/2303/3103 1507/2258/3103
f 1647/2133/3104 2060/1775/3104 1522/387/3104
f 2349/2362/3105 990/1706/3105 2025/2586/3105
f 1681/1447/3106 35/1759/3106 2473/1393/3106
f 2169/229/3107 443/1324/3107 1341/1283/3107
f 85/206/3108 437/1559/3108 369/207/3108
f 659/2354/3109 542/1748/3109 2348/1747/3109
f 915/2345/3110 1837/677/3110 219/676/3110
f 210/934/3111 1120/1755/3111 1861/2604/3111
f 559/1229/3112 1614/195/3112 1756/1230/3112
f 2356/1264/3113 359/2603/3113 128/1328/3113
f 2245/672/3114 2019/2125/3114 1362/673/3114
f 2180/1721/3115 2433/2322/3115 2552/1358/3115
f 470/1809/3116 1385/2080/3116 531/1222/3116
f 647/2431/3117 1718/1854/3117 2421/1853/3117
f 674/2118/3118 1572/445/3118 509/2119/3118
f 602/2041/3119 309/540/3119 1402/1685/3119
f 1609/697/3120 1780/203/3120 187/448/3120
f 701/2376/3121 265/532/3121 2070/2605/3121
f 1232/1915/3122 2139/2281/3122 926/2439/3122
f 1596/2519/3123 2506/660/3123 259/1536/3123
f 1552/533/3124 2374/2606/3124 2401/842/3124
f 1532/859/3125 1193/2297/3125 278/253/3125
f 1747/1929/3126 456/1323/3126 1991/2490/3126
f 1510/412/3127 265/532/3127 701/2376/3127
f 2104/1221/3128 1811/2507/3128 1150/52/3128
f 949/1831/3129 1129/1022/3129 1588/1021/3129
f 1264/2158/3130 1343/988/3130 1699/938/3130
f 1467/906/3131 2247/298/3131 2373/2375/3131
f 650/477/3132 2223/2549/3132 710/496/3132
f 2320/1638/3133 2029/1640/3133 846/1847/3133
f 397/399/3134 1836/398/3134 737/418/3134
f 2508/1962/3135 1351/869/3135 1490/2288/3135
f 1072/1084/3136 2400/1808/3136 1015/1085/3136
f 2040/2130/3137 1635/1588/3137 2361/1596/3137
f 2327/2241/3138 1662/2214/3138 604/2242/3138
f 303/1825/3139 2365/1824/3139 2205/2477/3139
f 99/2544/3140 245/1289/3140 107/2255/3140
f 1094/890/3141 1776/1736/3141 588/1016/3141
f 620/475/3142 629/1887/3142 628/1561/3142
f 579/552/3143 919/529/3143 2207/528/3143
f 2498/772/3144 1703/1954/3144 2482/1676/3144
f 447/1161/3145 1653/2607/3145 1712/653/3145
f 1295/1784/3146 340/180/3146 2084/2043/3146
f 551/630/3147 1245/652/3147 330/631/3147
f 2261/2074/3148 2074/1961/3148 1803/1091/3148
f 1036/1063/3149 338/224/3149 558/223/3149
f 1826/1237/3150 2339/216/3150 2066/1480/3150
f 2223/2549/3151 733/347/3151 1322/2595/3151
f 1424/1299/3152 541/1298/3152 223/861/3152
f 1346/2608/3153 22/2535/3153 1121/730/3153
f 937/410/3154 1721/36/3154 342/636/3154
f 1519/490/3155 2534/2483/3155 2204/1102/3155
f 856/155/3156 2313/476/3156 931/156/3156
f 1628/1564/3157 978/1864/3157 1442/43/3157
f 1436/2090/3158 1262/1164/3158 638/1586/3158
f 516/1720/3159 1116/1188/3159 2435/2186/3159
f 491/2580/3160 198/948/3160 148/1456/3160
f 598/326/3161 765/325/3161 2011/1674/3161
f 1165/486/3162 2158/2505/3162 1698/487/3162
f 453/2253/3163 1579/2474/3163 1184/2407/3163
f 174/1787/3164 824/764/3164 2583/2404/3164
f 1426/2531/3165 147/2609/3165 1366/2562/3165
f 2041/2508/3166 474/2272/3166 2571/1509/3166
f 1864/2131/3167 2126/1618/3167 2121/295/3167
f 2462/2406/3168 1892/386/3168 642/755/3168
f 1517/2537/3169 178/238/3169 568/2109/3169
f 449/1714/3170 2336/435/3170 557/434/3170
f 1536/2610/3171 2360/2117/3171 2515/1451/3171
f 1765/2159/3172 1813/692/3172 2466/2202/3172
f 1464/1722/3173 1677/1360/3173 2112/2541/3173
f 1286/1823/3174 1357/1602/3174 1370/505/3174
f 1154/2061/3175 2006/1741/3175 444/1609/3175
f 1597/1909/3176 1135/2177/3176 2044/1687/3176
f 2347/1023/3177 82/293/3177 1206/2311/3177
f 1048/188/3178 2225/625/3178 1523/189/3178
f 2534/2483/3179 1389/1152/3179 1541/2472/3179
f 12/2405/3180 1214/1173/3180 2583/2404/3180
f 1025/773/3181 2482/1676/3181 1271/1348/3181
f 1637/431/3182 2478/1020/3182 848/2498/3182
f 514/2400/3183 1249/731/3183 1278/2611/3183
f 578/1501/3184 1570/2055/3184 1833/1502/3184
f 1576/2573/3185 1466/455/3185 452/2454/3185
f 1794/2492/3186 776/2206/3186 769/2612/3186
f 74/1577/3187 1676/1541/3187 772/654/3187
f 645/1794/3188 632/1793/3188 1562/2290/3188
f 2534/2483/3189 861/1116/3189 1389/1152/3189
f 2127/1288/3190 2123/1287/3190 94/2155/3190
f 837/1081/3191 286/99/3191 2010/717/3191
f 1138/679/3192 1704/309/3192 26/516/3192
f 2538/1300/3193 678/1111/3193 797/2263/3193
f 1653/2607/3194 2248/1160/3194 1916/1631/3194
f 3/2175/3195 144/328/3195 2026/583/3195
f 40/974/3196 574/2352/3196 787/2140/3196
f 705/379/3197 187/448/3197 1780/203/3197
f 1283/1634/3198 836/1635/3198 2276/2600/3198
f 442/2527/3199 1334/2098/3199 1434/1216/3199
f 2052/1487/3200 2238/1223/3200 1583/1732/3200
f 767/289/3201 1790/1218/3201 1866/402/3201
f 696/1024/3202 1305/954/3202 771/266/3202
f 2389/935/3203 210/934/3203 891/1262/3203
f 238/227/3204 845/2143/3204 960/694/3204
f 2440/555/3205 394/554/3205 240/319/3205
f 1582/1317/3206 322/2390/3206 1802/1500/3206
f 507/2103/3207 2255/2424/3207 249/2102/3207
f 522/1786/3208 1926/1785/3208 1696/737/3208
f 821/857/3209 1253/1539/3209 2377/699/3209
f 1297/1717/3210 1913/33/3210 1058/765/3210
f 2002/73/3211 426/702/3211 383/2044/3211
f 2114/2173/3212 2551/2551/3212 2481/2172/3212
f 1185/1371/3213 1251/1370/3213 2130/2581/3213
f 2571/1509/3214 980/1060/3214 2072/736/3214
f 2316/2232/3215 2427/2078/3215 1195/56/3215
f 1321/2254/3216 756/2385/3216 1500/2613/3216
f 43/525/3217 17/124/3217 1130/878/3217
f 165/1836/3218 482/2614/3218 864/1449/3218
f 270/232/3219 1314/2384/3219 1339/1202/3219
f 2017/1032/3220 2065/1335/3220 617/1030/3220
f 1088/693/3221 394/554/3221 2526/228/3221
f 971/776/3222 1909/992/3222 1071/991/3222
f 24/163/3223 230/162/3223 535/1002/3223
f 949/1831/3224 1941/2127/3224 1129/1022/3224
f 1880/2283/3225 1321/2254/3225 1255/1516/3225
f 2333/1031/3226 595/1058/3226 792/1057/3226
f 2276/2600/3227 1730/230/3227 1118/2213/3227
f 292/655/3228 2162/913/3228 4/656/3228
f 2088/469/3229 1202/468/3229 111/1314/3229
f 1743/2523/3230 2053/1894/3230 1772/2199/3230
f 1095/2048/3231 1854/1254/3231 1794/2492/3231
f 702/1945/3232 1644/1127/3232 428/1126/3232
f 2018/1852/3233 1718/1854/3233 109/1662/3233
f 410/602/3234 1155/1001/3234 1041/2410/3234
f 2507/2270/3235 2455/2317/3235 2321/2526/3235
f 940/1704/3236 397/399/3236 2468/1703/3236
f 1801/1428/3237 2068/2536/3237 248/877/3237
f 646/770/3238 894/775/3238 985/1226/3238
f 441/1558/3239 1724/838/3239 485/837/3239
f 2099/843/3240 1104/1422/3240 2303/1934/3240
f 2014/378/3241 751/1106/3241 1987/917/3241
f 1287/2408/3242 170/613/3242 1378/612/3242
f 2384/782/3243 395/771/3243 1190/1758/3243
f 1048/188/3244 202/190/3244 2073/1234/3244
f 1784/1668/3245 1023/1667/3245 2144/422/3245
f 339/1838/3246 1438/2481/3246 1584/2414/3246
f 889/1077/3247 1863/81/3247 2322/1930/3247
f 607/993/3248 1474/1083/3248 2383/1396/3248
f 1119/973/3249 2305/975/3249 1315/893/3249
f 925/2434/3250 1076/1770/3250 1850/1122/3250
f 903/1625/3251 1622/2574/3251 1397/1626/3251
f 433/1259/3252 2518/895/3252 1053/2555/3252
f 1006/732/3253 1249/731/3253 514/2400/3253
f 2188/795/3254 415/274/3254 1294/273/3254
f 2025/2586/3255 1600/2416/3255 423/1869/3255
f 360/38/3256 2257/1255/3256 479/39/3256
f 1929/1782/3257 1750/2470/3257 2307/1356/3257
f 1666/2575/3258 2151/2590/3258 636/2252/3258
f 1653/2607/3259 786/1169/3259 1712/653/3259
f 2172/2291/3260 389/1131/3260 1908/2450/3260
f 22/2535/3261 359/2603/3261 392/134/3261
f 570/1970/3262 387/1969/3262 1620/2444/3262
f 663/1190/3263 1912/1540/3263 1350/1542/3263
f 2210/553/3264 2440/555/3264 1717/342/3264
f 1662/2214/3265 2450/2488/3265 2573/2615/3265
f 1809/1885/3266 568/2109/3266 2464/1151/3266
f 668/700/3267 566/196/3267 2394/2095/3267
f 1270/617/3268 131/1267/3268 1028/1227/3268
f 2400/1808/3269 645/1794/3269 1988/2165/3269
f 2022/1464/3270 101/102/3270 1211/104/3270
f 503/1581/3271 476/2306/3271 1950/1627/3271
f 968/2502/3272 2584/1167/3272 416/1166/3272
f 1595/1100/3273 923/2096/3273 1723/362/3273
f 1144/361/3274 1595/1100/3274 1723/362/3274
f 574/2352/3275 1425/2399/3275 2117/2084/3275
f 460/2335/3276 172/2497/3276 378/1548/3276
f 835/651/3277 1245/652/3277 1938/746/3277
f 107/2255/3278 1216/2256/3278 136/2302/3278
f 2152/467/3279 2320/1638/3279 846/1847/3279
f 972/2584/3280 898/157/3280 2021/2558/3280
f 745/126/3281 1429/125/3281 2304/68/3281
f 989/433/3282 1668/388/3282 1522/387/3282
f 2257/1255/3283 2554/2160/3283 1755/1781/3283
f 1120/1755/3284 83/345/3284 1861/2604/3284
f 751/1106/3285 1864/2131/3285 51/2262/3285
f 895/2349/3286 433/1259/3286 1181/1165/3286
f 287/2193/3287 2388/1192/3287 2085/1191/3287
f 2264/2223/3288 1619/1052/3288 1192/830/3288
f 399/183/3289 365/1514/3289 1995/184/3289
f 2495/2356/3290 2461/2167/3290 2579/2369/3290
f 2198/2219/3291 1884/2598/3291 254/383/3291
f 2165/1231/3292 1631/1233/3292 253/1490/3292
f 1375/897/3293 1806/1112/3293 321/296/3293
f 2283/1774/3294 2060/1775/3294 162/348/3294
f 198/948/3295 2188/795/3295 1208/889/3295
f 2115/739/3296 1525/2509/3296 12/2405/3296
f 308/1025/3297 2344/2475/3297 1951/2451/3297
f 633/851/3298 97/850/3298 1336/2008/3298
f 49/1378/3299 1027/2292/3299 871/822/3299
f 1210/901/3300 494/1399/3300 1385/2080/3300
f 2371/1678/3301 2539/2023/3301 1044/2313/3301
f 888/1707/3302 2460/1708/3302 2124/1435/3302
f 712/2388/3303 1807/1620/3303 2087/1619/3303
f 73/834/3304 738/833/3304 2466/2202/3304
f 1345/1882/3305 740/215/3305 658/2040/3305
f 1015/1085/3306 793/841/3306 1834/1397/3306
f 1577/701/3307 1173/2045/3307 383/2044/3307
f 1935/27/3308 473/1353/3308 1654/1069/3308
f 2117/2084/3309 318/2500/3309 574/2352/3309
f 1708/2026/3310 1373/1103/3310 622/2308/3310
f 609/1065/3311 972/2584/3311 1709/1066/3311
f 1978/172/3312 471/171/3312 1172/936/3312
f 575/638/3313 830/1943/3313 1844/639/3313
f 855/2441/3314 823/1265/3314 1450/824/3314
f 1504/1999/3315 65/831/3315 114/1053/3315
f 1261/2578/3316 1259/2583/3316 956/242/3316
f 220/1664/3317 1928/1873/3317 536/1665/3317
f 40/974/3318 1841/1804/3318 2305/975/3318
f 623/286/3319 2408/2409/3319 1905/1203/3319
f 1386/58/3320 1711/2534/3320 2193/2533/3320
f 338/224/3321 2499/1170/3321 302/1249/3321
f 2065/1335/3322 2017/1032/3322 1857/1336/3322
f 1786/316/3323 2494/318/3323 101/102/3323
f 1816/1834/3324 1604/2336/3324 1615/1835/3324
f 2210/553/3325 2526/228/3325 394/554/3325
f 2549/1524/3326 1962/1009/3326 826/2066/3326
f 2542/1477/3327 2559/1476/3327 304/142/3327
f 1548/1566/3328 1660/1113/3328 1830/1567/3328
f 1863/81/3329 417/2543/3329 1431/2323/3329
f 711/1290/3330 1253/1539/3330 2462/2406/3330
f 444/1609/3331 950/1608/3331 2139/2281/3331
f 2185/1698/3332 2420/641/3332 388/643/3332
f 507/2103/3333 1625/186/3333 2255/2424/3333
f 614/1475/3334 1760/1474/3334 28/2327/3334
f 580/961/3335 2205/2477/3335 1250/788/3335
f 1874/1171/3336 2281/1527/3336 670/2378/3336
f 670/2378/3337 2281/1527/3337 886/1481/3337
f 2578/922/3338 2244/1413/3338 181/2148/3338
f 2336/435/3339 1136/1715/3339 1869/2594/3339
f 2576/967/3340 97/850/3340 723/727/3340
f 529/2233/3341 864/1449/3341 1981/1450/3341
f 454/1695/3342 1665/1729/3342 548/473/3342
f 2433/2322/3343 2580/728/3343 2211/2268/3343
f 2535/2616/3344 19/1814/3344 2061/1813/3344
f 2475/2135/3345 477/1426/3345 1111/1425/3345
f 2104/1221/3346 69/597/3346 1811/2507/3346
f 943/792/3347 2062/1124/3347 1391/790/3347
f 2377/699/3348 1253/1539/3348 2037/169/3348
f 1443/1319/3349 593/415/3349 2264/2223/3349
f 2567/151/3350 610/2227/3350 998/149/3350
f 803/261/3351 408/458/3351 208/2287/3351
f 116/562/3352 1639/2294/3352 1007/2540/3352
f 1045/1666/3353 536/1665/3353 1923/2493/3353
f 902/953/3354 1937/1361/3354 2018/1852/3354
f 2568/2210/3355 2222/2557/3355 1241/1304/3355
f 2437/1391/3356 2087/1619/3356 909/1/3356
f 1925/2576/3357 1767/2394/3357 2506/660/3357
f 1771/150/3358 1258/1870/3358 2562/2392/3358
f 1429/125/3359 1413/127/3359 2530/1991/3359
f 1345/1882/3360 133/1713/3360 419/1641/3360
f 1828/288/3361 687/290/3361 173/998/3361
f 2345/1400/3362 2138/2094/3362 2248/1160/3362
f 2295/1172/3363 2583/2404/3363 1214/1173/3363
f 347/1960/3364 2088/469/3364 1803/1091/3364
f 2437/1391/3365 2143/1889/3365 299/1392/3365
f 2346/1368/3366 2371/1678/3366 1216/2256/3366
f 1245/1431/3367 551/2617/3367 1495/463/3367
f 857/2195/3368 1919/153/3368 2545/927/3368
f 170/613/3369 1149/1592/3369 2268/217/3369
f 1318/1921/3370 1626/1874/3370 1917/41/3370
f 83/345/3371 1934/1508/3371 1983/346/3371
f 838/1035/3372 68/1049/3372 1000/1033/3372
f 952/17/3373 19/1814/3373 2430/2209/3373
f 2450/2488/3374 2563/1617/3374 95/2482/3374
f 361/344/3375 297/343/3375 1860/539/3375
f 589/2347/3376 345/1735/3376 1587/629/3376
f 1381/1767/3377 135/493/3377 301/2618/3377
f 1113/628/3378 1098/499/3378 1335/763/3378
f 1246/937/3379 638/1586/3379 155/1941/3379
f 316/2446/3380 1082/1837/3380 2497/2560/3380
f 2098/1308/3381 423/1869/3381 1961/2226/3381
f 1522/387/3382 2488/389/3382 1647/2133/3382
f 894/775/3383 1773/1811/3383 1332/1859/3383
f 466/2460/3384 1752/2570/3384 2349/2362/3384
f 1172/936/3385 471/171/3385 1120/1755/3385
f 2075/874/3386 1492/875/3386 1423/576/3386
f 2240/1461/3387 1035/1297/3387 1424/1299/3387
f 1032/2425/3388 2205/2477/3388 2146/2299/3388
f 2197/1537/3389 1706/2163/3389 488/1538/3389
f 1817/1605/3390 1169/1876/3390 1850/1122/3390
f 656/16/3391 1369/18/3391 992/1051/3391
f 1601/483/3392 1505/2420/3392 1108/484/3392
f 809/956/3393 1059/749/3393 1452/161/3393
f 1907/350/3394 1578/1772/3394 1194/2371/3394
f 336/442/3395 411/511/3395 1564/1778/3395
f 13/757/3396 1288/756/3396 1914/2150/3396
f 678/1111/3397 2538/1300/3397 321/296/3397
f 1963/2403/3398 496/720/3398 250/719/3398
f 241/2320/3399 1159/2116/3399 1446/2473/3399
f 2038/1309/3400 1961/2226/3400 2159/1996/3400
f 1951/2451/3401 2344/2475/3401 93/2389/3401
f 1758/2000/3402 2503/2182/3402 371/2552/3402
f 111/1314/3403 378/1548/3403 868/1315/3403
f 1931/2092/3404 956/242/3404 1932/1895/3404
f 122/2046/3405 1165/486/3405 2439/485/3405
f 2244/1413/3406 2578/922/3406 1139/921/3406
f 1768/860/3407 833/2438/3407 1415/1979/3407
f 486/886/3408 1979/885/3408 1692/667/3408
f 1896/2597/3409 529/2233/3409 2300/381/3409
f 736/738/3410 1540/2428/3410 1525/2509/3410
f 167/218/3411 1248/1074/3411 928/306/3411
f 746/828/3412 1516/1731/3412 1646/826/3412
f 1150/52/3413 666/2261/3413 977/2260/3413
f 983/611/3414 1075/1384/3414 159/1660/3414
f 289/198/3415 1020/311/3415 1010/199/3415
f 572/783/3416 1207/762/3416 1344/501/3416
f 324/2619/3417 60/1059/3417 595/1058/3417
f 1011/1611/3418 3/2175/3418 545/582/3418
f 1193/2297/3419 1532/859/3419 648/1689/3419
f 987/624/3420 118/708/3420 939/1518/3420
f 1402/1685/3421 309/540/3421 297/343/3421
f 2335/1366/3422 506/2244/3422 2511/454/3422
f 523/137/3423 1915/139/3423 621/67/3423
f 1331/1529/3424 261/236/3424 585/235/3424
f 1676/1541/3425 292/655/3425 772/654/3425
f 2047/524/3426 439/2445/3426 558/223/3426
f 63/1897/3427 81/2319/3427 1284/2318/3427
f 689/32/3428 701/2376/3428 2070/2605/3428
f 1466/455/3429 1392/1132/3429 1838/1134/3429
f 15/1832/3430 949/1831/3430 1588/1021/3430
f 1002/1507/3431 781/2341/3431 1154/2061/3431
f 389/1131/3432 1267/845/3432 1252/844/3432
f 1810/276/3433 272/1612/3433 2407/674/3433
f 2533/759/3434 1419/2304/3434 196/2121/3434
f 1001/887/3435 1950/1627/3435 1397/1626/3435
f 313/258/3436 59/2579/3436 2363/259/3436
f 1570/2055/3437 578/1501/3437 1657/441/3437
f 5/500/3438 244/1560/3438 84/781/3438
f 1818/241/3439 2395/245/3439 393/244/3439
f 2121/295/3440 51/2262/3440 1864/2131/3440
f 2364/405/3441 1316/1570/3441 1040/2368/3441
f 360/38/3442 2267/264/3442 2257/1255/3442
f 909/1/3443 814/3/3443 974/1647/3443
f 2281/1527/3444 346/716/3444 886/1481/3444
f 1963/2403/3445 2538/1300/3445 496/720/3445
f 2055/943/3446 573/1483/3446 728/944/3446
f 1442/43/3447 2398/523/3447 789/1198/3447
f 1992/2364/3448 2578/922/3448 795/1075/3448
f 237/2113/3449 701/2376/3449 689/32/3449
f 543/2278/3450 1518/1415/3450 1106/873/3450
f 1521/271/3451 1671/446/3451 1275/534/3451
f 2415/999/3452 1278/2611/3452 1520/1000/3452
f 1203/246/3453 1261/2578/3453 393/244/3453
f 1458/2520/3454 1591/5/3454 36/2139/3454
f 259/1536/3455 1566/854/3455 1596/2519/3455
f 1578/1772/3456 1710/1408/3456 2491/14/3456
f 1449/1510/3457 511/2395/3457 2406/2592/3457
f 970/1257/3458 939/1518/3458 311/1520/3458
f 2038/1309/3459 1766/1971/3459 1171/2099/3459
f 1781/382/3460 2300/381/3460 1242/2234/3460
f 2431/2168/3461 1606/395/3461 2442/2273/3461
f 337/335/3462 412/337/3462 586/635/3462
f 905/626/3463 811/627/3463 214/1244/3463
f 436/1252/3464 862/457/3464 463/459/3464
f 2581/1949/3465 2573/2615/3465 95/2482/3465
f 382/2423/3466 1021/2512/3466 357/1277/3466
f 1400/2620/3467 92/2456/3467 524/2621/3467
f 1134/817/3468 1381/1767/3468 490/818/3468
f 1414/2343/3469 2302/1948/3469 1353/2025/3469
f 437/1559/3470 134/1398/3470 369/207/3470
f 754/1745/3471 2577/2391/3471 828/1866/3471
f 1658/2506/3472 1396/2279/3472 1426/2531/3472
f 2401/842/3473 793/841/3473 533/898/3473
f 1112/1719/3474 1883/2622/3474 516/1720/3474
f 2167/2532/3475 1323/1839/3475 632/1793/3475
f 2209/1630/3476 23/2249/3476 1433/1628/3476
f 2565/1189/3477 516/1720/3477 1883/2622/3477
f 1320/331/3478 1837/677/3478 161/600/3478
f 1297/1717/3479 1058/765/3479 2058/767/3479
f 1127/2086/3480 1904/2085/3480 1360/785/3480
f 422/2348/3481 1587/629/3481 996/924/3481
f 2495/2356/3482 1594/1920/3482 2461/2167/3482
f 516/1720/3483 2435/2186/3483 363/1718/3483
f 2491/14/3484 316/1029/3484 2541/15/3484
f 850/572/3485 1227/1048/3485 1128/1682/3485
f 282/2128/3486 1942/2157/3486 854/519/3486
f 1773/1811/3487 1638/541/3487 309/540/3487
f 2471/414/3488 1849/2077/3488 593/415/3488
f 2471/414/3489 2427/2078/3489 1849/2077/3489
f 1601/483/3490 647/2431/3490 1505/2420/3490
f 2095/1028/3491 774/2623/3491 316/1029/3491
f 390/1572/3492 651/2298/3492 2237/2169/3492
f 1588/1021/3493 2298/2091/3493 91/2093/3493
f 2426/942/3494 1537/1104/3494 100/1656/3494
f 1411/2309/3495 468/1374/3495 2059/1373/3495
f 403/2013/3496 357/1277/3496 1975/616/3496
f 519/1863/3497 235/416/3497 1443/1319/3497
f 1416/117/3498 1599/1114/3498 1068/1469/3498
f 1263/297/3499 2373/2375/3499 2247/298/3499
f 603/1026/3500 1951/2451/3500 1465/1591/3500
f 1873/2151/3501 1753/1380/3501 2277/955/3501
f 425/560/3502 2244/1413/3502 2227/1363/3502
f 1163/222/3503 2051/2548/3503 1363/220/3503
f 1887/2624/3504 2566/2248/3504 366/579/3504
f 2497/2560/3505 1453/2366/3505 2556/2625/3505
f 1224/285/3506 466/2460/3506 2045/2174/3506
f 2566/2248/3507 1887/2624/3507 23/2249/3507
f 1103/481/3508 719/430/3508 502/2105/3508
f 1313/812/3509 1936/958/3509 1282/951/3509
f 1511/1821/3510 2165/1231/3510 253/1490/3510
f 2528/444/3511 1383/1232/3511 534/1284/3511
f 1198/2571/3512 2555/2114/3512 499/1306/3512
f 250/719/3513 51/2262/3513 1963/2403/3513
f 1120/1755/3514 2358/1754/3514 1237/2212/3514
f 898/157/3515 298/1093/3515 2021/2558/3515
f 980/1060/3516 2488/389/3516 1186/1773/3516
f 1576/2573/3517 428/1126/3517 1454/1128/3517
f 2562/2392/3518 1616/1955/3518 2416/1533/3518
f 645/1794/3519 2400/1808/3519 2130/2581/3519
f 1242/2234/3520 1003/2334/3520 1909/992/3520
f 2131/760/3521 223/861/3521 1256/761/3521
f 499/1306/3522 1364/2115/3522 1774/813/3522
f 1819/2124/3523 192/2022/3523 893/2021/3523
f 1259/2583/3524 2131/760/3524 2533/759/3524
f 2021/2558/3525 2024/2196/3525 2399/506/3525
f 1557/2217/3526 218/2374/3526 2289/2246/3526
f 59/2579/3527 313/258/3527 1675/2582/3527
f 409/1515/3528 355/1137/3528 739/1136/3528
f 1576/2573/3529 430/1531/3529 428/1126/3529
f 1723/362/3530 923/2096/3530 1390/243/3530
f 995/535/3531 187/448/3531 705/379/3531
f 1143/1386/3532 2168/848/3532 627/849/3532
f 1043/2321/3533 1446/2473/3533 1621/1123/3533
f 295/1470/3534 746/828/3534 1167/984/3534
f 861/1116/3535 2509/1583/3535 135/493/3535
f 1634/1691/3536 47/1455/3536 1926/1785/3536
f 355/1137/3537 409/1515/3537 1030/774/3537
f 2161/2005/3538 2221/2006/3538 520/1694/3538
f 2509/1583/3539 1462/868/3539 1046/2577/3539
f 25/2024/3540 2357/72/3540 353/2280/3540
f 2534/2483/3541 381/1443/3541 1276/1442/3541
f 2049/136/3542 22/2535/3542 392/134/3542
f 1672/1176/3543 1705/1175/3543 2570/1743/3543
f 1884/2598/3544 1486/2079/3544 254/383/3544
f 23/2249/3545 1835/2626/3545 1433/1628/3545
f 1230/1394/3546 272/1612/3546 1810/276/3546
f 1895/1434/3547 2579/2369/3547 1101/2370/3547
f 1476/1240/3548 2350/1243/3548 2145/1209/3548
f 240/319/3549 2032/321/3549 873/427/3549
f 491/2580/3550 415/274/3550 198/948/3550
f 2542/1477/3551 1233/1849/3551 2418/267/3551
f 2084/2043/3552 1021/1406/3552 1295/1784/3552
f 297/343/3553 1532/859/3553 247/930/3553
f 1758/2000/3554 371/2552/3554 2142/1958/3554
f 263/1986/3555 305/1985/3555 213/1606/3555
f 1282/951/3556 688/80/3556 2513/304/3556
f 2510/2019/3557 749/2373/3557 2360/2117/3557
f 1052/1194/3558 2128/1972/3558 64/1195/3558
f 1945/1973/3559 2128/1972/3559 1052/1194/3559
f 1390/243/3560 956/242/3560 1757/2521/3560
f 1638/541/3561 1434/1216/3561 1860/539/3561
f 1638/541/3562 1856/743/3562 1434/1216/3562
f 2100/301/3563 319/300/3563 184/666/3563
f 1667/1321/3564 2243/116/3564 1049/1322/3564
f 2274/2282/3565 1880/2283/3565 738/833/3565
f 446/2421/3566 457/1211/3566 2496/1576/3566
f 420/1830/3567 221/1982/3567 225/1683/3567
f 507/2103/3568 2412/1295/3568 141/1294/3568
f 209/1385/3569 244/1560/3569 5/500/3569
f 1686/2344/3570 2154/1027/3570 2231/1438/3570
f 621/67/3571 774/66/3571 2095/2627/3571
f 1277/1263/3572 2103/1174/3572 2389/935/3572
f 1868/2361/3573 1274/2144/3573 2560/1913/3573
f 145/2300/3574 1461/649/3574 2329/1875/3574
f 2111/393/3575 1483/2525/3575 1326/1795/3575
f 1571/880/3576 1232/1915/3576 1640/881/3576
f 266/1776/3577 2186/621/3577 2294/623/3577
f 251/786/3578 1360/785/3578 1274/2144/3578
f 1871/1011/3579 1715/1010/3579 414/1133/3579
f 1377/1530/3580 2011/1674/3580 212/2449/3580
f 2032/321/3581 194/2628/3581 829/1871/3581
f 2542/1477/3582 315/1840/3582 1233/1849/3582
f 8/1953/3583 2354/2417/3583 2370/2442/3583
f 1400/1552/3584 524/2070/3584 1879/308/3584
f 2082/2494/3585 2508/1962/3585 1548/1566/3585
f 2209/1630/3586 2295/1172/3586 2103/1174/3586
f 1682/1526/3587 893/2021/3587 2251/2020/3587
f 67/1224/3588 1554/2351/3588 715/1987/3588
f 843/1967/3589 2413/1403/3589 142/1405/3589
f 1214/1173/3590 2042/1751/3590 1172/936/3590
f 447/1161/3591 1712/653/3591 119/2563/3591
f 155/1941/3592 1262/1164/3592 1090/1163/3592
f 824/764/3593 2115/739/3593 2583/2404/3593
f 988/1919/3594 1789/1645/3594 2434/1855/3594
f 423/1869/3595 2149/1868/3595 2025/2586/3595
f 1941/2127/3596 1812/432/3596 848/2498/3596
f 541/1298/3597 1300/1448/3597 2022/1464/3597
f 1032/2425/3598 2487/983/3598 2063/1826/3598
f 1525/2509/3599 2495/2356/3599 1895/1434/3599
f 1033/1733/3600 2472/1492/3600 1592/401/3600
f 2242/1305/3601 1062/1546/3601 499/1306/3601
f 261/236/3602 1218/808/3602 2129/237/3602
f 2437/1391/3603 909/1/3603 2143/1889/3603
f 2470/1340/3604 1288/756/3604 2176/758/3604
f 431/2629/3605 1798/1937/3605 943/2630/3605
f 2325/1843/3606 662/61/3606 651/2298/3606
f 1204/2152/3607 1131/567/3607 2490/566/3607
f 2414/380/3608 675/2478/3608 1896/2597/3608
f 2300/381/3609 2414/380/3609 1896/2597/3609
f 828/1866/3610 1672/1176/3610 2329/1875/3610
f 79/1177/3611 1107/324/3611 582/752/3611
f 1906/1995/3612 1840/2387/3612 2112/2541/3612
f 1392/1132/3613 1576/2573/3613 1454/1128/3613
f 1890/2229/3614 761/518/3614 707/1752/3614
f 1403/2240/3615 634/2465/3615 1651/687/3615
f 319/300/3616 1812/432/3616 2483/2269/3616
f 1913/33/3617 451/1716/3617 1910/31/3617
f 208/2287/3618 1468/2029/3618 1759/915/3618
f 590/2330/3619 859/1598/3619 2373/2375/3619
f 418/425/3620 1769/1994/3620 544/426/3620
f 1255/1516/3621 739/1136/3621 1880/2283/3621
f 1083/634/3622 171/2012/3622 501/2411/3622
f 2112/2541/3623 2195/867/3623 185/866/3623
f 2203/1121/3624 2472/1492/3624 2480/1494/3624
f 2262/338/3625 403/2631/3625 900/1153/3625
f 900/1153/3626 403/2631/3626 364/2503/3626
f 223/861/3627 2131/760/3627 1424/1299/3627
f 1268/981/3628 2441/1765/3628 2228/1301/3628
f 93/2389/3629 2344/2475/3629 1579/2474/3629
f 1526/2386/3630 744/2501/3630 820/2529/3630
f 921/2235/3631 1104/1422/3631 2099/843/3631
f 62/356/3632 76/1344/3632 1712/653/3632
f 212/2449/3633 2129/237/3633 1377/1530/3633
f 122/2046/3634 1669/1753/3634 1165/486/3634
f 2461/2167/3635 2434/1855/3635 1678/1856/3635
f 758/1357/3636 1752/2570/3636 466/2460/3636
f 1398/1478/3637 1475/976/3637 1009/429/3637
f 2384/782/3638 1841/1804/3638 572/783/3638
f 1275/534/3639 1552/533/3639 143/1101/3639
f 1014/1092/3640 2417/1146/3640 1743/2523/3640
f 890/707/3641 299/1392/3641 2143/1889/3641
f 1191/1054/3642 114/1053/3642 1619/1052/3642
f 2058/767/3643 2046/2568/3643 1503/1482/3643
f 335/421/3644 42/2491/3644 2061/1813/3644
f 892/2284/3645 1573/1881/3645 1122/1818/3645
f 1729/1867/3646 726/586/3646 1219/587/3646
f 2491/14/3647 2476/202/3647 2095/1028/3647
f 2176/758/3648 789/1198/3648 1342/1339/3648
f 552/1578/3649 906/1511/3649 323/480/3649
f 1586/2185/3650 895/2349/3650 1894/2274/3650
f 600/891/3651 1266/2069/3651 1689/1251/3651
f 1088/693/3652 2526/228/3652 238/227/3652
f 2429/2487/3653 2000/1388/3653 1741/1402/3653
f 1843/2382/3654 28/2327/3654 1006/732/3654
f 166/250/3655 2339/216/3655 34/1983/3655
f 73/834/3656 1265/317/3656 563/832/3656
f 1341/1283/3657 2450/2488/3657 1118/2213/3657
f 681/2435/3658 679/449/3658 2337/2436/3658
f 1870/2528/3659 152/96/3659 2083/1607/3659
f 1870/2528/3660 305/1985/3660 152/96/3660
f 561/2632/3661 376/2633/3661 1102/2545/3661
f 1528/119/3662 1569/1273/3662 1104/1422/3662
f 1642/2463/3663 1535/1761/3663 1178/2305/3663
f 248/877/3664 941/876/3664 98/1807/3664
f 2363/259/3665 59/2579/3665 879/1293/3665
f 1894/2274/3666 895/2349/3666 1307/2089/3666
f 1247/2328/3667 8/1953/3667 1055/596/3667
f 337/335/3668 586/635/3668 2479/2051/3668
f 635/1260/3669 669/594/3669 2446/329/3669
f 658/2040/3670 1281/2016/3670 929/858/3670
f 1246/937/3671 155/1941/3671 1877/2559/3671
f 1264/2158/3672 525/2264/3672 1343/988/3672
f 147/2609/3673 766/799/3673 1366/2562/3673
f 2383/1396/3674 1834/1397/3674 496/720/3674
f 1307/2089/3675 895/2349/3675 1436/2090/3675
f 2409/2530/3676 2453/2455/3676 1426/2531/3676
f 2450/2488/3677 95/2482/3677 2573/2615/3677
f 2390/721/3678 2374/2606/3678 250/719/3678
f 2071/1989/3679 41/2180/3679 2503/2182/3679
f 1667/1321/3680 2557/1928/3680 2535/2616/3680
f 1855/1633/3681 843/1967/3681 2034/585/3681
f 1750/2470/3682 1898/1424/3682 1296/1454/3682
f 1305/954/3683 674/2118/3683 1937/1361/3683
f 2557/1928/3684 2322/1930/3684 2222/2557/3684
f 2009/2220/3685 2480/1494/3685 1127/2086/3685
f 2008/1465/3686 2327/2241/3686 1612/2170/3686
f 1708/2026/3687 478/1563/3687 1066/2027/3687
f 2421/1853/3688 1685/2432/3688 647/2431/3688
f 1317/1239/3689 2031/1248/3689 1042/2314/3689
f 1018/1258/3690 704/466/3690 2263/465/3690
f 1166/313/3691 200/1144/3691 1005/314/3691
f 1835/2626/3692 1878/2418/3692 858/2208/3692
f 2037/169/3693 1253/1539/3693 711/1290/3693
f 1866/402/3694 857/2195/3694 2545/927/3694
f 20/1389/3695 1472/2468/3695 2138/2094/3695
f 2095/1028/3696 2476/202/3696 621/2634/3696
f 2253/1019/3697 2537/1893/3697 469/2243/3697
f 1541/2472/3698 1389/1152/3698 521/1484/3698
f 2068/2536/3699 1108/484/3699 248/877/3699
f 949/1831/3700 2550/2176/3700 1812/432/3700
f 1578/1772/3701 90/352/3701 333/1407/3701
f 2198/2219/3702 1927/371/3702 11/370/3702
f 2506/660/3703 1767/2394/3703 1740/661/3703
f 2233/1156/3704 229/1497/3704 313/258/3704
f 2248/1160/3705 2444/557/3705 1916/1631/3705
f 708/647/3706 1439/646/3706 1161/2141/3706
f 1599/1114/3707 1580/1730/3707 295/1470/3707
f 1761/1762/3708 1642/2463/3708 1256/761/3708
f 2349/2362/3709 1752/2570/3709 1063/1437/3709
f 968/2502/3710 2443/2437/3710 363/1718/3710
f 891/1262/3711 2223/2549/3711 334/479/3711
f 2469/2379/3712 1995/184/3712 1694/1740/3712
f 960/694/3713 194/2628/3713 1088/693/3713
f 2178/2112/3714 2008/1465/3714 1612/2170/3714
f 2069/1215/3715 280/302/3715 130/1214/3715
f 2362/1927/3716 1175/2635/3716 561/2632/3716
f 1341/1283/3717 2563/1617/3717 2450/2488/3717
f 2220/698/3718 1688/168/3718 258/2257/3718
f 1058/765/3719 1735/411/3719 252/766/3719
f 992/1051/3720 2303/1934/3720 656/16/3720
f 1047/544/3721 1117/2636/3721 2453/2455/3721
f 1764/754/3722 2182/2230/3722 149/1677/3722
f 1407/367/3723 421/1701/3723 2520/368/3723
f 1361/1250/3724 1455/1845/3724 1684/2397/3724
f 1451/595/3725 1387/1910/3725 1247/2328/3725
f 2276/2600/3726 1118/2213/3726 832/2566/3726
f 2501/1256/3727 2319/2398/3727 1244/2011/3727
f 2462/2406/3728 1253/1539/3728 1892/386/3728
f 1575/805/3729 1246/937/3729 1430/1610/3729
f 973/945/3730 1060/1362/3730 85/206/3730
f 204/1149/3731 67/1224/3731 2238/1223/3731
f 847/836/3732 85/206/3732 2380/208/3732
f 199/1504/3733 912/1669/3733 1784/1668/3733
f 2563/1617/3734 2061/1813/3734 95/2482/3734
f 1329/1651/3735 1866/402/3735 1790/1218/3735
f 683/1242/3736 1317/1239/3736 1042/2314/3736
f 2580/728/3737 924/1246/3737 2211/2268/3737
f 1034/372/3738 264/374/3738 1285/1281/3738
f 2543/2179/3739 1743/2523/3739 1515/2181/3739
f 1920/1090/3740 1014/1092/3740 2543/2179/3740
f 1142/2050/3741 844/1966/3741 206/34/3741
f 2496/1576/3742 1115/2245/3742 446/2421/3742
f 751/1106/3743 51/2262/3743 1987/917/3743
f 1358/1503/3744 1096/1150/3744 567/456/3744
f 2419/900/3745 1494/2201/3745 1210/901/3745
f 2462/2406/3746 642/755/3746 481/1291/3746
f 934/1646/3747 1789/1645/3747 2475/2135/3747
f 2546/2426/3748 207/114/3748 2324/2204/3748
f 2175/1528/3749 1251/1370/3749 2315/1369/3749
f 883/994/3750 1314/2384/3750 1881/1711/3750
f 234/888/3751 588/1016/3751 748/174/3751
f 1573/1881/3752 1952/1865/3752 1050/1650/3752
f 1771/150/3753 2565/1189/3753 1883/2622/3753
f 750/907/3754 717/1911/3754 938/908/3754
f 2530/1991/3755 1994/691/3755 1862/396/3755
f 971/776/3756 1781/382/3756 1909/992/3756
f 942/807/3757 2447/1587/3757 1246/937/3757
f 1619/1052/3758 2264/2223/3758 1471/2222/3758
f 1054/436/3759 243/439/3759 799/437/3759
f 157/1094/3760 1589/1312/3760 2036/537/3760
f 2409/2530/3761 387/1969/3761 1136/1968/3761
f 831/2110/3762 2264/2223/3762 593/415/3762
f 611/108/3763 1669/1753/3763 1152/1213/3763
f 783/610/3764 209/1385/3764 983/611/3764
f 727/2593/3765 1794/2492/3765 769/2612/3765
f 2409/2530/3766 524/2621/3766 92/2456/3766
f 2538/1300/3767 797/2263/3767 2551/2551/3767
f 395/771/3768 1025/773/3768 1190/1758/3768
f 2127/1288/3769 94/2155/3769 1235/2329/3769
f 944/2039/3770 1516/1731/3770 936/745/3770
f 1131/567/3771 2105/2452/3771 1089/565/3771
f 206/34/3772 844/1966/3772 1855/1633/3772
f 2092/2637/3773 2349/2362/3773 2012/862/3773
f 1840/2387/3774 1141/1690/3774 2351/2419/3774
f 455/2467/3775 1630/450/3775 1472/2468/3775
f 2459/219/3776 1145/10/3776 2268/217/3776
f 1892/386/3777 1386/58/3777 2193/2533/3777
f 1427/724/3778 1528/119/3778 1911/722/3778
f 2558/19/3779 2431/2168/3779 2442/2273/3779
f 497/1769/3780 1116/1188/3780 2174/787/3780
f 679/449/3781 681/2435/3781 1630/450/3781
f 9/1846/3782 2111/393/3782 1606/395/3782
f 2184/1918/3783 2125/2171/3783 2485/2191/3783
f 2001/933/3784 881/2539/3784 2077/1158/3784
f 605/2032/3785 750/907/3785 1147/2569/3785
f 896/375/3786 50/1015/3786 1997/968/3786
f 571/865/3787 685/2136/3787 1231/1042/3787
f 1414/2343/3788 849/1604/3788 2517/1603/3788
f 2295/1172/3789 2209/1630/3789 947/1629/3789
f 1117/2636/3790 1679/1181/3790 147/2609/3790
f 997/2267/3791 947/1629/3791 858/2208/3791
f 2056/231/3792 1668/388/3792 2169/229/3792
f 2156/1580/3793 991/1037/3793 1910/31/3793
f 697/593/3794 127/152/3794 1501/154/3794
f 617/1030/3795 398/2009/3795 800/1783/3795
f 1688/168/3796 764/167/3796 258/2257/3796
f 1667/1321/3797 2535/2616/3797 42/2491/3797
f 2505/1247/3798 1500/2613/3798 2031/1248/3798
f 608/1829/3799 1499/671/3799 175/670/3799
f 481/1291/3800 2346/1368/3800 1216/2256/3800
f 2231/1438/3801 742/1980/3801 1686/2344/3801
f 1293/2524/3802 527/633/3802 1627/2034/3802
f 2369/1416/3803 2319/2398/3803 1663/1780/3803
f 1136/1968/3804 570/1970/3804 1869/2312/3804
f 1821/1327/3805 1225/1326/3805 1686/2344/3805
f 1497/512/3806 2066/1480/3806 1608/252/3806
f 2061/1813/3807 42/2491/3807 2535/2616/3807
f 858/2208/3808 2575/1692/3808 522/1786/3808
f 1428/1468/3809 115/543/3809 850/572/3809
f 1405/424/3810 820/2529/3810 2107/1939/3810
f 1868/2361/3811 2560/1913/3811 2217/1912/3811
f 476/2306/3812 903/1625/3812 1950/1627/3812
f 1679/1181/3813 275/571/3813 1827/1180/3813
f 1430/1610/3814 155/1941/3814 268/1800/3814
f 1510/412/3815 490/818/3815 301/2618/3815
f 949/1831/3816 700/2106/3816 2550/2176/3816
f 1447/1157/3817 1371/931/3817 2001/933/3817
f 1043/2321/3818 241/2320/3818 1446/2473/3818
f 128/1328/3819 1480/2469/3819 20/1389/3819
f 440/391/3820 1969/390/3820 962/1857/3820
f 1952/1865/3821 419/1641/3821 2216/521/3821
f 2103/1174/3822 1214/1173/3822 1172/936/3822
f 1745/1653/3823 1989/1655/3823 1448/2014/3823
f 594/1486/3824 491/2580/3824 2004/1458/3824
f 1846/384/3825 191/2589/3825 2443/2437/3825
f 2483/2269/3826 1419/2304/3826 476/2306/3826
f 2084/2511/3827 1148/1549/3827 1028/1227/3827
f 2032/321/3828 1018/1258/3828 873/427/3828
f 631/669/3829 1650/507/3829 811/627/3829
f 174/1787/3830 997/2267/3830 522/1786/3830
f 433/1259/3831 1354/2350/3831 1543/131/3831
f 571/865/3832 2003/864/3832 685/2136/3832
f 1601/483/3833 2101/1637/3833 255/2357/3833
f 2546/2426/3834 2324/2204/3834 1799/2063/3834
f 482/2614/3835 55/1411/3835 105/1337/3835
f 845/2143/3836 807/1900/3836 960/694/3836
f 826/2066/3837 1962/1009/3837 2232/1008/3837
f 1491/1087/3838 1649/2602/3838 1004/2495/3838
f 432/1376/3839 1004/2495/3839 1649/2602/3839
f 925/2434/3840 2435/2186/3840 70/1768/3840
f 2443/2437/3841 191/2589/3841 363/1718/3841
f 2150/1585/3842 239/2088/3842 638/1586/3842
f 1273/2599/3843 1283/1634/3843 2276/2600/3843
f 1666/2575/3844 951/2001/3844 180/2082/3844
f 708/647/3845 1161/2141/3845 686/977/3845
f 634/2465/3846 1310/688/3846 1651/687/3846
f 473/1353/3847 37/1354/3847 779/1479/3847
f 1016/2601/3848 988/1919/3848 1594/1920/3848
f 1594/1920/3849 2434/1855/3849 2461/2167/3849
f 2036/537/3850 1589/1312/3850 1291/2514/3850
f 556/2081/3851 1951/2451/3851 712/2388/3851
f 1691/360/3852 1458/2520/3852 36/2139/3852
f 687/290/3853 922/949/3853 173/998/3853
f 540/122/3854 615/2224/3854 591/123/3854
f 383/2044/3855 575/638/3855 1820/982/3855
f 162/348/3856 2060/1775/3856 1647/2133/3856
f 1632/803/3857 443/1324/3857 1306/1115/3857
f 1636/270/3858 707/1752/3858 1521/271/3858
f 2019/2125/3859 96/1184/3859 14/1186/3859
f 1058/765/3860 2070/2605/3860 1735/411/3860
f 1630/450/3861 455/2467/3861 2206/451/3861
f 836/1635/3862 1719/740/3862 2056/231/3862
f 1249/731/3863 1922/1977/3863 1278/2611/3863
f 2517/1603/3864 2475/2135/3864 1111/1425/3864
f 1292/1162/3865 1807/1620/3865 712/2388/3865
f 2285/1956/3866 1616/1955/3866 2562/2392/3866
f 106/2038/3867 1029/1688/3867 370/197/3867
f 2256/1266/3868 2136/2412/3868 1734/1187/3868
f 1080/645/3869 576/1614/3869 2189/1276/3869
f 9/1846/3870 1606/395/3870 2448/1844/3870
f 1445/2471/3871 2326/385/3871 2443/2437/3871
f 2326/385/3872 1445/2471/3872 1927/371/3872
f 488/1538/3873 1509/1671/3873 698/1670/3873
f 2087/1619/3874 1299/355/3874 909/1/3874
f 560/7/3875 510/48/3875 2035/1952/3875
f 562/1590/3876 453/2253/3876 2040/2130/3876
f 1259/2583/3877 1406/2122/3877 956/242/3877
f 2025/2586/3878 1957/2346/3878 2349/2362/3878
f 2223/2549/3879 1322/2595/3879 710/496/3879
f 2387/2393/3880 1051/747/3880 350/748/3880
f 1815/2107/3881 242/265/3881 2267/264/3881
f 179/2587/3882 1960/556/3882 786/1169/3882
f 2269/88/3883 2016/1472/3883 1131/567/3883
f 1538/1938/3884 1132/307/3884 81/2319/3884
f 665/751/3885 1531/750/3885 670/2378/3885
f 2388/1192/3886 856/155/3886 312/2461/3886
f 1488/173/3887 2358/1754/3887 471/171/3887
f 2203/1121/3888 1501/154/3888 2472/1492/3888
f 1494/2201/3889 2255/2424/3889 1996/185/3889
f 1788/971/3890 742/1980/3890 2094/972/3890
f 2270/320/3891 1088/693/3891 194/2628/3891
f 242/265/3892 440/391/3892 2290/1601/3892
f 1613/573/3893 1727/221/3893 1624/2007/3893
f 570/1970/3894 870/138/3894 1869/2312/3894
f 798/44/3895 789/1198/3895 13/757/3895
f 1655/1375/3896 1290/1467/3896 1005/314/3896
f 1105/741/3897 1618/1998/3897 1875/742/3897
f 499/1306/3898 1062/1546/3898 1198/2571/3898
f 1765/2159/3899 762/769/3899 1535/1761/3899
f 2365/1824/3900 152/96/3900 39/789/3900
f 2177/472/3901 67/1224/3901 454/1695/3901
f 505/1414/3902 2547/470/3902 129/2053/3902
f 2285/1956/3903 2004/1458/3903 362/1457/3903
f 574/2352/3904 318/2500/3904 1814/1179/3904
f 1844/639/3905 290/1043/3905 1493/97/3905
f 1706/2163/3906 2197/1537/3906 984/2161/3906
f 205/2333/3907 1794/2492/3907 727/2593/3907
f 1331/1529/3908 362/1457/3908 148/1456/3908
f 1626/1874/3909 1793/879/3909 2207/528/3909
f 396/1017/3910 2145/1209/3910 2350/1243/3910
f 2114/2173/3911 2383/1396/3911 2551/2551/3911
f 783/610/3912 539/160/3912 605/2032/3912
f 2070/2605/3913 265/532/3913 1735/411/3913
f 1166/313/3914 312/2461/3914 200/1144/3914
f 523/2638/3915 621/2639/3915 2476/202/3915
f 1201/1884/3916 1517/2537/3916 1809/1885/3916
f 1471/2222/3917 1004/2495/3917 432/1376/3917
f 2246/884/3918 1187/685/3918 2426/942/3918
f 352/133/3919 1446/2473/3919 955/1798/3919
f 1621/1123/3920 1446/2473/3920 352/133/3920
f 312/2461/3921 898/157/3921 609/1065/3921
f 243/439/3922 584/1347/3922 2181/715/3922
f 1713/2307/3923 133/1713/3923 438/1712/3923
f 1596/2519/3924 1925/2576/3924 2506/660/3924
f 926/2439/3925 2280/2164/3925 268/1800/3925
f 60/1059/3926 324/2619/3926 1251/1370/3926
f 510/48/3927 587/50/3927 2035/1952/3927
f 318/2500/3928 1033/1733/3928 1420/1700/3928
f 1771/150/3929 1388/918/3929 1258/1870/3929
f 2011/1674/3930 1377/1530/3930 2102/2277/3930
f 122/2046/3931 315/1840/3931 103/839/3931
f 1497/512/3932 424/1208/3932 1826/1237/3932
f 39/789/3933 263/1986/3933 2174/787/3933
f 1659/248/3934 1091/1817/3934 911/1649/3934
f 296/1657/3935 694/1296/3935 1512/2058/3935
f 2219/1040/3936 680/815/3936 644/814/3936
f 1498/1862/3937 1369/18/3937 2523/1851/3937
f 966/706/3938 1248/1074/3938 299/1392/3938
f 949/1831/3939 1853/1833/3939 700/2106/3939
f 2079/662/3940 1095/2048/3940 205/2333/3940
f 822/2100/3941 2113/995/3941 190/278/3941
f 895/2349/3942 1586/2185/3942 1354/2350/3942
f 2035/1952/3943 587/50/3943 1239/2640/3943
f 1715/1010/3944 993/665/3944 6/589/3944
f 2369/1416/3945 1925/2576/3945 2319/2398/3945
f 166/250/3946 1608/252/3946 2066/1480/3946
f 407/262/3947 448/2187/3947 637/2188/3947
f 537/2585/3948 1159/2116/3948 241/2320/3948
f 2184/1918/3949 2237/2169/3949 2125/2171/3949
f 2028/1950/3950 1992/2364/3950 546/1726/3950
f 1736/194/3951 668/700/3951 25/2024/3951
f 939/1518/3952 118/708/3952 2279/1519/3952
f 1003/2334/3953 1185/1371/3953 2548/1557/3953
f 390/1572/3954 2275/1571/3954 2325/1843/3954
f 2492/182/3955 1405/424/3955 1074/423/3955
f 2189/1276/3956 576/1614/3956 778/1274/3956
f 1803/1091/3957 1418/1313/3957 2502/1643/3957
f 877/40/3958 1969/390/3958 2392/392/3958
f 2039/979/3959 1690/1302/3959 610/2227/3959
f 2296/495/3960 722/497/3960 1291/2514/3960
f 1346/2608/3961 1125/729/3961 1824/1460/3961
f 549/1744/3962 2527/970/3962 376/797/3962
f 32/1138/3963 1429/125/3963 601/2462/3963
f 318/2500/3964 1420/1700/3964 794/1178/3964
f 2271/2030/3965 1028/1227/3965 2272/1974/3965
f 245/1289/3966 481/1291/3966 107/2255/3966
f 1067/2049/3967 2413/1403/3967 843/1967/3967
f 2282/1316/3968 396/1017/3968 2253/1019/3968
f 2111/393/3969 9/1846/3969 1851/2134/3969
f 582/752/3970 1457/1803/3970 472/696/3970
f 2244/1413/3971 1558/559/3971 2323/2149/3971
f 1291/2514/3972 1623/1080/3972 176/2251/3972
f 2525/1589/3973 1579/2474/3973 453/2253/3973
f 1510/412/3974 301/2618/3974 806/413/3974
f 2488/389/3975 1668/388/3975 1186/1773/3975
f 2039/979/3976 1771/150/3976 1883/2622/3976
f 1566/854/3977 259/1536/3977 2410/855/3977
f 1673/904/3978 1364/2115/3978 77/1379/3978
f 1557/2217/3979 2289/2246/3979 2085/1191/3979
f 2415/999/3980 1468/2029/3980 514/2400/3980
f 868/1315/3981 378/1548/3981 332/1147/3981
f 1998/1848/3982 1508/1279/3982 2225/625/3982
f 209/1385/3983 5/500/3983 1888/1383/3983
f 2494/318/3984 2466/2202/3984 1813/692/3984
f 2299/570/3985 203/1107/3985 401/205/3985
f 606/1135/3986 762/769/3986 1765/2159/3986
f 749/2373/3987 2224/1672/3987 2424/2464/3987
f 931/156/3988 1607/1462/3988 298/1093/3988
f 2281/1527/3989 2499/1170/3989 176/2251/3989
f 225/1683/3990 221/1982/3990 1126/1412/3990
f 679/449/3991 1160/580/3991 901/2363/3991
f 1503/1482/3992 1763/561/3992 869/1579/3992
f 2584/1167/3993 363/1718/3993 2435/2186/3993
f 2092/2637/3994 788/146/3994 1990/148/3994
f 2517/1603/3995 1111/1425/3995 1553/2192/3995
f 2287/191/3996 1196/2518/3996 2561/192/3996
f 1647/2133/3997 2488/389/3997 2507/2270/3997
f 1029/1688/3998 944/2039/3998 936/2641/3998
f 2445/1118/3999 434/663/3999 1687/657/3999
f 2201/141/4000 103/839/4000 304/142/4000
f 668/700/4001 839/1350/4001 1779/1365/4001
f 2538/1300/4002 2551/2551/4002 496/720/4002
f 707/1752/4003 1671/446/4003 1521/271/4003
f 1087/461/4004 1879/308/4004 1132/307/4004
f 1198/2571/4005 2342/2237/4005 2372/1377/4005
f 188/735/4006 1719/740/4006 1283/1634/4006
f 61/1050/4007 1479/1204/4007 902/953/4007
f 1987/917/4008 250/719/4008 1552/533/4008
f 470/1809/4009 55/1411/4009 482/2614/4009
f 1848/6/4010 2298/2091/4010 1588/1021/4010
f 1012/366/4011 2520/368/4011 2311/1575/4011
f 784/607/4012 730/1420/4012 1104/1422/4012
f 2308/143/4013 62/356/4013 1725/144/4013
f 2089/1850/4014 1648/959/4014 1313/812/4014
f 2398/523/4015 1342/1339/4015 789/1198/4015
f 1184/2407/4016 1378/612/4016 1819/2124/4016
f 2561/192/4017 1867/1932/4017 866/2383/4017
f 226/1423/4018 1229/1565/4018 837/1081/4018
f 772/654/4019 4/656/4019 918/1068/4019
f 1453/2325/4020 1175/2635/4020 2362/1927/4020
f 2552/1358/4021 1677/1360/4021 1464/1722/4021
f 1304/2522/4022 366/579/4022 1220/581/4022
f 227/1439/4023 1177/1574/4023 589/462/4023
f 674/2118/4024 163/2120/4024 1937/1361/4024
f 1968/2396/4025 604/2242/4025 2097/2293/4025
f 117/1440/4026 1605/1275/4026 725/1975/4026
f 182/1828/4027 2330/856/4027 1393/214/4027
f 2219/1040/4028 2369/1416/4028 1663/1780/4028
f 2438/1387/4029 1996/185/4029 2436/1278/4029
f 2403/158/4030 1309/1270/4030 790/209/4030
f 1218/808/4031 1565/357/4031 2129/237/4031
f 1184/2407/4032 1819/2124/4032 893/2021/4032
f 267/1099/4033 692/1658/4033 1414/2343/4033
f 1500/2613/4034 756/2385/4034 2031/1248/4034
f 2153/334/4035 656/16/4035 2303/1934/4035
f 669/594/4036 2203/1121/4036 2446/329/4036
f 346/716/4037 236/1082/4037 2010/717/4037
f 490/818/4038 1381/1767/4038 301/2618/4038
f 1363/220/4039 1228/2033/4039 1797/4/4039
f 1905/1203/4040 2395/245/4040 1100/2097/4040
f 2429/2487/4041 2500/24/4041 2278/23/4041
f 835/651/4042 1842/1463/4042 1448/2014/4042
f 488/1538/4043 698/1670/4043 2410/855/4043
f 1311/1679/4044 31/1879/4044 875/1878/4044
f 1640/881/4045 926/2439/4045 268/1800/4045
f 2354/2417/4046 1239/2640/4046 2133/2510/4046
f 1772/2199/4047 666/2261/4047 2007/2553/4047
f 324/2619/4048 595/1058/4048 1707/2083/4048
f 985/1226/4049 1332/1859/4049 1800/1333/4049
f 169/2198/4050 841/962/4050 580/961/4050
f 1862/396/4051 1289/2145/4051 1655/1375/4051
f 1212/2203/4052 2529/997/4052 703/1615/4052
f 991/1037/4053 812/1036/4053 1045/1666/4053
f 221/1982/4054 1965/1219/4054 1126/1412/4054
f 1128/1682/4055 217/1141/4055 1613/573/4055
f 1552/533/4056 250/719/4056 2374/2606/4056
f 952/17/4057 2153/334/4057 2485/2191/4057
f 2486/1899/4058 2518/895/4058 1375/897/4058
f 1076/1770/4059 2174/787/4059 213/1606/4059
f 764/167/4060 99/2544/4060 1507/2258/4060
f 1302/1441/4061 620/475/4061 1477/474/4061
f 126/2211/4062 1328/1089/4062 1924/1088/4062
f 461/985/4063 1025/773/4063 1271/1348/4063
f 2403/158/4064 790/209/4064 1559/605/4064
f 1073/2459/4065 965/1788/4065 1206/2311/4065
f 1136/1715/4066 1140/1724/4066 2409/2071/4066
f 1419/2304/4067 1642/2463/4067 1178/2305/4067
f 2287/191/4068 1205/2517/4068 1196/2518/4068
f 2106/79/4069 2236/1544/4069 2116/303/4069
f 2560/1913/4070 574/2352/4070 40/974/4070
f 206/34/4071 1721/36/4071 937/410/4071
f 1957/2346/4072 2149/1868/4072 1656/2285/4072
f 161/600/4073 150/332/4073 1320/331/4073
f 91/2093/4074 1931/2092/4074 328/1877/4074
f 1463/1168/4075 1307/2089/4075 239/2088/4075
f 918/1068/4076 1935/27/4076 1654/1069/4076
f 1067/2049/4077 843/1967/4077 844/1966/4077
f 2045/2174/4078 1066/2027/4078 478/1563/4078
f 1366/2562/4079 1183/801/4079 583/2338/4079
f 610/2227/4080 2522/919/4080 998/149/4080
f 193/1684/4081 292/655/4081 467/1543/4081
f 111/1314/4082 1418/1313/4082 2088/469/4082
f 749/2373/4083 2510/2019/4083 829/1871/4083
f 2067/55/4084 920/2513/4084 2316/2232/4084
f 2431/2168/4085 2141/21/4085 2212/287/4085
f 551/630/4086 345/1735/4086 1495/2642/4086
f 784/607/4087 1104/1422/4087 1569/1273/4087
f 736/738/4088 1731/2380/4088 1540/2428/4088
f 971/776/4089 1071/991/4089 1061/1686/4089
f 1128/1682/4090 1613/573/4090 850/572/4090
f 775/2340/4091 915/2345/4091 1085/2561/4091
f 2079/662/4092 1740/661/4092 1095/2048/4092
f 2351/2419/4093 1141/1690/4093 2575/1692/4093
f 1752/2570/4094 2124/1435/4094 1063/1437/4094
f 66/263/4095 2093/1600/4095 2257/1255/4095
f 813/2542/4096 1013/2015/4096 1268/981/4096
f 1960/556/4097 1394/212/4097 2366/211/4097
f 197/492/4098 386/2087/4098 1930/526/4098
f 1639/2294/4099 413/1199/4099 1238/1034/4099
f 2444/557/4100 1539/2554/4100 1394/212/4100
f 1394/212/4101 1539/2554/4101 1843/2382/4101
f 984/2161/4102 727/2593/4102 808/2231/4102
f 542/1748/4103 2359/1796/4103 48/2316/4103
f 1001/887/4104 467/1543/4104 2514/2129/4104
f 1071/991/4105 607/993/4105 2114/2173/4105
f 1599/1114/4106 295/1470/4106 1068/1469/4106
f 2028/1950/4107 295/1470/4107 1167/984/4107
f 2262/2422/4108 357/1277/4108 403/2013/4108
f 1617/1916/4109 716/111/4109 2140/1139/4109
f 569/1078/4110 1744/963/4110 2420/641/4110
f 473/1353/4111 2179/26/4111 1080/645/4111
f 646/770/4112 762/769/4112 355/1137/4112
f 384/903/4113 1240/905/4113 1563/1860/4113
f 688/80/4114 2106/79/4114 2116/303/4114
f 404/20/4115 2558/19/4115 2118/2310/4115
f 2158/2505/4116 1865/2504/4116 1698/487/4116
f 1776/1736/4117 1094/890/4117 2188/795/4117
f 1061/1686/4118 2044/1687/4118 744/2501/4118
f 1701/2355/4119 1016/2601/4119 1594/1920/4119
f 2002/73/4120 383/2044/4120 1820/982/4120
f 1377/1530/4121 1565/357/4121 430/1531/4121
f 717/1911/4122 1387/1910/4122 938/908/4122
f 1584/2414/4123 112/1109/4123 1542/2365/4123
f 2001/933/4124 2077/1158/4124 1447/1157/4124
f 2232/1008/4125 1337/453/4125 2574/2200/4125
f 1414/2343/4126 1353/2025/4126 923/2096/4126
f 2473/1393/4127 35/1759/4127 397/399/4127
f 2143/1889/4128 909/1/4128 974/1647/4128
f 138/400/4129 1329/1651/4129 1986/1702/4129
f 2185/1698/4130 530/1110/4130 1806/1112/4130
f 1496/2377/4131 1510/412/4131 701/2376/4131
f 1445/2471/4132 968/2502/4132 416/1166/4132
f 353/2280/4133 1736/194/4133 25/2024/4133
f 2287/191/4134 2541/15/4134 1205/2517/4134
f 190/278/4135 676/376/4135 822/2100/4135
f 2554/2160/4136 713/1041/4136 1755/1781/4136
f 194/2628/4137 960/694/4137 829/1871/4137
f 1295/1784/4138 1021/1406/4138 1551/70/4138
f 1717/342/4139 112/1109/4139 1438/2481/4139
f 116/562/4140 1611/564/4140 1715/1010/4140
f 2138/2094/4141 1472/2468/4141 681/2435/4141
f 1030/774/4142 1105/741/4142 894/775/4142
f 1695/911/4143 2137/363/4143 2091/1799/4143
f 1627/2034/4144 876/2138/4144 1797/4/4144
f 1381/1767/4145 1134/817/4145 1389/1152/4145
f 856/155/4146 898/157/4146 312/2461/4146
f 1670/1325/4147 1949/1933/4147 1067/2049/4147
f 1748/1241/4148 1476/1240/4148 2145/1209/4148
f 1629/74/4149 1337/453/4149 2232/1008/4149
f 1457/1803/4150 1959/825/4150 517/204/4150
f 2251/2020/4151 784/607/4151 1569/1273/4151
f 2455/2317/4152 48/2316/4152 1326/1795/4152
f 942/807/4153 2150/1585/4153 2447/1587/4153
f 320/1097/4154 999/575/4154 907/574/4154
f 2324/2204/4155 2553/2228/4155 331/2496/4155
f 1320/331/4156 300/333/4156 565/872/4156
f 2466/2202/4157 739/1136/4157 606/1135/4157
f 222/990/4158 1477/474/4158 218/2374/4158
f 2399/506/4159 1949/1933/4159 1092/2546/4159
f 281/140/4160 1162/377/4160 975/408/4160
f 260/2101/4161 1746/996/4161 822/2100/4161
f 932/1196/4162 2126/1618/4162 1864/2131/4162
f 2218/1901/4163 698/1670/4163 2224/1672/4163
f 2393/883/4164 2235/2010/4164 2172/2291/4164
f 2540/1410/4165 2469/2379/4165 626/1739/4165
f 849/1604/4166 1792/1659/4166 2353/105/4166
f 505/1414/4167 14/1186/4167 158/1185/4167
f 654/1976/4168 1605/1275/4168 842/247/4168
f 2467/1997/4169 1500/2613/4169 2505/1247/4169
f 682/482/4170 1504/1999/4170 215/1056/4170
f 2159/1996/4171 1077/2225/4171 1906/1995/4171
f 1412/1696/4172 381/1443/4172 126/2211/4172
f 1885/1521/4173 882/2003/4173 1009/429/4173
f 2340/164/4174 910/166/4174 915/2345/4174
f 327/2259/4175 1168/2303/4175 612/2238/4175
f 2046/2568/4176 2058/767/4176 252/766/4176
f 2092/2637/4177 1990/148/4177 1066/2027/4177
f 1300/1448/4178 1432/147/4178 2022/1464/4178
f 927/1992/4179 1049/1322/4179 2243/116/4179
f 1782/2572/4180 562/1590/4180 405/1595/4180
f 1178/2305/4181 1535/1761/4181 903/1625/4181
f 2512/255/4182 459/256/4182 1079/2184/4182
f 2392/392/4183 2519/1432/4183 1626/1874/4183
f 713/1041/4184 2288/1599/4184 2348/1747/4184
f 796/2301/4185 2370/2442/4185 641/1621/4185
f 1710/1408/4186 2476/202/4186 2491/14/4186
f 1563/1860/4187 1498/1862/4187 384/903/4187
f 2076/1417/4188 402/510/4188 1608/252/4188
f 333/1407/4189 999/575/4189 1039/200/4189
f 2064/1532/4190 430/1531/4190 1576/2573/4190
f 1824/1460/4191 1985/1459/4191 455/2467/4191
f 944/2039/4192 106/2038/4192 1646/826/4192
f 1657/441/4193 578/1501/4193 777/1207/4193
f 684/417/4194 853/419/4194 2381/590/4194
f 629/1887/4195 72/1562/4195 628/1561/4195
f 965/1788/4196 2071/1989/4196 1758/2000/4196
f 1928/1873/4197 2157/1352/4197 1808/2018/4197
f 2541/15/4198 2556/2324/4198 1205/2517/4198
f 2558/19/4199 284/394/4199 153/1858/4199
f 2108/403/4200 1527/1573/4200 936/745/4200
f 1242/2234/4201 1981/1450/4201 2315/1369/4201
f 1585/1512/4202 817/115/4202 2508/1962/4202
f 427/1815/4203 349/2296/4203 1506/1632/4203
f 1798/1937/4204 367/2156/4204 94/2155/4204
f 2166/791/4205 1391/790/4205 653/1624/4205
f 1924/1088/4206 831/2110/4206 1412/1696/4206
f 587/50/4207 1412/1696/4207 1239/2640/4207
f 1437/2427/4208 2209/1630/4208 2456/1789/4208
f 2555/2114/4209 1198/2571/4209 2372/1377/4209
f 1310/688/4210 2254/2123/4210 2260/686/4210
f 2439/485/4211 1293/2547/4211 1680/2458/4211
f 57/846/4212 1146/710/4212 1087/461/4212
f 442/2527/4213 2505/1247/4213 1334/2098/4213
f 2414/380/4214 2540/1410/4214 1372/2218/4214
f 753/1145/4215 378/1548/4215 172/2497/4215
f 1875/742/4216 1434/1216/4216 1856/743/4216
f 1062/1546/4217 2190/522/4217 1198/2571/4217
f 1222/1206/4218 306/599/4218 1479/1204/4218
f 447/1161/4219 119/2563/4219 1292/1162/4219
f 1000/1033/4220 68/1049/4220 1928/1873/4220
f 242/265/4221 2392/392/4221 440/391/4221
f 648/1689/4222 1564/1778/4222 406/1777/4222
f 446/2421/4223 2229/1766/4223 457/1211/4223
f 1969/390/4224 153/1858/4224 962/1857/4224
f 757/1355/4225 246/284/4225 1553/2192/4225
f 2404/777/4226 1061/1686/4226 2492/182/4226
f 2064/1532/4227 452/2454/4227 2511/454/4227
f 1112/1719/4228 363/1718/4228 191/2589/4228
f 2035/1952/4229 1239/2640/4229 2354/2417/4229
f 1955/1944/4230 1774/813/4230 1364/2115/4230
f 1916/1631/4231 179/2587/4231 1653/2607/4231
f 2236/1544/4232 2242/1305/4232 2116/303/4232
f 2381/590/4233 260/2101/4233 1997/968/4233
f 904/1816/4234 973/945/4234 160/637/4234
f 888/1707/4235 1296/1454/4235 1379/1453/4235
f 2473/1393/4236 2030/809/4236 326/947/4236
f 1889/1771/4237 1194/2371/4237 1578/1772/4237
f 173/998/4238 1212/2203/4238 615/2224/4238
f 773/2353/4239 2217/1912/4239 1119/973/4239
f 1019/2250/4240 2023/1228/4240 592/2142/4240
f 990/1706/4241 1600/2416/4241 2025/2586/4241
f 171/2012/4242 693/75/4242 501/2411/4242
f 1953/89/4243 1269/1488/4243 2134/87/4243
f 2185/1698/4244 388/643/4244 530/1110/4244
f 769/2612/4245 776/2206/4245 512/60/4245
f 1720/2183/4246 1330/1957/4246 1989/1655/4246
f 1376/2315/4247 108/2479/4247 1664/2486/4247
f 2501/1256/4248 1663/1780/4248 2319/2398/4248
f 2509/1583/4249 1046/2577/4249 228/1582/4249
f 627/849/4250 125/42/4250 229/1497/4250
f 2097/2293/4251 2581/1949/4251 19/1814/4251
f 1201/1884/4252 519/1863/4252 1517/2537/4252
f 831/2110/4253 1849/2077/4253 1412/1696/4253
f 2496/1576/4254 458/684/4254 233/683/4254
f 1891/1433/4255 1884/2598/4255 2198/2219/4255
f 535/1002/4256 942/807/4256 2396/806/4256
f 2190/522/4257 1713/2307/4257 1198/2571/4257
f 596/811/4258 1348/2028/4258 408/458/4258
f 2554/2160/4259 2288/1599/4259 713/1041/4259
f 1806/1112/4260 2432/896/4260 2185/1698/4260
f 2082/2494/4261 1585/1512/4261 2508/1962/4261
f 1028/1227/4262 2271/2030/4262 699/76/4262
f 1206/2311/4263 1254/2286/4263 1073/2459/4263
f 1829/1644/4264 1206/2311/4264 965/1788/4264
f 27/1286/4265 2127/1288/4265 1115/2245/4265
f 2537/1893/4266 1473/57/4266 469/2243/4266
f 1132/307/4267 1704/309/4267 81/2319/4267
f 392/134/4268 359/2603/4268 2356/1264/4268
f 654/1976/4269 842/247/4269 78/249/4269
f 855/2441/4270 731/2440/4270 714/1130/4270
f 1904/2085/4271 2117/2084/4271 1425/2399/4271
f 2215/2643/4272 1697/1125/4272 1180/2565/4272
f 2102/2277/4273 1377/1530/4273 2064/1532/4273
f 2092/2637/4274 2012/862/4274 788/146/4274
f 2275/1571/4275 2424/2464/4275 1236/1842/4275
f 2314/22/4276 2500/24/4276 108/2479/4276
f 1426/2531/4277 1366/2562/4277 1658/2506/4277
f 1019/2250/4278 2151/2590/4278 1645/1409/4278
f 1267/845/4279 389/1131/4279 2172/2291/4279
f 1779/1365/4280 1173/2045/4280 1577/701/4280
f 1272/1978/4281 2456/1789/4281 1415/1979/4281
f 282/2128/4282 525/2264/4282 1942/2157/4282
f 1323/1839/4283 525/2264/4283 282/2128/4283
f 130/1214/4284 1692/667/4284 583/2338/4284
f 31/1879/4285 2496/1576/4285 233/683/4285
f 213/1606/4286 1817/1605/4286 1850/1122/4286
f 1873/2151/4287 1513/2596/4287 1966/1381/4287
f 1179/213/4288 1394/212/4288 1348/2028/4288
f 2372/1377/4289 2342/2237/4289 2293/2236/4289
f 2073/1234/4290 966/706/4290 987/624/4290
f 1715/1010/4291 1639/2294/4291 116/562/4291
f 2157/1352/4292 1718/1854/4292 1999/1636/4292
f 720/359/4293 2252/358/4293 2468/1703/4293
f 290/1043/4294 830/1943/4294 571/865/4294
f 2256/1266/4295 1734/1187/4295 2259/128/4295
f 1944/2239/4296 1782/2572/4296 405/1595/4296
f 1895/1434/4297 2495/2356/4297 2579/2369/4297
f 325/2047/4298 251/786/4298 1274/2144/4298
f 718/1737/4299 1711/2534/4299 1386/58/4299
f 2516/1652/4300 1819/2124/4300 1197/11/4300
f 1667/1321/4301 456/1323/4301 2557/1928/4301
f 2064/1532/4302 2511/454/4302 2102/2277/4302
f 2582/2644/4303 1652/509/4303 1099/1444/4303
f 30/1142/4304 1293/2524/4304 1163/222/4304
f 2328/181/4305 340/180/4305 374/503/4305
f 362/1457/4306 841/962/4306 169/2198/4306
f 2390/721/4307 2401/842/4307 2374/2606/4307
f 1091/1817/4308 1659/248/4308 1739/1827/4308
f 1337/453/4309 1466/455/4309 271/2429/4309
f 329/268/4310 2418/267/4310 1751/1489/4310
f 1685/2432/4311 2202/2372/4311 1505/2420/4311
f 812/1036/4312 1000/1033/4312 220/1664/4312
f 113/1331/4313 2263/465/4313 970/1257/4313
f 963/1285/4314 1538/1938/4314 534/1284/4314
f 2389/935/4315 2103/1174/4315 1172/936/4315
f 2423/2004/4316 2161/2005/4316 941/876/4316
f 1679/1181/4317 766/799/4317 147/2609/4317
f 1243/531/4318 1983/346/4318 2139/2281/4318
f 2502/1643/4319 868/1315/4319 332/1147/4319
f 1536/2610/4320 2029/1640/4320 2510/2019/4320
f 1374/1200/4321 122/2046/4321 657/1201/4321
f 901/2363/4322 2337/2436/4322 679/449/4322
f 158/1185/4323 96/1184/4323 805/1485/4323
f 388/643/4324 797/2263/4324 530/1110/4324
f 2425/2207/4325 1662/2214/4325 1338/1466/4325
f 826/2066/4326 2232/1008/4326 2574/2200/4326
f 2368/1924/4327 1164/1310/4327 563/832/4327
f 1085/2561/4328 1366/2562/4328 583/2338/4328
f 1236/1842/4329 1509/1671/4329 1893/2276/4329
f 2523/1851/4330 2568/2210/4330 1648/959/4330
f 199/1504/4331 483/1749/4331 18/1505/4331
f 2379/1525/4332 2485/2191/4332 2153/334/4332
f 1211/104/4333 747/103/4333 1761/1762/4333
f 821/857/4334 469/2243/4334 1253/1539/4334
f 1019/2250/4335 636/2252/4335 2151/2590/4335
f 2043/1951/4336 560/7/4336 2035/1952/4336
f 1044/2313/4337 2539/2023/4337 2260/686/4337
f 2030/809/4338 1218/808/4338 261/236/4338
f 113/1331/4339 2284/1993/4339 816/1330/4339
f 1662/2214/4340 2581/1949/4340 604/2242/4340
f 581/2550/4341 2171/1904/4341 1079/2184/4341
f 2222/2557/4342 2322/1930/4342 1241/1304/4342
f 123/1332/4343 1726/1334/4343 193/1684/4343
f 1547/910/4344 379/2137/4344 2309/364/4344
f 521/1484/4345 1134/817/4345 1328/1089/4345
f 1716/1012/4346 1871/1011/4346 1644/1127/4346
f 1794/2492/4347 1064/2567/4347 776/2206/4347
f 1196/2518/4348 1791/1926/4348 2561/192/4348
f 2550/2176/4349 2483/2269/4349 1812/432/4349
f 496/720/4350 2551/2551/4350 2383/1396/4350
f 2119/894/4351 1315/893/4351 272/1612/4351
f 191/2589/4352 224/980/4352 1112/1719/4352
f 2016/1472/4353 2451/1471/4353 2105/2452/4353
f 2397/517/4354 1487/1594/4354 1876/93/4354
f 1511/1821/4355 253/1490/4355 1751/1489/4355
f 2029/1640/4356 1484/1280/4356 1508/1279/4356
f 2303/1934/4357 992/1051/4357 2099/843/4357
f 2501/1256/4358 2257/1255/4358 1755/1781/4358
f 53/1401/4359 2429/2487/4359 1741/1402/4359
f 1170/989/4360 957/659/4360 884/658/4360
f 1346/2608/4361 1480/2469/4361 359/2603/4361
f 538/234/4362 616/714/4362 1314/2384/4362
f 484/2556/4363 2331/2430/4363 2306/1805/4363
f 2375/233/4364 2284/1993/4364 145/2300/4364
f 1546/2266/4365 2311/1575/4365 811/627/4365
f 75/2453/4366 210/934/4366 1861/2604/4366
f 912/1669/4367 2003/864/4367 1534/91/4367
f 877/40/4368 404/20/4368 2118/2310/4368
f 1401/835/4369 1514/546/4369 553/946/4369
f 2027/406/4370 1421/606/4370 102/407/4370
f 749/2373/4371 2424/2464/4371 2360/2117/4371
f 273/1072/4372 780/642/4372 1744/963/4372
f 1705/1175/4373 582/752/4373 472/696/4373
f 2352/705/4374 545/582/4374 1395/1446/4374
f 294/2339/4375 583/2338/4375 1692/667/4375
f 519/1863/4376 2531/239/4376 1517/2537/4376
f 1226/1303/4377 1863/81/4377 1312/83/4377
f 2355/1925/4378 2368/1924/4378 563/832/4378
f 1316/1570/4379 390/1572/4379 1040/2368/4379
f 1209/1193/4380 162/348/4380 1851/2134/4380
f 1730/230/4381 2276/2600/4381 836/1635/4381
f 803/261/4382 2249/914/4382 407/262/4382
f 721/718/4383 2532/101/4383 2569/569/4383
f 361/344/4384 801/281/4384 2050/283/4384
f 1739/1827/4385 1122/1818/4385 1091/1817/4385
f 1923/2493/4386 536/1665/4386 1097/2017/4386
f 2392/392/4387 1626/1874/4387 1318/1921/4387
f 2558/19/4388 2442/2273/4388 284/394/4388
f 370/197/4389 2465/1430/4389 289/198/4389
f 2488/389/4390 980/1060/4390 1683/2271/4390
f 1024/1734/4391 24/163/4391 781/2341/4391
f 400/2037/4392 1529/95/4392 262/94/4392
f 109/1662/4393 1718/1854/4393 354/1351/4393
f 2505/1247/4394 1748/1241/4394 1833/1502/4394
f 295/1470/4395 2028/1950/4395 2378/793/4395
f 1722/1349/4396 1624/2007/4396 1588/1021/4396
f 1127/2086/4397 2/1493/4397 2117/2084/4397
f 173/998/4398 615/2224/4398 540/122/4398
f 1868/2361/4399 2217/1912/4399 773/2353/4399
f 1957/2346/4400 2012/862/4400 2349/2362/4400
f 2111/393/4401 1851/2134/4401 1483/2525/4401
f 308/1025/4402 170/613/4402 1287/2408/4402
f 167/218/4403 1149/1592/4403 1248/1074/4403
f 344/35/4404 1855/1633/4404 1506/1632/4404
f 1874/1171/4405 670/2378/4405 1531/750/4405
f 690/2/4406 2308/143/4406 2312/145/4406
f 1991/2490/4407 795/1075/4407 1747/1929/4407
f 354/1351/4408 1530/1661/4408 109/1662/4408
f 2367/1654/4409 1758/2000/4409 1989/1655/4409
f 758/1357/4410 763/2401/4410 1752/2570/4410
f 1182/1883/4411 1809/1885/4411 1561/577/4411
f 1835/2626/4412 858/2208/4412 1433/1628/4412
f 186/1812/4413 95/2482/4413 2061/1813/4413
f 284/394/4414 1326/1795/4414 153/1858/4414
f 580/961/4415 2146/2299/4415 2205/2477/4415
f 63/1897/4416 1538/1938/4416 81/2319/4416
f 2504/349/4417 1361/1250/4417 1441/2178/4417
f 1934/1508/4418 1154/2061/4418 444/1609/4418
f 1121/730/4419 1125/729/4419 1346/2608/4419
f 1731/2380/4420 1898/1424/4420 1016/2601/4420
f 1602/1006/4421 1566/854/4421 1188/853/4421
f 2150/1585/4422 732/369/4422 1324/2326/4422
f 53/1401/4423 93/2389/4423 2525/1589/4423
f 412/337/4424 342/636/4424 586/635/4424
f 724/632/4425 1176/2002/4425 1627/2034/4425
f 1750/2470/4426 1929/1782/4426 1898/1424/4426
f 1444/1908/4427 854/519/4427 1890/2229/4427
f 2077/1158/4428 484/2556/4428 718/1737/4428
f 1542/2365/4429 240/319/4429 873/427/4429
f 393/244/4430 1261/2578/4430 956/242/4430
f 2402/282/4431 648/1689/4431 1532/859/4431
f 1051/747/4432 2387/2393/4432 1234/1070/4432
f 1546/2266/4433 1012/366/4433 2311/1575/4433
f 1794/2492/4434 1854/1254/4434 1064/2567/4434
f 1727/221/4435 1363/220/4435 1624/2007/4435
f 2584/1167/4436 1894/2274/4436 1463/1168/4436
f 411/511/4437 402/510/4437 1564/1778/4437
f 2294/623/4438 1543/131/4438 266/1776/4438
f 1366/2562/4439 766/799/4439 1183/801/4439
f 1186/1773/4440 1668/388/4440 2056/231/4440
f 2427/2078/4441 2164/2342/4441 1195/56/4441
f 127/152/4442 592/2142/4442 1756/1230/4442
f 562/1590/4443 2361/1596/4443 405/1595/4443
f 1205/2517/4444 2556/2324/4444 1791/1926/4444
f 984/2161/4445 205/2333/4445 727/2593/4445
f 1994/691/4446 1980/1642/4446 976/2146/4446
f 1800/1333/4447 123/1332/4447 985/1226/4447
f 1063/1437/4448 1382/1436/4448 532/1705/4448
f 1678/1856/4449 2062/1124/4449 1697/1125/4449
f 1032/2425/4450 2063/1826/4450 303/1825/4450
f 1766/1971/4451 2318/1359/4451 2128/1972/4451
f 213/1606/4452 305/1985/4452 1870/2528/4452
f 2209/1630/4453 1847/2247/4453 23/2249/4453
f 813/2542/4454 224/980/4454 191/2589/4454
f 898/157/4455 972/2584/4455 609/1065/4455
f 680/815/4456 713/1041/4456 2348/1747/4456
f 1659/248/4457 911/1649/4457 2168/848/4457
f 1187/685/4458 2055/943/4458 2426/942/4458
f 2086/504/4459 1821/1327/4459 2527/970/4459
f 2238/1223/4460 930/1225/4460 1583/1732/4460
f 228/1582/4461 1046/2577/4461 608/1829/4461
f 2092/2637/4462 1066/2027/4462 2349/2362/4462
f 198/948/4463 261/236/4463 148/1456/4463
f 2226/106/4464 934/1646/4464 2386/107/4464
f 1824/1460/4465 455/2467/4465 1480/2469/4465
f 503/1581/4466 486/886/4466 184/666/4466
f 1662/2214/4467 2573/2615/4467 2581/1949/4467
f 2174/787/4468 2565/1189/4468 2416/1533/4468
f 2229/1766/4469 446/2421/4469 2127/1288/4469
f 533/898/4470 1988/2165/4470 465/1182/4470
f 1643/1547/4471 2246/884/4471 588/1016/4471
f 2031/1248/4472 756/2385/4472 1042/2314/4472
f 2497/2560/4473 2452/1343/4473 86/796/4473
f 1977/545/4474 106/2038/4474 370/197/4474
f 750/907/4475 946/9/4475 717/1911/4475
f 2515/1451/4476 1484/1280/4476 1536/2610/4476
f 1341/1283/4477 1903/802/4477 2563/1617/4477
f 2121/295/4478 2486/1899/4478 1375/897/4478
f 1613/573/4479 1624/2007/4479 1722/1349/4479
f 581/2550/4480 211/2433/4480 2171/1904/4480
f 2028/1950/4481 1732/1272/4481 1992/2364/4481
f 1956/1935/4482 416/1166/4482 1324/2326/4482
f 23/2249/4483 1887/2624/4483 1835/2626/4483
f 2425/2207/4484 832/2566/4484 1118/2213/4484
f 231/109/4485 2196/619/4485 1724/838/4485
f 59/2579/4486 13/757/4486 2323/2149/4486
f 255/2357/4487 1999/1636/4487 647/2431/4487
f 1507/2258/4488 99/2544/4488 136/2302/4488
f 841/962/4489 362/1457/4489 585/235/4489
f 2019/2125/4490 908/1534/4490 96/1184/4490
f 1517/2537/4491 2531/239/4491 178/238/4491
f 2314/22/4492 1714/1329/4492 1984/339/4492
f 1326/1795/4493 1483/2525/4493 2321/2526/4493
f 1750/2470/4494 1296/1454/4494 888/1707/4494
f 2/1493/4495 318/2500/4495 2117/2084/4495
f 1409/2358/4496 1743/2523/4496 1772/2199/4496
f 2431/2168/4497 2212/287/4497 2448/1844/4497
f 2405/210/4498 317/488/4498 1276/1442/4498
f 347/1960/4499 2547/470/4499 2088/469/4499
f 1019/2250/4500 1645/1409/4500 2023/1228/4500
f 680/815/4501 542/1748/4501 1279/816/4501
f 2172/2291/4502 2235/2010/4502 1267/845/4502
f 2545/927/4503 1754/2057/4503 818/965/4503
f 831/2110/4504 1491/1087/4504 1004/2495/4504
f 2424/2464/4505 1509/1671/4505 1236/1842/4505
f 1304/2522/4506 2195/867/4506 2351/2419/4506
f 1858/1942/4507 268/1800/4507 155/1941/4507
f 814/3/4508 600/891/4508 2081/1890/4508
f 1691/360/4509 1723/362/4509 1390/243/4509
f 1348/2028/4510 2163/2265/4510 1468/2029/4510
f 474/2272/4511 1223/2448/4511 48/2316/4511
f 328/1877/4512 256/547/4512 1853/1833/4512
f 1180/2565/4513 1884/2598/4513 1513/2596/4513
f 852/1005/4514 2338/1007/4514 2135/1003/4514
f 1817/1605/4515 1043/2321/4515 1621/1123/4515
f 1900/1117/4516 957/659/4516 2142/1958/4516
f 920/2513/4517 276/2443/4517 2316/2232/4517
f 2434/1855/4518 1789/1645/4518 1391/790/4518
f 558/223/4519 637/2188/4519 1036/1063/4519
f 1239/2640/4520 1412/1696/4520 1849/2077/4520
f 2148/240/4521 613/964/4521 178/238/4521
f 323/480/4522 1103/481/4522 880/2104/4522
f 398/2009/4523 917/1395/4523 800/1783/4523
f 1141/1690/4524 1840/2387/4524 1382/1436/4524
f 665/751/4525 670/2378/4525 1959/825/4525
f 718/1737/4526 484/2556/4526 1711/2534/4526
f 2148/240/4527 2489/1148/4527 2052/1487/4527
f 2458/1320/4528 1192/830/4528 2090/829/4528
f 874/113/4529 1585/1512/4529 2283/1774/4529
f 1372/2218/4530 1993/2194/4530 1971/2499/4530
f 741/1616/4531 1550/420/4531 335/421/4531
f 641/1621/4532 2370/2442/4532 1114/373/4532
f 1238/1034/4533 1872/1238/4533 838/1035/4533
f 1133/1886/4534 1899/2197/4534 629/1887/4534
f 1372/2218/4535 635/1260/4535 1993/2194/4535
f 1843/2382/4536 1006/732/4536 2163/2265/4536
f 2478/1020/4537 1941/2127/4537 848/2498/4537
f 1339/1202/4538 854/519/4538 1942/2157/4538
f 2191/193/4539 804/129/4539 2287/191/4539
f 154/1269/4540 1650/507/4540 317/488/4540
f 1899/2197/4541 78/249/4541 391/2215/4541
f 1384/620/4542 2036/537/4542 1291/2514/4542
f 366/579/4543 1304/2522/4543 1887/2624/4543
f 1210/901/4544 1494/2201/4544 494/1399/4544
f 1586/2185/4545 2584/1167/4545 2435/2186/4545
f 887/2332/4546 677/1550/4546 1148/1549/4546
f 1083/634/4547 364/2480/4547 171/2012/4547
f 1330/1957/4548 1720/2183/4548 2171/1904/4548
f 26/516/4549 1704/309/4549 2397/517/4549
f 1984/339/4550 2000/1388/4550 2278/23/4550
f 404/20/4551 851/275/4551 2141/21/4551
f 858/2208/4552 522/1786/4552 997/2267/4552
f 1001/887/4553 1397/1626/4553 467/1543/4553
f 881/2539/4554 597/135/4554 484/2556/4554
f 2319/2398/4555 1925/2576/4555 1596/2519/4555
f 192/2022/4556 1819/2124/4556 2516/1652/4556
f 2060/1775/4557 2082/2494/4557 989/433/4557
f 786/1169/4558 1653/2607/4558 179/2587/4558
f 663/1190/4559 110/1888/4559 1153/957/4559
f 2349/2362/4560 1063/1437/4560 990/1706/4560
f 1101/2370/4561 1873/2151/4561 2277/955/4561
f 638/1586/4562 239/2088/4562 1436/2090/4562
f 1951/2451/4563 603/1026/4563 308/1025/4563
f 1410/726/4564 89/725/4564 494/1399/4564
f 1427/724/4565 2361/1596/4565 1635/1588/4565
f 492/1197/4566 52/1105/4566 203/1107/4566
f 860/928/4567 818/965/4567 1736/194/4567
f 2304/68/4568 1429/125/4568 32/1138/4568
f 607/993/4569 1185/1371/4569 1474/1083/4569
f 2019/2125/4570 14/1186/4570 791/2126/4570
f 1712/653/4571 76/1344/4571 119/2563/4571
f 2416/1533/4572 1250/788/4572 2174/787/4572
f 1759/915/4573 2415/999/4573 1155/1001/4573
f 2076/1417/4574 1608/252/4574 673/1418/4574
f 937/410/4575 342/636/4575 2154/1027/4575
f 1737/2147/4576 2387/2393/4576 2165/1231/4576
f 2582/2644/4577 1164/1310/4577 1652/509/4577
f 157/1094/4578 2183/601/4578 156/603/4578
f 577/330/4579 2480/1494/4579 2009/2220/4579
f 2347/1023/4580 1206/2311/4580 1829/1644/4580
f 1923/2493/4581 1097/2017/4581 689/32/4581
f 1269/1488/4582 619/1810/4582 2134/87/4582
f 1040/2368/4583 390/1572/4583 2334/1917/4583
f 2274/2282/4584 2582/2644/4584 1099/1444/4584
f 2503/2182/4585 1762/2359/4585 371/2552/4585
f 750/907/4586 743/159/4586 946/9/4586
f 1956/1935/4587 1927/371/4587 1445/2471/4587
f 441/1558/4588 1551/70/4588 1724/838/4588
f 1795/1880/4589 1244/2011/4589 2319/2398/4589
f 1859/1119/4590 2007/2553/4590 1749/1282/4590
f 1114/373/4591 920/2513/4591 2067/55/4591
f 2365/1824/4592 2063/1826/4592 1493/97/4592
f 2409/2530/4593 1396/2279/4593 387/1969/4593
f 216/59/4594 1253/1539/4594 469/2243/4594
f 796/2301/4595 1055/596/4595 2370/2442/4595
f 800/1783/4596 2173/341/4596 595/1058/4596
f 648/1689/4597 406/1777/4597 71/1419/4597
f 658/2040/4598 740/215/4598 1281/2016/4598
f 388/643/4599 2481/2172/4599 797/2263/4599
f 2264/2223/4600 1192/830/4600 1443/1319/4600
f 2263/465/4601 816/1330/4601 1018/1258/4601
f 954/800/4602 766/799/4602 1827/1180/4602
f 74/1577/4603 772/654/4603 918/1068/4603
f 833/2438/4604 1520/1000/4604 1922/1977/4604
f 87/2060/4605 2411/2059/4605 1038/2108/4605
f 197/492/4606 43/525/4606 806/413/4606
f 529/2233/4607 1896/2597/4607 165/1836/4607
f 1965/1219/4608 1828/288/4608 1126/1412/4608
f 2287/191/4609 1008/2073/4609 2105/2452/4609
f 1909/992/4610 1003/2334/4610 2548/1557/4610
f 644/814/4611 1767/2394/4611 1925/2576/4611
f 989/433/4612 1522/387/4612 2060/1775/4612
f 2375/233/4613 1199/2295/4613 538/234/4613
f 1191/1054/4614 215/1056/4614 114/1053/4614
f 457/1211/4615 624/502/4615 464/2132/4615
f 1072/1084/4616 2130/2581/4616 2400/1808/4616
f 254/383/4617 1486/2079/4617 1846/384/4617
f 1304/2522/4618 1878/2418/4618 1887/2624/4618
f 125/42/4619 1628/1564/4619 1442/43/4619
f 1683/2271/4620 980/1060/4620 2571/1509/4620
f 1224/285/4621 246/284/4621 757/1355/4621
f 1075/1384/4622 214/1244/4622 358/1245/4622
f 671/1648/4623 2286/1372/4623 2577/2391/4623
f 1588/1021/4624 91/2093/4624 15/1832/4624
f 484/2556/4625 2306/1805/4625 1711/2534/4625
f 1971/2499/4626 1993/2194/4626 1352/2337/4626
f 263/1986/4627 213/1606/4627 2174/787/4627
f 2576/967/4628 1244/2011/4628 852/1005/4628
f 2290/1601/4629 2359/1796/4629 659/2354/4629
f 1626/1874/4630 2258/530/4630 1917/41/4630
f 313/258/4631 1603/257/4631 2239/1155/4631
f 1071/991/4632 2114/2173/4632 1597/1909/4632
f 2293/2236/4633 1027/2292/4633 49/1378/4633
f 322/2390/4634 821/857/4634 2330/856/4634
f 1047/544/4635 1679/1181/4635 1117/2636/4635
f 83/345/4636 1237/2212/4636 1002/1507/4636
f 1919/153/4637 1756/1230/4637 1754/2057/4637
f 2513/304/4638 1313/812/4638 1282/951/4638
f 2312/145/4639 1725/144/4639 759/609/4639
f 1976/2166/4640 2579/2369/4640 2461/2167/4640
f 1664/2486/4641 108/2479/4641 1782/2572/4641
f 2254/2123/4642 504/1569/4642 1485/823/4642
f 2162/913/4643 278/253/4643 2015/25/4643
f 799/437/4644 1832/440/4644 257/615/4644
f 2445/1118/4645 1859/1119/4645 434/663/4645
f 1510/412/4646 1496/2377/4646 782/819/4646
f 770/784/4647 251/786/4647 500/46/4647
f 2576/967/4648 279/1004/4648 97/850/4648
f 175/670/4649 564/682/4649 420/1830/4649
f 1265/317/4650 2355/1925/4650 563/832/4650
f 155/1941/4651 638/1586/4651 1262/1164/4651
f 2134/87/4652 619/1810/4652 2451/1471/4652
f 278/253/4653 1193/2297/4653 277/254/4653
f 1779/1365/4654 1577/701/4654 668/700/4654
f 2270/320/4655 194/2628/4655 2032/321/4655
f 1406/2122/4656 1259/2583/4656 196/2121/4656
f 1400/2620/4657 667/542/4657 92/2456/4657
f 2544/1421/4658 2379/1525/4658 2303/1934/4658
f 2051/2548/4659 1293/2524/4659 1627/2034/4659
f 440/391/4660 819/2289/4660 2290/1601/4660
f 2046/2568/4661 132/1140/4661 1503/1482/4661
f 1889/1771/4662 2491/14/4662 2291/13/4662
f 1237/2212/4663 1024/1734/4663 1002/1507/4663
f 1237/2212/4664 1452/161/4664 1024/1734/4664
f 182/1828/4665 322/2390/4665 2330/856/4665
f 1495/463/4666 589/462/4666 1177/1574/4666
f 2250/1018/4667 1200/1556/4667 2537/1893/4667
f 689/32/4668 2070/2605/4668 1913/33/4668
f 1463/1168/4669 1324/2326/4669 416/1166/4669
f 579/552/4670 773/2353/4670 919/529/4670
f 2423/2004/4671 2202/2372/4671 81/2319/4671
f 1887/2624/4672 1878/2418/4672 1835/2626/4672
f 1314/2384/4673 270/232/4673 538/234/4673
f 1808/2018/4674 2101/1637/4674 2428/1055/4674
f 2215/2643/4675 1513/2596/4675 1976/2166/4675
f 2136/2412/4676 1358/1503/4676 1734/1187/4676
f 2439/485/4677 1680/2458/4677 618/1820/4677
f 561/2632/4678 1102/2545/4678 865/1903/4678
f 1367/1892/4679 2214/1555/4679 959/1159/4679
f 741/1616/4680 335/421/4680 2061/1813/4680
f 2563/1617/4681 741/1616/4681 2061/1813/4681
f 1337/453/4682 2335/1366/4682 2511/454/4682
f 1351/869/4683 1799/2063/4683 82/293/4683
f 2453/2455/4684 1117/2636/4684 147/2609/4684
f 1954/2484/4685 314/1622/4685 2226/106/4685
f 75/2453/4686 1861/2604/4686 83/345/4686
f 1234/1070/4687 1227/2367/4687 343/711/4687
f 2310/640/4688 1844/639/4688 1493/97/4688
f 865/1903/4689 1641/1931/4689 561/2632/4689
f 290/1043/4690 1231/1042/4690 1777/498/4690
f 1707/2083/4691 480/1792/4691 324/2619/4691
f 1421/606/4692 2379/1525/4692 730/1420/4692
f 1536/2610/4693 1484/1280/4693 2029/1640/4693
f 1563/1860/4694 1240/905/4694 1970/1861/4694
f 1243/531/4695 2139/2281/4695 655/1914/4695
f 946/9/4696 1964/8/4696 717/1911/4696
f 2201/141/4697 975/408/4697 657/1201/4697
f 1225/1326/4698 2154/1027/4698 1686/2344/4698
f 1373/1103/4699 1432/147/4699 1300/1448/4699
f 2167/2532/4700 1368/340/4700 1323/1839/4700
f 2362/1927/4701 561/2632/4701 1641/1931/4701
f 1472/2468/4702 1630/450/4702 681/2435/4702
f 1257/187/4703 87/2060/4703 1815/2107/4703
f 1669/1753/4704 643/950/4704 2158/2505/4704
f 903/1625/4705 762/769/4705 1974/768/4705
f 1002/1507/4706 1024/1734/4706 781/2341/4706
f 1437/2427/4707 1847/2247/4707 2209/1630/4707
f 584/1347/4708 475/1367/4708 2181/715/4708
f 1175/2635/4709 376/2645/4709 561/2632/4709
f 1785/62/4710 727/2593/4710 769/2612/4710
f 2510/2019/4711 2360/2117/4711 1536/2610/4711
f 1974/768/4712 985/1226/4712 1622/2574/4712
f 1481/2538/4713 667/542/4713 1400/2620/4713
f 1948/1554/4714 2250/1018/4714 683/1242/4714
f 188/735/4715 1273/2599/4715 1854/1254/4715
f 294/2339/4716 663/1190/4716 775/2340/4716
f 176/2251/4717 236/1082/4717 346/716/4717
f 999/575/4718 333/1407/4718 90/352/4718
f 2279/1519/4719 754/1745/4719 1693/648/4719
f 2453/2455/4720 147/2609/4720 1426/2531/4720
f 396/1017/4721 2350/1243/4721 2250/1018/4721
f 449/1714/4722 1140/1724/4722 1136/1715/4722
f 1224/285/4723 758/1357/4723 466/2460/4723
f 650/477/4724 156/603/4724 410/602/4724
f 1702/1073/4725 1744/963/4725 2147/622/4725
f 357/1277/4726 1021/2512/4726 131/1267/4726
f 1550/420/4727 1416/117/4727 2243/116/4727
f 1033/1733/4728 1592/401/4728 138/400/4728
f 726/586/4729 1411/2309/4729 2047/524/4729
f 1646/826/4730 1516/1731/4730 944/2039/4730
f 397/399/4731 2013/1307/4731 2468/1703/4731
f 1580/1730/4732 2108/403/4732 1516/1731/4732
f 2359/1796/4733 819/2289/4733 1982/1797/4733
f 964/1746/4734 2577/2391/4734 754/1745/4734
f 2574/2200/4735 1337/453/4735 271/2429/4735
f 1407/367/4736 1420/1700/4736 421/1701/4736
f 1168/2303/4737 1027/2292/4737 612/2238/4737
f 1480/2469/4738 1472/2468/4738 20/1389/4738
f 695/1045/4739 100/1656/4739 195/279/4739
f 1992/2364/4740 2057/920/4740 2578/922/4740
f 135/493/4741 806/413/4741 301/2618/4741
f 1802/1500/4742 1356/1318/4742 1582/1317/4742
f 1738/2190/4743 19/1814/4743 952/17/4743
f 1893/2276/4744 1509/1671/4744 1785/62/4744
f 2060/1775/4745 1585/1512/4745 2082/2494/4745
f 1321/2254/4746 1500/2613/4746 2467/1997/4746
f 1319/909/4747 2515/1451/4747 2364/405/4747
f 2321/2526/4748 1647/2133/4748 2507/2270/4748
f 2123/1287/4749 2110/2221/4749 610/2227/4749
f 1910/31/4750 451/1716/4750 2156/1580/4750
f 1316/1570/4751 2360/2117/4751 2275/1571/4751
f 60/1059/4752 2017/1032/4752 792/1057/4752
f 2017/1032/4753 60/1059/4753 1857/1336/4753
f 1259/2583/4754 1261/2578/4754 2131/760/4754
f 1865/2504/4755 364/2503/4755 527/2646/4755
f 180/2082/4756 951/2001/4756 2187/90/4756
f 1709/1066/4757 2021/2558/4757 2399/506/4757
f 1449/1510/4758 1221/2068/4758 1590/2466/4758
f 2136/2412/4759 2256/1266/4759 884/658/4759
f 38/925/4760 996/924/4760 2297/2360/4760
f 1092/2546/4761 1670/1325/4761 1821/1327/4761
f 2169/229/4762 1830/1567/4762 443/1324/4762
f 2398/523/4763 978/1864/4763 2216/521/4763
f 2514/2129/4764 467/1543/4764 1912/1540/4764
f 928/306/4765 202/190/4765 1523/189/4765
f 1944/2239/4766 1664/2486/4766 1782/2572/4766
f 332/1147/4767 2417/1146/4767 1014/1092/4767
f 86/796/4768 2382/798/4768 1453/2366/4768
f 1496/2377/4769 237/2113/4769 1191/1054/4769
f 1999/1636/4770 1718/1854/4770 647/2431/4770
f 2554/2160/4771 2257/1255/4771 2093/1600/4771
f 590/2330/4772 2373/2375/4772 1263/297/4772
f 809/956/4773 1452/161/4773 2358/1754/4773
f 1061/1686/4774 2404/777/4774 971/776/4774
f 666/2261/4775 1034/372/4775 1285/1281/4775
f 1838/1134/4776 414/1133/4776 1611/564/4776
f 1587/629/4777 1448/2014/4777 2297/2360/4777
f 2410/855/4778 807/1900/4778 1188/853/4778
f 644/814/4779 511/2395/4779 1767/2394/4779
f 1971/2499/4780 675/2478/4780 1372/2218/4780
f 614/1475/4781 2138/2094/4781 554/1473/4781
f 41/2180/4782 2543/2179/4782 1515/2181/4782
f 969/447/4783 883/994/4783 1783/1710/4783
f 923/2096/4784 1100/2097/4784 1390/243/4784
f 776/2206/4785 1064/2567/4785 2425/2207/4785
f 2532/101/4786 1967/100/4786 932/1196/4786
f 376/797/4787 2527/970/4787 2094/972/4787
f 47/1455/4788 1634/1691/4788 1379/1453/4788
f 1906/1995/4789 2112/2541/4789 1677/1360/4789
f 2486/1899/4790 155/1941/4790 1090/1163/4790
f 2051/2548/4791 1627/2034/4791 1228/2033/4791
f 674/2118/4792 1305/954/4792 696/1024/4792
f 129/2053/4793 347/1960/4793 285/1959/4793
f 1553/2192/4794 1929/1782/4794 757/1355/4794
f 2195/867/4795 2112/2541/4795 1840/2387/4795
f 451/1716/4796 1913/33/4796 1297/1717/4796
f 2069/1215/4797 1637/431/4797 280/302/4797
f 1580/1730/4798 746/828/4798 295/1470/4798
f 1235/2329/4799 1158/2154/4799 189/1905/4799
f 827/1663/4800 1046/2577/4800 1462/868/4800
f 1349/2153/4801 434/663/4801 1574/1120/4801
f 173/998/4802 2529/997/4802 1212/2203/4802
f 2051/2548/4803 1163/222/4803 1293/2524/4803
f 2521/1342/4804 2452/1343/4804 1082/1837/4804
f 1649/2602/4805 1328/1089/4805 782/819/4805
f 1212/2203/4806 2549/1524/4806 591/123/4806
f 555/1212/4807 887/179/4807 2328/181/4807
f 1652/509/4808 1945/1973/4808 1052/1194/4808
f 2343/1902/4809 749/2373/4809 829/1871/4809
f 864/1449/4810 482/2614/4810 105/1337/4810
f 1443/1319/4811 2458/1320/4811 2531/239/4811
f 1738/2190/4812 2097/2293/4812 19/1814/4812
f 837/1081/4813 1623/1080/4813 226/1423/4813
f 1741/1402/4814 20/1389/4814 2345/1400/4814
f 452/2454/4815 2064/1532/4815 1576/2573/4815
f 866/2383/4816 1867/1932/4816 211/2433/4816
f 1209/1193/4817 1455/1845/4817 1361/1250/4817
f 139/1039/4818 2206/451/4818 1985/1459/4818
f 755/30/4819 785/45/4819 2200/852/4819
f 993/665/4820 702/1945/4820 373/664/4820
f 2012/862/4821 1656/2285/4821 1598/863/4821
f 324/2619/4822 480/1792/4822 645/1794/4822
f 312/2461/4823 609/1065/4823 2155/1064/4823
f 319/300/4824 2483/2269/4824 184/666/4824
f 2116/303/4825 499/1306/4825 1774/813/4825
f 1116/1188/4826 497/1769/4826 70/1768/4826
f 2197/1537/4827 2506/660/4827 2079/662/4827
f 468/1374/4828 1411/2309/4828 726/586/4828
f 417/2543/4829 2470/1340/4829 1431/2323/4829
f 1943/704/4830 2412/1295/4830 507/2103/4830
f 658/2040/4831 2220/698/4831 133/1713/4831
f 1523/189/4832 1484/1280/4832 2292/527/4832
f 1640/881/4833 232/820/4833 1967/100/4833
f 1303/1891/4834 129/2053/4834 916/2052/4834
f 725/1975/4835 1133/1886/4835 1302/1441/4835
f 1512/2058/4836 429/29/4836 2411/2059/4836
f 1704/309/4837 1138/679/4837 81/2319/4837
f 1279/816/4838 542/1748/4838 1223/2448/4838
f 1082/1837/4839 2452/1343/4839 2497/2560/4839
f 2429/2487/4840 53/1401/4840 2525/1589/4840
f 2407/674/4841 2305/975/4841 1778/986/4841
f 2140/1139/4842 729/397/4842 1617/1916/4842
f 2191/193/4843 581/2550/4843 459/256/4843
f 2086/504/4844 2399/506/4844 1092/2546/4844
f 1848/6/4845 1591/5/4845 1458/2520/4845
f 2309/364/4846 379/2137/4846 18/1505/4846
f 2568/2210/4847 1241/1304/4847 1648/959/4847
f 1811/2507/4848 666/2261/4848 1150/52/4848
f 908/1534/4849 859/1598/4849 590/2330/4849
f 1496/2377/4850 1649/2602/4850 782/819/4850
f 1866/402/4851 1592/401/4851 857/2195/4851
f 2166/791/4852 431/1802/4852 943/792/4852
f 404/20/4853 1230/1394/4853 851/275/4853
f 2241/1623/4854 2166/791/4854 653/1624/4854
f 1702/1073/4855 493/365/4855 2449/1071/4855
f 1077/2225/4856 2159/1996/4856 1961/2226/4856
f 1439/646/4857 1302/1441/4857 1161/2141/4857
f 293/118/4858 124/1727/4858 927/1992/4858
f 1554/2351/4859 98/1807/4859 1805/1693/4859
f 1807/1620/4860 1292/1162/4860 119/2563/4860
f 1854/1254/4861 1740/661/4861 146/1253/4861
f 927/1992/4862 124/1727/4862 1991/2490/4862
f 232/820/4863 1640/881/4863 268/1800/4863
f 1938/746/4864 1245/652/4864 2465/2515/4864
f 2458/1320/4865 2090/829/4865 2489/1148/4865
f 778/1274/4866 71/1419/4866 1605/1275/4866
f 802/491/4867 439/2445/4867 1411/2309/4867
f 1203/246/4868 622/2308/4868 1035/1297/4868
f 1326/1795/4869 1982/1797/4869 153/1858/4869
f 1669/1753/4870 2158/2505/4870 1165/486/4870
f 514/2400/4871 1278/2611/4871 2415/999/4871
f 889/1077/4872 1747/1929/4872 795/1075/4872
f 1878/2418/4873 2575/1692/4873 858/2208/4873
f 460/2335/4874 1408/53/4874 1150/52/4874
f 1671/446/4875 187/448/4875 1275/534/4875
f 987/624/4876 966/706/4876 118/708/4876
f 1056/1988/4877 1073/2459/4877 331/2496/4877
f 1308/1498/4878 1319/909/4878 2364/405/4878
f 779/1479/4879 1398/1478/4879 882/2003/4879
f 2535/2616/4880 2222/2557/4880 19/1814/4880
f 1580/1730/4881 104/291/4881 2108/403/4881
f 1823/272/4882 594/1486/4882 1258/1870/4882
f 324/2619/4883 645/1794/4883 2130/2581/4883
f 696/1024/4884 1631/1233/4884 2528/444/4884
f 994/608/4885 759/609/4885 1333/1756/4885
f 1058/765/4886 1913/33/4886 2070/2605/4886
f 444/1609/4887 2006/1741/4887 1430/1610/4887
f 1278/2611/4888 1922/1977/4888 1520/1000/4888
f 819/2289/4889 962/1857/4889 1982/1797/4889
f 1183/801/4890 130/1214/4890 583/2338/4890
f 2181/715/4891 1447/1157/4891 44/1723/4891
f 22/2535/4892 1346/2608/4892 359/2603/4892
f 2435/2186/4893 925/2434/4893 368/132/4893
f 1173/2045/4894 571/865/4894 830/1943/4894
f 2488/389/4895 1683/2271/4895 2507/2270/4895
f 1346/2608/4896 1824/1460/4896 1480/2469/4896
f 172/2497/4897 1150/52/4897 977/2260/4897
f 1460/1806/4898 1403/2240/4898 2182/2230/4898
f 279/1004/4899 2576/967/4899 852/1005/4899
f 355/1137/4900 1030/774/4900 646/770/4900
f 1509/1671/4901 808/2231/4901 1785/62/4901
f 2313/476/4902 628/1561/4902 931/156/4902
f 80/2647/4903 1102/2591/4903 2094/972/4903
f 410/602/4904 1151/478/4904 650/477/4904
f 269/588/4905 710/496/4905 1322/2595/4905
f 2109/1523/4906 1728/2067/4906 252/766/4906
f 2274/2282/4907 1164/1310/4907 2582/2644/4907
f 1203/246/4908 2240/1461/4908 1261/2578/4908
f 1816/1834/4909 165/1836/4909 1896/2597/4909
f 550/1822/4910 549/1744/4910 86/796/4910
f 1854/1254/4911 1273/2599/4911 1064/2567/4911
f 2324/2204/4912 207/114/4912 2553/2228/4912
f 2180/1721/4913 2552/1358/4913 1464/1722/4913
f 271/2429/4914 2046/2568/4914 1728/2067/4914
f 1168/2303/4915 327/2259/4915 1507/2258/4915
f 2135/1003/4916 1902/354/4916 1336/2008/4916
f 1684/2397/4917 1700/2075/4917 1920/1090/4917
f 640/1872/4918 2106/79/4918 164/78/4918
f 1940/294/4919 2538/1300/4919 1963/2403/4919
f 1767/2394/4920 1590/2466/4920 1740/661/4920
f 1310/688/4921 634/2465/4921 1327/723/4921
f 1931/2092/4922 1757/2521/4922 956/242/4922
f 2094/972/4923 742/1980/4923 996/2415/4923
f 114/1053/4924 215/1056/4924 1504/1999/4924
f 562/1590/4925 2040/2130/4925 2361/1596/4925
f 1625/186/4926 141/1294/4926 296/1657/4926
f 355/1137/4927 762/769/4927 606/1135/4927
f 748/174/4928 588/1016/4928 660/1757/4928
f 798/44/4929 13/757/4929 59/2579/4929
f 2474/969/4930 1973/1014/4930 1533/513/4930
f 279/1004/4931 1336/2008/4931 97/850/4931
f 838/1035/4932 1872/1238/4932 1796/515/4932
f 666/2261/4933 1285/1281/4933 2007/2553/4933
f 672/871/4934 1320/331/4934 565/872/4934
f 1954/2484/4935 1156/2331/4935 314/1622/4935
f 1008/2073/4936 2287/191/4936 804/129/4936
f 1009/429/4937 2536/978/4937 719/430/4937
f 818/965/4938 1756/1230/4938 1614/195/4938
f 204/1149/4939 2238/1223/4939 2489/1148/4939
f 2196/619/4940 231/109/4940 1069/85/4940
f 2309/364/4941 2449/1071/4941 493/365/4941
f 1985/1459/4942 2206/451/4942 455/2467/4942
f 1008/2073/4943 804/129/4943 1549/178/4943
f 837/1081/4944 1229/1565/4944 286/99/4944
f 80/2647/4945 2094/972/4945 996/2415/4945
f 1361/1250/4946 2543/2179/4946 1441/2178/4946
f 2105/2452/4947 2451/1471/4947 2291/13/4947
f 2215/2643/4948 1180/2565/4948 1513/2596/4948
f 1032/2425/4949 462/327/4949 2487/983/4949
f 1390/243/4950 1100/2097/4950 2395/245/4950
f 631/669/4951 2524/703/4951 175/670/4951
f 2535/2616/4952 2557/1928/4952 2222/2557/4952
f 35/1759/4953 748/174/4953 528/176/4953
f 197/492/4954 806/413/4954 135/493/4954
f 2184/1918/4955 2485/2191/4955 2379/1525/4955
f 1488/173/4956 809/956/4956 2358/1754/4956
f 2083/1607/4957 1043/2321/4957 1817/1605/4957
f 596/811/4958 1179/213/4958 1348/2028/4958
f 1180/2648/4959 1839/1763/4959 1486/2079/4959
f 219/676/4960 310/675/4960 1658/2506/4960
f 1715/1010/4961 6/589/4961 1639/2294/4961
f 506/2244/4962 2002/73/4962 1820/982/4962
f 1093/614/4963 1365/1154/4963 756/2385/4963
f 1584/2414/4964 1542/2365/4964 2192/987/4964
f 1112/1719/4965 2039/979/4965 1883/2622/4965
f 819/2289/4966 440/391/4966 962/1857/4966
f 2541/15/4967 316/1029/4967 2556/2324/4967
f 1141/1690/4968 2460/1708/4968 1634/1691/4968
f 1899/2197/4969 654/1976/4969 78/249/4969
f 1620/2444/4970 1106/873/4970 870/138/4970
f 1195/56/4971 2164/2342/4971 1201/1884/4971
f 1438/2481/4972 112/1109/4972 1584/2414/4972
f 1486/2079/4973 813/2542/4973 1846/384/4973
f 1436/2090/4974 895/2349/4974 1181/1165/4974
f 1055/596/4975 8/1953/4975 2370/2442/4975
f 1504/1999/4976 2078/1429/4976 204/1149/4976
f 2171/1904/4977 1720/2183/4977 1079/2184/4977
f 92/2456/4978 2453/2455/4978 2409/2530/4978
f 1829/1644/4979 965/1788/4979 1745/1653/4979
f 1328/1089/4980 1649/2602/4980 1491/1087/4980
f 2407/674/4981 1825/1568/4981 2245/672/4981
f 2005/563/4982 1238/1034/4982 991/1037/4982
f 1826/1237/4983 182/1828/4983 1393/214/4983
f 1145/10/4984 170/613/4984 2268/217/4984
f 1326/1795/4985 48/2316/4985 2359/1796/4985
f 2530/1991/4986 1831/689/4986 1994/691/4986
f 600/891/4987 2312/145/4987 1266/2069/4987
f 930/1225/4988 1269/1488/4988 2052/1487/4988
f 1201/1884/4989 2164/2342/4989 519/1863/4989
f 1761/1762/4990 1535/1761/4990 1642/2463/4990
f 1233/1849/4991 735/1819/4991 1751/1489/4991
f 2515/1451/4992 1316/1570/4992 2364/405/4992
f 1202/468/4993 1408/53/4993 460/2335/4993
f 2372/1377/4994 2293/2236/4994 49/1378/4994
f 313/258/4995 229/1497/4995 1675/2582/4995
f 2042/1751/4996 1525/2509/4996 1895/1434/4996
f 2258/530/4997 2119/894/4997 1230/1394/4997
f 1123/2064/4998 2019/2125/4998 2245/672/4998
f 554/1473/4999 2566/2248/4999 1760/1474/4999
f 1246/937/5000 2447/1587/5000 638/1586/5000
f 63/1897/5001 1284/2318/5001 2528/444/5001
f 1693/648/5002 828/1866/5002 2329/1875/5002
f 287/2193/5003 1477/474/5003 2313/476/5003
f 2482/1676/5004 1482/1597/5004 1271/1348/5004
f 231/109/5005 643/950/5005 611/108/5005
f 2218/1901/5006 2410/855/5006 698/1670/5006
f 2020/1584/5007 1660/1113/5007 1306/1115/5007
f 2577/2391/5008 2286/1372/5008 468/1374/5008
f 2306/1805/5009 2331/2430/5009 1376/2315/5009
f 582/752/5010 1705/1175/5010 79/1177/5010
f 2066/1480/5011 2339/216/5011 166/250/5011
f 1554/2351/5012 67/1224/5012 204/1149/5012
f 1762/2359/5013 2445/1118/5013 372/1779/5013
f 304/142/5014 103/839/5014 2542/1477/5014
f 996/2415/5015 1325/1981/5015 422/1673/5015
f 866/2383/5016 211/2433/5016 581/2550/5016
f 195/279/5017 1124/175/5017 695/1045/5017
f 891/1262/5018 75/2453/5018 2223/2549/5018
f 1508/1279/5019 846/1847/5019 2029/1640/5019
f 914/1345/5020 1820/982/5020 462/327/5020
f 2322/1930/5021 1747/1929/5021 889/1077/5021
f 2149/1868/5022 2098/1308/5022 1845/1964/5022
f 1473/57/5023 718/1737/5023 1386/58/5023
f 1963/2403/5024 2121/295/5024 1940/294/5024
f 539/160/5025 743/159/5025 750/907/5025
f 138/400/5026 1866/402/5026 1329/1651/5026
f 2215/2643/5027 1678/1856/5027 1697/1125/5027
f 1176/2002/5028 501/2411/5028 1822/77/5028
f 373/664/5029 2013/1307/5029 684/417/5029
f 506/2244/5030 914/1345/5030 2102/2277/5030
f 2221/2006/5031 1529/95/5031 400/2037/5031
f 1619/1052/5032 65/831/5032 1192/830/5032
f 1064/2567/5033 1273/2599/5033 832/2566/5033
f 1081/177/5034 613/964/5034 1269/1488/5034
f 1784/1668/5035 2107/1939/5035 483/1749/5035
f 976/2146/5036 2085/1191/5036 1290/1467/5036
f 620/475/5037 628/1561/5037 2313/476/5037
f 721/718/5038 639/1236/5038 346/716/5038
f 1993/2194/5039 635/1260/5039 2446/329/5039
f 1421/606/5040 730/1420/5040 784/607/5040
f 2422/98/5041 537/2585/5041 241/2320/5041
f 924/1246/5042 2580/728/5042 1459/932/5042
f 1660/1113/5043 1298/2111/5043 1599/1114/5043
f 69/597/5044 1055/596/5044 1811/2507/5044
f 1953/89/5045 2269/88/5045 1204/2152/5045
f 2505/1247/5046 1317/1239/5046 1748/1241/5046
f 2299/570/5047 2569/569/5047 203/1107/5047
f 21/733/5048 1847/2247/5048 1437/2427/5048
f 999/575/5049 557/434/5049 1039/200/5049
f 188/735/5050 1283/1634/5050 1273/2599/5050
f 460/2335/5051 1150/52/5051 172/2497/5051
f 926/2439/5052 2139/2281/5052 2280/2164/5052
f 1092/2546/5053 1949/1933/5053 1670/1325/5053
f 1016/2601/5054 1701/2355/5054 1731/2380/5054
f 1616/1955/5055 362/1457/5055 169/2198/5055
f 2531/239/5056 2458/1320/5056 2148/240/5056
f 2580/728/5057 1121/730/5057 1459/932/5057
f 1413/127/5058 2564/1990/5058 2530/1991/5058
f 2270/320/5059 394/554/5059 1088/693/5059
f 2423/2004/5060 941/876/5060 1108/484/5060
f 769/2612/5061 512/60/5061 1785/62/5061
f 1251/1370/5062 324/2619/5062 2130/2581/5062
f 1656/2285/5063 1057/1923/5063 1598/863/5063
f 1279/816/5064 1223/2448/5064 2406/2592/5064
f 2120/1965/5065 1434/1216/5065 1334/2098/5065
f 714/1130/5066 2454/1129/5066 823/1265/5066
f 518/712/5067 1199/2295/5067 1157/1742/5067
f 2504/349/5068 1441/2178/5068 2553/2228/5068
f 2164/2342/5069 2427/2078/5069 2471/414/5069
f 940/1704/5070 2473/1393/5070 397/399/5070
f 2526/228/5071 2210/553/5071 351/353/5071
f 79/1177/5072 1729/1867/5072 1219/587/5072
f 1811/2507/5073 1034/372/5073 666/2261/5073
f 2135/1003/5074 2338/1007/5074 2273/226/5074
f 2178/2112/5075 1612/2170/5075 2237/2169/5075
f 181/2148/5076 1914/2150/5076 2578/922/5076
f 1701/2355/5077 2495/2356/5077 1525/2509/5077
f 1859/1119/5078 1749/1282/5078 1574/1120/5078
f 2208/2042/5079 1096/1150/5079 1358/1503/5079
f 2323/2149/5080 13/757/5080 1914/2150/5080
f 2386/107/5081 2475/2135/5081 2353/105/5081
f 941/876/5082 2161/2005/5082 98/1807/5082
f 2039/979/5083 610/2227/5083 2567/151/5083
f 1728/2067/5084 2046/2568/5084 252/766/5084
f 413/1199/5085 1533/513/5085 1872/1238/5085
f 1830/1567/5086 2020/1584/5086 443/1324/5086
f 1099/1444/5087 756/2385/5087 1321/2254/5087
f 2330/856/5088 929/858/5088 1281/2016/5088
f 633/851/5089 398/2009/5089 617/1030/5089
f 1402/1685/5090 297/343/5090 2054/929/5090
f 1863/81/5091 1226/1303/5091 2322/1930/5091
f 2478/1020/5092 1129/1022/5092 1941/2127/5092
f 2248/1160/5093 1653/2607/5093 447/1161/5093
f 2215/2643/5094 1976/2166/5094 1678/1856/5094
f 954/800/5095 2478/1020/5095 1637/431/5095
f 1818/241/5096 393/244/5096 956/242/5096
f 1135/2177/5097 1597/1909/5097 2481/2172/5097
f 53/1401/5098 2345/1400/5098 2248/1160/5098
f 2053/1894/5099 977/2260/5099 1772/2199/5099
f 1173/2045/5100 830/1943/5100 575/638/5100
f 1777/498/5101 537/2585/5101 2422/98/5101
f 1692/667/5102 1742/2065/5102 294/2339/5102
f 625/63/5103 2213/827/5103 2572/64/5103
f 1782/2572/5104 2500/24/5104 562/1590/5104
f 1762/2359/5105 372/1779/5105 371/2552/5105
f 1906/1995/5106 1077/2225/5106 1600/2416/5106
f 2138/2094/5107 681/2435/5107 554/1473/5107
f 2140/1139/5108 550/1822/5108 86/796/5108
f 94/2155/5109 2123/1287/5109 1798/1937/5109
f 1097/2017/5110 536/1665/5110 1808/2018/5110
f 2133/2510/5111 1239/2640/5111 1849/2077/5111
f 776/2206/5112 1338/1466/5112 512/60/5112
f 1610/1522/5113 1885/1521/5113 1078/428/5113
f 232/820/5114 268/1800/5114 825/821/5114
f 2306/1805/5115 1376/2315/5115 1664/2486/5115
f 482/2614/5116 165/1836/5116 470/1809/5116
f 2424/2464/5117 2224/1672/5117 1509/1671/5117
f 1110/269/5118 1521/271/5118 143/1101/5118
f 2418/267/5119 771/266/5119 306/599/5119
f 129/2053/5120 791/2126/5120 505/1414/5120
f 260/2101/5121 2381/590/5121 853/419/5121
f 1696/737/5122 47/1455/5122 736/738/5122
f 1180/2648/5123 1486/2079/5123 1884/2649/5123
f 130/1214/5124 46/668/5124 1692/667/5124
f 896/375/5125 1997/968/5125 260/2101/5125
f 2285/1956/5126 1258/1870/5126 594/1486/5126
f 1750/2470/5127 888/1707/5127 763/2401/5127
f 2005/563/5128 1007/2540/5128 1238/1034/5128
f 1399/1076/5129 417/2543/5129 1863/81/5129
f 2562/2392/5130 1258/1870/5130 2285/1956/5130
f 930/1225/5131 619/1810/5131 1269/1488/5131
f 1822/77/5132 501/2411/5132 693/75/5132
f 1326/1795/5133 2321/2526/5133 2455/2317/5133
f 1257/187/5134 1815/2107/5134 2267/264/5134
f 1314/2384/5135 616/714/5135 1881/1711/5135
f 2543/2179/5136 1014/1092/5136 1743/2523/5136
f 1914/2150/5137 1288/756/5137 417/2543/5137
f 733/347/5138 1243/531/5138 867/1593/5138
f 998/149/5139 1388/918/5139 1771/150/5139
f 1085/2561/5140 219/676/5140 1658/2506/5140
f 1409/2358/5141 1772/2199/5141 2445/1118/5141
f 825/821/5142 1858/1942/5142 2126/1618/5142
f 894/775/5143 1105/741/5143 1773/1811/5143
f 1622/2574/5144 123/1332/5144 1397/1626/5144
f 85/206/5145 1060/1362/5145 437/1559/5145
f 373/664/5146 2468/1703/5146 2013/1307/5146
f 289/198/5147 1245/1431/5147 1495/463/5147
f 309/540/5148 1332/1859/5148 1773/1811/5148
f 2381/590/5149 1997/968/5149 1347/591/5149
f 1952/1865/5150 1573/1881/5150 419/1641/5150
f 2138/2094/5151 2444/557/5151 2248/1160/5151
f 1798/1937/5152 431/2476/5152 367/2156/5152
f 1546/2266/5153 811/627/5153 1113/628/5153
f 747/103/5154 1813/692/5154 1733/1760/5154
f 1223/2448/5155 2041/2508/5155 2406/2592/5155
f 2180/1721/5156 1070/1038/5156 2048/1750/5156
f 1385/2080/5157 494/1399/5157 89/725/5157
f 432/1376/5158 1496/2377/5158 1191/1054/5158
f 546/1726/5159 1992/2364/5159 795/1075/5159
f 902/953/5160 2018/1852/5160 109/1662/5160
f 1074/423/5161 872/1513/5161 399/183/5161
f 1601/483/5162 2428/1055/5162 2101/1637/5162
f 922/949/5163 860/928/5163 1736/194/5163
f 103/839/5164 315/1840/5164 2542/1477/5164
